CREATE DATABASE  IF NOT EXISTS `PlannerData` /*!40100 DEFAULT CHARACTER SET latin1 */;
USE `PlannerData`;
-- MySQL dump 10.13  Distrib 5.7.12, for osx10.9 (x86_64)
--
-- Host:     Database: PlannerData
-- ------------------------------------------------------
-- Server version	5.6.33-cll-lve

/*!40101 SET @OLD_CHARACTER_SET_CLIENT=@@CHARACTER_SET_CLIENT */;
/*!40101 SET @OLD_CHARACTER_SET_RESULTS=@@CHARACTER_SET_RESULTS */;
/*!40101 SET @OLD_COLLATION_CONNECTION=@@COLLATION_CONNECTION */;
/*!40101 SET NAMES utf8 */;
/*!40103 SET @OLD_TIME_ZONE=@@TIME_ZONE */;
/*!40103 SET TIME_ZONE='+00:00' */;
/*!40014 SET @OLD_UNIQUE_CHECKS=@@UNIQUE_CHECKS, UNIQUE_CHECKS=0 */;
/*!40014 SET @OLD_FOREIGN_KEY_CHECKS=@@FOREIGN_KEY_CHECKS, FOREIGN_KEY_CHECKS=0 */;
/*!40101 SET @OLD_SQL_MODE=@@SQL_MODE, SQL_MODE='NO_AUTO_VALUE_ON_ZERO' */;
/*!40111 SET @OLD_SQL_NOTES=@@SQL_NOTES, SQL_NOTES=0 */;

--
-- Table structure for table `Budget`
--

DROP TABLE IF EXISTS `Budget`;
/*!40101 SET @saved_cs_client     = @@character_set_client */;
/*!40101 SET character_set_client = utf8 */;
CREATE TABLE `Budget` (
  `BudgetID` int(10) NOT NULL AUTO_INCREMENT,
  `BudgetNumber` int(10) DEFAULT NULL,
  `BudgetMonth` datetime DEFAULT NULL,
  `CreateDT` datetime DEFAULT NULL,
  `CreateBy` varchar(100) DEFAULT NULL,
  `ModifyDT` datetime DEFAULT NULL,
  `ModifyBy` varchar(100) DEFAULT NULL,
  `ActiveFlg` int(1) DEFAULT '1',
  PRIMARY KEY (`BudgetID`)
) ENGINE=MyISAM AUTO_INCREMENT=90 DEFAULT CHARSET=latin1;
/*!40101 SET character_set_client = @saved_cs_client */;

--
-- Dumping data for table `Budget`
--

LOCK TABLES `Budget` WRITE;
/*!40000 ALTER TABLE `Budget` DISABLE KEYS */;
INSERT INTO `Budget` VALUES (1,201611,'2016-11-01 00:00:00','2016-11-25 17:18:00',NULL,NULL,NULL,1),(2,201612,'2016-12-01 00:00:00','2016-11-30 19:13:56',NULL,NULL,NULL,1),(41,201702,'2017-02-01 00:00:00','2017-01-30 20:19:30',NULL,NULL,NULL,1),(40,201701,'2017-01-01 00:00:00','2016-12-31 09:53:05',NULL,NULL,NULL,1),(39,201604,'2016-04-01 00:00:00','2016-12-01 22:21:11',NULL,NULL,NULL,1),(38,201605,'2016-05-01 00:00:00','2016-12-01 22:18:14',NULL,NULL,NULL,1),(37,201606,'2016-06-01 00:00:00','2016-12-01 22:14:21',NULL,NULL,NULL,1),(36,201607,'2016-07-01 00:00:00','2016-12-01 22:09:05',NULL,NULL,NULL,1),(35,201608,'2016-08-01 00:00:00','2016-12-01 22:05:17',NULL,NULL,NULL,1),(34,201609,'2016-09-01 00:00:00','2016-12-01 22:00:59',NULL,NULL,NULL,1),(33,201610,'2016-10-01 00:00:00','2016-12-01 21:54:56',NULL,NULL,NULL,1),(46,201703,'2017-03-01 00:00:00','2017-03-01 20:28:55',NULL,NULL,NULL,1),(89,201704,'2017-04-01 00:00:00','2017-03-28 19:24:48','User',NULL,NULL,1);
/*!40000 ALTER TABLE `Budget` ENABLE KEYS */;
UNLOCK TABLES;

--
-- Table structure for table `BudgetCategory`
--

DROP TABLE IF EXISTS `BudgetCategory`;
/*!40101 SET @saved_cs_client     = @@character_set_client */;
/*!40101 SET character_set_client = utf8 */;
CREATE TABLE `BudgetCategory` (
  `BudgetCategoryID` int(10) NOT NULL AUTO_INCREMENT,
  `BudgetGroupID` int(10) DEFAULT NULL,
  `FundID` int(10) DEFAULT NULL,
  `BudgetCategory` varchar(100) DEFAULT NULL,
  `Description` varchar(1000) DEFAULT NULL,
  `Note` varchar(1000) DEFAULT NULL,
  `IsEssential` int(1) DEFAULT NULL,
  `HasSpotlight` int(1) DEFAULT NULL,
  `ColorHighlight` varchar(100) DEFAULT NULL,
  `Sort` int(3) DEFAULT NULL,
  `CreateDT` datetime DEFAULT NULL,
  `CreateBy` varchar(100) DEFAULT NULL,
  `ModifyDT` datetime DEFAULT NULL,
  `ModifyBy` varchar(100) DEFAULT NULL,
  `ActiveFlg` int(1) DEFAULT '1',
  PRIMARY KEY (`BudgetCategoryID`)
) ENGINE=MyISAM AUTO_INCREMENT=52 DEFAULT CHARSET=latin1;
/*!40101 SET character_set_client = @saved_cs_client */;

--
-- Dumping data for table `BudgetCategory`
--

LOCK TABLES `BudgetCategory` WRITE;
/*!40000 ALTER TABLE `BudgetCategory` DISABLE KEYS */;
INSERT INTO `BudgetCategory` VALUES (1,1,NULL,'Giving',NULL,'Pay bi-weekly',0,0,'#2ecc71',NULL,'2016-12-01 20:54:54',NULL,NULL,NULL,1),(2,1,NULL,'Vanguard IRA','','Autopayed bi-weekly',0,0,'#839192',NULL,'2016-12-01 20:54:54',NULL,'2017-03-23 08:53:01','User',1),(3,1,1,'Emergencies',NULL,'Savings fund, Autopayed bi-weekly',0,1,'#e74c3c',NULL,'2016-12-01 20:54:54',NULL,NULL,NULL,1),(4,1,2,'Car Replacement','','Savings fund, Payed bi-weekly',0,1,'#3498db',NULL,'2016-12-01 20:54:54',NULL,'2017-03-29 07:01:54','User',1),(5,1,3,'Travel',NULL,'Savings fund, Autopayed bi-weekly',0,1,'#006442',NULL,'2016-12-01 20:54:54',NULL,NULL,NULL,1),(6,1,4,'Christmas',NULL,'Savings fund, Autopayed bi-weekly',0,1,'#e74c3c',NULL,'2016-12-01 20:54:54',NULL,NULL,NULL,1),(7,2,NULL,'Mortgage','','Pay on 10th',1,0,'#34495e',NULL,'2016-12-01 20:54:54',NULL,'2017-03-18 20:16:28','User',1),(8,2,NULL,'Home Owners Fee','','Pay on 1st',1,0,'#006442',NULL,'2016-12-01 20:54:54',NULL,'2017-03-19 13:36:18','User',1),(9,2,NULL,'Home Insurance','','Autopayed on 5th',1,0,NULL,NULL,'2016-12-01 20:54:54',NULL,'2017-03-19 15:05:13','User',1),(10,3,NULL,'LG&E',NULL,'Pay on 25th',1,0,'#5e4fa2',NULL,'2016-12-01 20:54:54',NULL,NULL,NULL,1),(11,3,NULL,'Cell Phone','','Pay on 5th',1,0,'#9b59b6',NULL,'2016-12-01 20:54:54',NULL,'2017-03-28 20:18:04','User',1),(12,3,NULL,'Internet',NULL,'Pay on 1st',0,0,'#66c2a5',NULL,'2016-12-01 20:54:54',NULL,NULL,NULL,1),(13,3,NULL,'Hulu Plus','','Autopayed on 14th',0,0,'#abdda4',NULL,'2016-12-01 20:54:54',NULL,'2017-03-31 08:24:41','User',1),(14,3,NULL,'Netflix',NULL,'Autopayed on 23rd',0,0,'#2c3e50',NULL,'2016-12-01 20:54:54',NULL,NULL,NULL,1),(15,4,NULL,'Medical',NULL,'-',0,0,'#8e44ad',NULL,'2016-12-01 20:54:54',NULL,NULL,NULL,1),(16,6,NULL,'Grocery','','Variable expense, A guideline',1,1,'#2eccc0',NULL,'2016-12-01 20:54:54',NULL,'2017-03-28 20:29:03','User',1),(17,5,NULL,'Gas','','Variable expense, A guideline',1,1,'#95a5a6',NULL,'2016-12-01 20:54:54',NULL,'2017-03-19 09:07:15','User',1),(18,5,NULL,'Car Insurance','','Autopayed on 5th',1,0,'#0f3cf1',NULL,'2016-12-01 20:54:54',NULL,'2017-03-28 20:27:27','User',1),(19,5,NULL,'AAA','','Yearly on April 18th (Autopayed)',0,0,'#9b59b6',NULL,'2016-12-01 20:54:54',NULL,'2017-03-18 20:30:00','User',1),(20,5,NULL,'Car Registration','','Yearly on April 1st',1,0,'#2eccc0',NULL,'2016-12-01 20:54:54',NULL,'2017-03-18 20:25:32','User',1),(21,6,NULL,'Needs','Examples include hygiene, toiletries, home care, cleaning supplies, yard care, pet expenses, school supplies, office supplies, shipping, legal fees, and legal services','Variable expense, A guideline',1,1,'#76FF03',NULL,'2016-12-01 20:54:54',NULL,'2017-03-28 20:36:37','User',1),(22,6,NULL,'Wants','Examples include nice-to-haves, events, outings, special purchases, fun, breakfast, lunch, and snacks','Variable expense, A guideline',0,1,'#f1c40f',NULL,'2016-12-01 20:54:54',NULL,'2017-03-28 20:37:10','User',1),(23,6,NULL,'Gifts','','Variable expense, A guideline',0,1,'#616a6b',NULL,'2016-12-01 20:54:54',NULL,'2017-03-28 19:30:24','User',1),(24,6,NULL,'Eat Out','Examples include dinner and desert','Variable expense, A guideline',0,1,'#795548',NULL,'2016-12-01 20:54:54',NULL,'2017-03-28 19:53:59','User',1),(25,6,NULL,'WAM','','Cash Withdrawal bi-weekly',1,1,'#E68364',NULL,'2016-12-01 20:54:54',NULL,'2017-03-19 09:06:54','User',1),(26,7,NULL,'Credit Cards',NULL,'-',0,0,'#ffffb3',NULL,'2016-12-01 20:54:54',NULL,NULL,NULL,1),(27,7,NULL,'FedLoan',NULL,'Pay on 25th',0,0,'#0f3cf1',NULL,'2016-12-01 20:54:54',NULL,NULL,NULL,1),(28,7,NULL,'AES',NULL,'-',0,0,'#cc712e',NULL,'2016-12-01 20:54:54',NULL,NULL,NULL,1),(29,8,NULL,'Income',NULL,'Sources of income',0,0,'#fb8072',NULL,'2016-12-01 20:54:54',NULL,NULL,NULL,1),(30,1,NULL,'Career',NULL,'Savings fund, Pay monthly',0,0,'#bebada',NULL,'2016-12-01 20:54:54',NULL,NULL,NULL,1),(31,1,5,'School',NULL,'Savings fund, Pay monthly',0,0,'#b3de69',NULL,'2016-12-01 20:54:54',NULL,NULL,NULL,1),(32,1,NULL,'World Vision',NULL,'',0,0,'#8dd3c7',NULL,'2016-12-01 20:54:54',NULL,NULL,NULL,1),(33,2,NULL,'Storage Unit','','Autopayed on 11th',1,0,'#cc712e',NULL,NULL,'User','2017-03-28 20:16:19','User',1),(49,3,NULL,'Amazon Prime','','Yearly on January 5th (Autopayed)',0,0,NULL,NULL,'2017-03-28 19:59:08','User','2017-03-29 07:06:19','User',1),(48,3,NULL,'GoDaddy','','Yearly on December 21st (Autopayed)',1,0,NULL,NULL,'2017-03-28 19:58:12','User','2017-03-29 07:07:47','User',1),(46,1,15,'Car Repair','','Savings fund, Payed bi-weekly',1,1,NULL,NULL,'2017-03-28 19:50:51','User','2017-03-29 07:02:04','User',1),(47,3,NULL,'MLB TV','','Yearly on March 1st (Autopayed)',0,0,NULL,NULL,'2017-03-28 19:52:28','User','2017-03-29 07:08:53','User',1),(50,6,NULL,'Clothes','','Variable expense, A guideline',1,1,NULL,NULL,'2017-03-28 20:02:09','User','2017-03-29 07:00:37','User',1),(51,1,NULL,'Life Insurance','','',1,0,NULL,NULL,'2017-03-28 20:03:56','User',NULL,NULL,1);
/*!40000 ALTER TABLE `BudgetCategory` ENABLE KEYS */;
UNLOCK TABLES;

--
-- Table structure for table `BudgetGroup`
--

DROP TABLE IF EXISTS `BudgetGroup`;
/*!40101 SET @saved_cs_client     = @@character_set_client */;
/*!40101 SET character_set_client = utf8 */;
CREATE TABLE `BudgetGroup` (
  `BudgetGroupID` int(10) NOT NULL AUTO_INCREMENT,
  `BudgetGroup` varchar(100) DEFAULT NULL,
  `Sort` int(3) DEFAULT NULL,
  `CreateDT` datetime DEFAULT NULL,
  `CreateBy` varchar(100) DEFAULT NULL,
  `ModifyDT` datetime DEFAULT NULL,
  `ModifyBy` varchar(100) DEFAULT NULL,
  `ActiveFlg` int(1) DEFAULT '1',
  PRIMARY KEY (`BudgetGroupID`)
) ENGINE=MyISAM AUTO_INCREMENT=21 DEFAULT CHARSET=latin1;
/*!40101 SET character_set_client = @saved_cs_client */;

--
-- Dumping data for table `BudgetGroup`
--

LOCK TABLES `BudgetGroup` WRITE;
/*!40000 ALTER TABLE `BudgetGroup` DISABLE KEYS */;
INSERT INTO `BudgetGroup` VALUES (1,'Strategic',NULL,'2016-11-25 17:17:53',NULL,'2017-03-29 07:02:04','User',1),(2,'Housing',NULL,'2016-11-25 17:17:53',NULL,'2017-03-28 20:16:19','User',1),(3,'Utilities',NULL,'2016-11-25 17:17:53',NULL,'2017-03-31 08:24:41','User',1),(4,'Health',NULL,'2016-11-25 17:17:53',NULL,NULL,NULL,1),(5,'Transportation',NULL,'2016-11-25 17:17:53',NULL,'2017-03-28 20:27:27','User',1),(6,'Personal',NULL,'2016-11-25 17:17:53',NULL,'2017-03-29 07:00:37','User',1),(7,'Debt',NULL,'2016-11-25 17:17:53',NULL,NULL,NULL,1),(8,'Income',NULL,'2016-11-25 17:17:53',NULL,NULL,NULL,1);
/*!40000 ALTER TABLE `BudgetGroup` ENABLE KEYS */;
UNLOCK TABLES;

--
-- Table structure for table `BudgetIncome`
--

DROP TABLE IF EXISTS `BudgetIncome`;
/*!40101 SET @saved_cs_client     = @@character_set_client */;
/*!40101 SET character_set_client = utf8 */;
CREATE TABLE `BudgetIncome` (
  `BudgetIncomeID` int(10) NOT NULL AUTO_INCREMENT,
  `BudgetNumber` varchar(100) DEFAULT NULL,
  `IncomeName` varchar(100) DEFAULT NULL,
  `IncomeTypeID` int(10) DEFAULT NULL,
  `IncomeType` varchar(100) DEFAULT NULL,
  `PayCycleID` int(10) DEFAULT NULL,
  `PayCycle` varchar(100) DEFAULT NULL,
  `TakeHomePay` decimal(10,4) DEFAULT NULL,
  `HourlyRate` decimal(10,4) DEFAULT NULL,
  `PlannedHours` int(10) DEFAULT NULL,
  `Salary` decimal(10,4) DEFAULT NULL,
  `YearDeduct` decimal(10,4) DEFAULT NULL,
  `Sort` int(3) DEFAULT NULL,
  `CreateDT` datetime DEFAULT NULL,
  `CreateBy` varchar(100) DEFAULT NULL,
  `ModifyDT` datetime DEFAULT NULL,
  `ModifyBy` varchar(100) DEFAULT NULL,
  `ActiveFlg` int(1) DEFAULT '1',
  PRIMARY KEY (`BudgetIncomeID`)
) ENGINE=MyISAM AUTO_INCREMENT=83 DEFAULT CHARSET=latin1;
/*!40101 SET character_set_client = @saved_cs_client */;

--
-- Dumping data for table `BudgetIncome`
--

LOCK TABLES `BudgetIncome` WRITE;
/*!40000 ALTER TABLE `BudgetIncome` DISABLE KEYS */;
INSERT INTO `BudgetIncome` VALUES (1,'201703','Atria Senior Living',1,'Salary',1,'Bi-Weekly',2186.0000,40.8800,40,85035.0000,33.1600,NULL,'2017-03-16 13:44:07','User',NULL,NULL,1),(2,'201703','Vertis Therapy',2,'Hourly',1,'Bi-Weekly',1126.0000,24.0000,34,42432.0000,31.0000,NULL,'2017-03-16 13:44:07','User',NULL,NULL,1),(82,'201704','Vertis Therapy',2,'Hourly',1,'Bi-Weekly',1126.0000,24.0000,34,42432.0000,31.0000,NULL,'2017-03-28 19:24:48','User',NULL,NULL,1),(81,'201704','Atria Senior Living',1,'Salary',1,'Bi-Weekly',2186.0000,40.8800,40,85035.0000,33.1600,NULL,'2017-03-28 19:24:48','User',NULL,NULL,1);
/*!40000 ALTER TABLE `BudgetIncome` ENABLE KEYS */;
UNLOCK TABLES;

--
-- Table structure for table `BudgetItem`
--

DROP TABLE IF EXISTS `BudgetItem`;
/*!40101 SET @saved_cs_client     = @@character_set_client */;
/*!40101 SET character_set_client = utf8 */;
CREATE TABLE `BudgetItem` (
  `BudgetItemID` int(10) NOT NULL AUTO_INCREMENT,
  `BudgetNumber` int(10) DEFAULT NULL,
  `BudgetCategoryID` int(10) DEFAULT NULL,
  `BudgetTypeID` int(10) DEFAULT NULL,
  `Amount` decimal(10,4) DEFAULT NULL,
  `Sort` int(3) DEFAULT NULL,
  `CreateDT` datetime DEFAULT NULL,
  `CreateBy` varchar(100) DEFAULT NULL,
  `ModifyDT` datetime DEFAULT NULL,
  `ModifyBy` varchar(100) DEFAULT NULL,
  `ActiveFlg` int(1) DEFAULT '1',
  PRIMARY KEY (`BudgetItemID`)
) ENGINE=MyISAM AUTO_INCREMENT=1609 DEFAULT CHARSET=latin1;
/*!40101 SET character_set_client = @saved_cs_client */;

--
-- Dumping data for table `BudgetItem`
--

LOCK TABLES `BudgetItem` WRITE;
/*!40000 ALTER TABLE `BudgetItem` DISABLE KEYS */;
INSERT INTO `BudgetItem` VALUES (1,201611,29,1,7070.0000,NULL,'2016-11-25 17:18:00',NULL,NULL,NULL,1),(2,201611,1,2,707.0000,NULL,'2016-11-25 17:18:00',NULL,NULL,NULL,1),(3,201611,2,2,86.0000,NULL,'2016-11-25 17:18:00',NULL,NULL,NULL,1),(4,201611,3,2,2398.0000,NULL,'2016-11-25 17:18:00',NULL,NULL,NULL,1),(5,201611,4,2,0.0000,NULL,'2016-11-25 17:18:00',NULL,NULL,NULL,1),(6,201611,5,2,600.0000,NULL,'2016-11-25 17:18:00',NULL,NULL,NULL,1),(7,201611,6,2,0.0000,NULL,'2016-11-25 17:18:00',NULL,NULL,NULL,1),(8,201611,30,2,0.0000,NULL,'2016-11-25 17:18:00',NULL,NULL,NULL,1),(9,201611,7,2,713.0000,NULL,'2016-11-25 17:18:00',NULL,NULL,NULL,1),(10,201611,8,2,131.0000,NULL,'2016-11-25 17:18:00',NULL,NULL,NULL,1),(11,201611,9,2,24.0000,NULL,'2016-11-25 17:18:00',NULL,NULL,NULL,1),(12,201611,10,2,90.0000,NULL,'2016-11-25 17:18:00',NULL,NULL,NULL,1),(13,201611,11,2,220.0000,NULL,'2016-11-25 17:18:00',NULL,NULL,NULL,1),(14,201611,12,2,70.0000,NULL,'2016-11-25 17:18:00',NULL,NULL,NULL,1),(15,201611,13,2,8.0000,NULL,'2016-11-25 17:18:00',NULL,NULL,NULL,1),(16,201611,14,2,10.0000,NULL,'2016-11-25 17:18:00',NULL,NULL,NULL,1),(17,201611,15,2,0.0000,NULL,'2016-11-25 17:18:00',NULL,NULL,NULL,1),(18,201611,16,2,340.0000,NULL,'2016-11-25 17:18:00',NULL,NULL,NULL,1),(19,201611,17,2,240.0000,NULL,'2016-11-25 17:18:00',NULL,NULL,NULL,1),(20,201611,18,2,157.0000,NULL,'2016-11-25 17:18:00',NULL,NULL,NULL,1),(21,201611,19,2,10.0000,NULL,'2016-11-25 17:18:00',NULL,NULL,NULL,1),(22,201611,20,2,12.0000,NULL,'2016-11-25 17:18:00',NULL,NULL,NULL,1),(23,201611,21,2,420.0000,NULL,'2016-11-25 17:18:00',NULL,NULL,NULL,1),(24,201611,22,2,330.0000,NULL,'2016-11-25 17:18:00',NULL,NULL,NULL,1),(25,201611,23,2,100.0000,NULL,'2016-11-25 17:18:00',NULL,NULL,NULL,1),(26,201611,24,2,230.0000,NULL,'2016-11-25 17:18:00',NULL,NULL,NULL,1),(27,201611,25,2,174.0000,NULL,'2016-11-25 17:18:00',NULL,NULL,NULL,1),(28,201612,29,1,6855.0000,NULL,'2016-11-30 19:13:56',NULL,NULL,NULL,1),(29,201612,1,2,686.0000,NULL,'2016-11-30 19:13:56',NULL,NULL,NULL,1),(30,201612,2,2,86.0000,NULL,'2016-11-30 19:13:56',NULL,NULL,NULL,1),(31,201612,3,2,753.0000,NULL,'2016-11-30 19:13:56',NULL,NULL,NULL,1),(32,201612,4,2,1751.0000,NULL,'2016-11-30 19:13:56',NULL,NULL,NULL,1),(33,201612,5,2,0.0000,NULL,'2016-11-30 19:13:56',NULL,NULL,NULL,1),(34,201612,6,2,300.0000,NULL,'2016-11-30 19:13:56',NULL,NULL,NULL,1),(35,201612,30,2,0.0000,NULL,'2016-11-30 19:13:56',NULL,NULL,NULL,1),(36,201612,7,2,713.0000,NULL,'2016-11-30 19:13:56',NULL,NULL,NULL,1),(37,201612,8,2,131.0000,NULL,'2016-11-30 19:13:56',NULL,NULL,NULL,1),(38,201612,9,2,24.0000,NULL,'2016-11-30 19:13:56',NULL,NULL,NULL,1),(39,201612,10,2,90.0000,NULL,'2016-11-30 19:13:56',NULL,NULL,NULL,1),(40,201612,11,2,220.0000,NULL,'2016-11-30 19:13:56',NULL,NULL,NULL,1),(41,201612,12,2,70.0000,NULL,'2016-11-30 19:13:56',NULL,NULL,NULL,1),(42,201612,13,2,8.0000,NULL,'2016-11-30 19:13:56',NULL,NULL,NULL,1),(43,201612,14,2,10.0000,NULL,'2016-11-30 19:13:56',NULL,NULL,NULL,1),(44,201612,15,2,0.0000,NULL,'2016-11-30 19:13:56',NULL,NULL,NULL,1),(45,201612,16,2,340.0000,NULL,'2016-11-30 19:13:56',NULL,NULL,NULL,1),(46,201612,17,2,240.0000,NULL,'2016-11-30 19:13:56',NULL,NULL,NULL,1),(47,201612,18,2,157.0000,NULL,'2016-11-30 19:13:56',NULL,NULL,NULL,1),(48,201612,19,2,10.0000,NULL,'2016-11-30 19:13:56',NULL,NULL,NULL,1),(49,201612,20,2,12.0000,NULL,'2016-11-30 19:13:56',NULL,NULL,NULL,1),(50,201612,21,2,420.0000,NULL,'2016-11-30 19:13:56',NULL,NULL,NULL,1),(51,201612,22,2,330.0000,NULL,'2016-11-30 19:13:56',NULL,NULL,NULL,1),(52,201612,23,2,100.0000,NULL,'2016-11-30 19:13:56',NULL,NULL,NULL,1),(53,201612,24,2,230.0000,NULL,'2016-11-30 19:13:56',NULL,NULL,NULL,1),(54,201612,25,2,174.0000,NULL,'2016-11-30 19:13:56',NULL,NULL,NULL,1),(55,201610,29,1,7288.0000,NULL,'2016-12-01 21:54:56',NULL,NULL,NULL,1),(56,201610,1,2,729.0000,NULL,'2016-12-01 21:54:56',NULL,NULL,NULL,1),(57,201610,2,2,86.0000,NULL,'2016-12-01 21:54:56',NULL,NULL,NULL,1),(58,201610,3,2,2944.0000,NULL,'2016-12-01 21:54:56',NULL,NULL,NULL,1),(284,201702,3,2,0.0000,NULL,'2017-01-30 20:19:30',NULL,NULL,NULL,1),(60,201610,5,2,0.0000,NULL,'2016-12-01 21:54:56',NULL,NULL,NULL,1),(283,201702,2,2,86.0000,NULL,'2017-01-30 20:19:30',NULL,NULL,NULL,1),(62,201610,30,2,340.0000,NULL,'2016-12-01 21:54:56',NULL,NULL,NULL,1),(63,201610,7,2,713.0000,NULL,'2016-12-01 21:54:56',NULL,NULL,NULL,1),(64,201610,8,2,131.0000,NULL,'2016-12-01 21:54:56',NULL,NULL,NULL,1),(65,201610,9,2,24.0000,NULL,'2016-12-01 21:54:56',NULL,NULL,NULL,1),(66,201610,10,2,90.0000,NULL,'2016-12-01 21:54:56',NULL,NULL,NULL,1),(67,201610,11,2,220.0000,NULL,'2016-12-01 21:54:56',NULL,NULL,NULL,1),(68,201610,12,2,70.0000,NULL,'2016-12-01 21:54:56',NULL,NULL,NULL,1),(69,201610,13,2,8.0000,NULL,'2016-12-01 21:54:56',NULL,NULL,NULL,1),(70,201610,14,2,10.0000,NULL,'2016-12-01 21:54:56',NULL,NULL,NULL,1),(282,201702,1,2,715.0000,NULL,'2017-01-30 20:19:30',NULL,NULL,NULL,1),(72,201610,16,2,330.0000,NULL,'2016-12-01 21:54:56',NULL,NULL,NULL,1),(73,201610,17,2,240.0000,NULL,'2016-12-01 21:54:56',NULL,NULL,NULL,1),(74,201610,18,2,157.0000,NULL,'2016-12-01 21:54:56',NULL,NULL,NULL,1),(75,201610,19,2,10.0000,NULL,'2016-12-01 21:54:56',NULL,NULL,NULL,1),(76,201610,20,2,12.0000,NULL,'2016-12-01 21:54:56',NULL,NULL,NULL,1),(77,201610,21,2,370.0000,NULL,'2016-12-01 21:54:56',NULL,NULL,NULL,1),(78,201610,22,2,300.0000,NULL,'2016-12-01 21:54:56',NULL,NULL,NULL,1),(79,201610,23,2,100.0000,NULL,'2016-12-01 21:54:56',NULL,NULL,NULL,1),(80,201610,24,2,230.0000,NULL,'2016-12-01 21:54:56',NULL,NULL,NULL,1),(81,201610,25,2,174.0000,NULL,'2016-12-01 21:54:56',NULL,NULL,NULL,1),(82,201609,29,1,7216.0000,NULL,'2016-12-01 22:00:59',NULL,NULL,NULL,1),(83,201609,1,2,722.0000,NULL,'2016-12-01 22:00:59',NULL,NULL,NULL,1),(84,201609,2,2,86.0000,NULL,'2016-12-01 22:00:59',NULL,NULL,NULL,1),(281,201702,29,1,7152.0000,NULL,'2017-01-30 20:19:30',NULL,NULL,NULL,1),(280,201701,25,2,174.0000,NULL,'2016-12-31 09:53:05',NULL,NULL,NULL,1),(279,201701,24,2,230.0000,NULL,'2016-12-31 09:53:05',NULL,NULL,NULL,1),(278,201701,23,2,100.0000,NULL,'2016-12-31 09:53:05',NULL,NULL,NULL,1),(277,201701,22,2,340.0000,NULL,'2016-12-31 09:53:05',NULL,NULL,NULL,1),(90,201609,7,2,713.0000,NULL,'2016-12-01 22:00:59',NULL,NULL,NULL,1),(91,201609,8,2,131.0000,NULL,'2016-12-01 22:00:59',NULL,NULL,NULL,1),(92,201609,9,2,24.0000,NULL,'2016-12-01 22:00:59',NULL,NULL,NULL,1),(93,201609,10,2,90.0000,NULL,'2016-12-01 22:00:59',NULL,NULL,NULL,1),(94,201609,11,2,220.0000,NULL,'2016-12-01 22:00:59',NULL,NULL,NULL,1),(95,201609,12,2,70.0000,NULL,'2016-12-01 22:00:59',NULL,NULL,NULL,1),(96,201609,13,2,8.0000,NULL,'2016-12-01 22:00:59',NULL,NULL,NULL,1),(97,201609,14,2,10.0000,NULL,'2016-12-01 22:00:59',NULL,NULL,NULL,1),(276,201701,21,2,450.0000,NULL,'2016-12-31 09:53:05',NULL,NULL,NULL,1),(99,201609,16,2,330.0000,NULL,'2016-12-01 22:00:59',NULL,NULL,NULL,1),(100,201609,17,2,245.0000,NULL,'2016-12-01 22:00:59',NULL,NULL,NULL,1),(101,201609,18,2,136.0000,NULL,'2016-12-01 22:00:59',NULL,NULL,NULL,1),(102,201609,19,2,10.0000,NULL,'2016-12-01 22:00:59',NULL,NULL,NULL,1),(103,201609,20,2,12.0000,NULL,'2016-12-01 22:00:59',NULL,NULL,NULL,1),(104,201609,21,2,360.0000,NULL,'2016-12-01 22:00:59',NULL,NULL,NULL,1),(105,201609,22,2,320.0000,NULL,'2016-12-01 22:00:59',NULL,NULL,NULL,1),(106,201609,23,2,0.0000,NULL,'2016-12-01 22:00:59',NULL,NULL,NULL,1),(107,201609,24,2,245.0000,NULL,'2016-12-01 22:00:59',NULL,NULL,NULL,1),(108,201609,25,2,174.0000,NULL,'2016-12-01 22:00:59',NULL,NULL,NULL,1),(109,201609,28,2,0.0000,NULL,'2016-12-01 22:00:59',NULL,NULL,NULL,1),(110,201609,27,2,3090.0000,NULL,'2016-12-01 22:00:59',NULL,NULL,NULL,1),(111,201608,29,1,7224.0000,NULL,'2016-12-01 22:05:18',NULL,NULL,NULL,1),(112,201608,1,2,723.0000,NULL,'2016-12-01 22:05:18',NULL,NULL,NULL,1),(113,201608,2,2,86.0000,NULL,'2016-12-01 22:05:18',NULL,NULL,NULL,1),(275,201701,20,2,12.0000,NULL,'2016-12-31 09:53:05',NULL,NULL,NULL,1),(274,201701,19,2,10.0000,NULL,'2016-12-31 09:53:05',NULL,NULL,NULL,1),(273,201701,18,2,157.0000,NULL,'2016-12-31 09:53:05',NULL,NULL,NULL,1),(272,201701,17,2,240.0000,NULL,'2016-12-31 09:53:05',NULL,NULL,NULL,1),(271,201701,16,2,320.0000,NULL,'2016-12-31 09:53:05',NULL,NULL,NULL,1),(119,201608,7,2,712.0000,NULL,'2016-12-01 22:05:18',NULL,NULL,NULL,1),(120,201608,8,2,131.0000,NULL,'2016-12-01 22:05:18',NULL,NULL,NULL,1),(121,201608,9,2,24.0000,NULL,'2016-12-01 22:05:18',NULL,NULL,NULL,1),(122,201608,10,2,90.0000,NULL,'2016-12-01 22:05:18',NULL,NULL,NULL,1),(123,201608,11,2,220.0000,NULL,'2016-12-01 22:05:18',NULL,NULL,NULL,1),(124,201608,12,2,70.0000,NULL,'2016-12-01 22:05:18',NULL,NULL,NULL,1),(125,201608,13,2,8.0000,NULL,'2016-12-01 22:05:18',NULL,NULL,NULL,1),(126,201608,14,2,10.0000,NULL,'2016-12-01 22:05:18',NULL,NULL,NULL,1),(270,201701,15,2,0.0000,NULL,'2016-12-31 09:53:05',NULL,NULL,NULL,1),(128,201608,16,2,320.0000,NULL,'2016-12-01 22:05:18',NULL,NULL,NULL,1),(129,201608,17,2,250.0000,NULL,'2016-12-01 22:05:18',NULL,NULL,NULL,1),(130,201608,18,2,136.0000,NULL,'2016-12-01 22:05:18',NULL,NULL,NULL,1),(131,201608,19,2,10.0000,NULL,'2016-12-01 22:05:18',NULL,NULL,NULL,1),(132,201608,20,2,15.0000,NULL,'2016-12-01 22:05:18',NULL,NULL,NULL,1),(133,201608,21,2,360.0000,NULL,'2016-12-01 22:05:18',NULL,NULL,NULL,1),(134,201608,22,2,320.0000,NULL,'2016-12-01 22:05:18',NULL,NULL,NULL,1),(135,201608,23,2,225.0000,NULL,'2016-12-01 22:05:18',NULL,NULL,NULL,1),(136,201608,24,2,250.0000,NULL,'2016-12-01 22:05:18',NULL,NULL,NULL,1),(137,201608,25,2,174.0000,NULL,'2016-12-01 22:05:18',NULL,NULL,NULL,1),(138,201608,28,2,0.0000,NULL,'2016-12-01 22:05:18',NULL,NULL,NULL,1),(139,201608,27,2,3090.0000,NULL,'2016-12-01 22:05:18',NULL,NULL,NULL,1),(140,201607,29,1,6139.0000,NULL,'2016-12-01 22:09:05',NULL,NULL,NULL,1),(141,201607,1,2,617.0000,NULL,'2016-12-01 22:09:05',NULL,NULL,NULL,1),(142,201607,2,2,86.0000,NULL,'2016-12-01 22:09:05',NULL,NULL,NULL,1),(269,201701,14,2,10.0000,NULL,'2016-12-31 09:53:05',NULL,NULL,NULL,1),(144,201607,4,2,207.0000,NULL,'2016-12-01 22:09:05',NULL,NULL,NULL,1),(268,201701,13,2,8.0000,NULL,'2016-12-31 09:53:05',NULL,NULL,NULL,1),(267,201701,12,2,70.0000,NULL,'2016-12-31 09:53:05',NULL,NULL,NULL,1),(266,201701,11,2,220.0000,NULL,'2016-12-31 09:53:05',NULL,NULL,NULL,1),(148,201607,7,2,712.0000,NULL,'2016-12-01 22:09:05',NULL,NULL,NULL,1),(149,201607,8,2,131.0000,NULL,'2016-12-01 22:09:05',NULL,NULL,NULL,1),(150,201607,9,2,24.0000,NULL,'2016-12-01 22:09:05',NULL,NULL,NULL,1),(151,201607,10,2,90.0000,NULL,'2016-12-01 22:09:05',NULL,NULL,NULL,1),(152,201607,11,2,220.0000,NULL,'2016-12-01 22:09:05',NULL,NULL,NULL,1),(153,201607,12,2,70.0000,NULL,'2016-12-01 22:09:05',NULL,NULL,NULL,1),(154,201607,13,2,8.0000,NULL,'2016-12-01 22:09:05',NULL,NULL,NULL,1),(155,201607,14,2,10.0000,NULL,'2016-12-01 22:09:05',NULL,NULL,NULL,1),(265,201701,10,2,90.0000,NULL,'2016-12-31 09:53:05',NULL,NULL,NULL,1),(157,201607,16,2,300.0000,NULL,'2016-12-01 22:09:05',NULL,NULL,NULL,1),(158,201607,17,2,250.0000,NULL,'2016-12-01 22:09:05',NULL,NULL,NULL,1),(159,201607,18,2,138.0000,NULL,'2016-12-01 22:09:05',NULL,NULL,NULL,1),(160,201607,19,2,10.0000,NULL,'2016-12-01 22:09:05',NULL,NULL,NULL,1),(161,201607,20,2,15.0000,NULL,'2016-12-01 22:09:05',NULL,NULL,NULL,1),(162,201607,21,2,390.0000,NULL,'2016-12-01 22:09:05',NULL,NULL,NULL,1),(163,201607,22,2,250.0000,NULL,'2016-12-01 22:09:05',NULL,NULL,NULL,1),(164,201607,23,2,100.0000,NULL,'2016-12-01 22:09:05',NULL,NULL,NULL,1),(165,201607,24,2,250.0000,NULL,'2016-12-01 22:09:05',NULL,NULL,NULL,1),(166,201607,25,2,174.0000,NULL,'2016-12-01 22:09:05',NULL,NULL,NULL,1),(167,201607,28,2,187.0000,NULL,'2016-12-01 22:09:05',NULL,NULL,NULL,1),(168,201607,27,2,1900.0000,NULL,'2016-12-01 22:09:05',NULL,NULL,NULL,1),(169,201606,29,1,6171.0000,NULL,'2016-12-01 22:14:22',NULL,NULL,NULL,1),(170,201606,1,2,617.0000,NULL,'2016-12-01 22:14:22',NULL,NULL,NULL,1),(171,201606,2,2,86.0000,NULL,'2016-12-01 22:14:22',NULL,NULL,NULL,1),(172,201606,3,2,96.0000,NULL,'2016-12-01 22:14:22',NULL,NULL,NULL,1),(264,201701,9,2,24.0000,NULL,'2016-12-31 09:53:05',NULL,NULL,NULL,1),(263,201701,8,2,131.0000,NULL,'2016-12-31 09:53:05',NULL,NULL,NULL,1),(175,201606,6,2,0.0000,NULL,'2016-12-01 22:14:22',NULL,NULL,NULL,1),(262,201701,7,2,713.0000,NULL,'2016-12-31 09:53:05',NULL,NULL,NULL,1),(177,201606,7,2,712.0000,NULL,'2016-12-01 22:14:22',NULL,NULL,NULL,1),(178,201606,8,2,131.0000,NULL,'2016-12-01 22:14:22',NULL,NULL,NULL,1),(179,201606,9,2,24.0000,NULL,'2016-12-01 22:14:22',NULL,NULL,NULL,1),(180,201606,10,2,90.0000,NULL,'2016-12-01 22:14:22',NULL,NULL,NULL,1),(181,201606,11,2,220.0000,NULL,'2016-12-01 22:14:22',NULL,NULL,NULL,1),(182,201606,12,2,70.0000,NULL,'2016-12-01 22:14:22',NULL,NULL,NULL,1),(183,201606,13,2,8.0000,NULL,'2016-12-01 22:14:22',NULL,NULL,NULL,1),(184,201606,14,2,8.0000,NULL,'2016-12-01 22:14:22',NULL,NULL,NULL,1),(261,201701,30,2,0.0000,NULL,'2016-12-31 09:53:05',NULL,NULL,NULL,1),(186,201606,16,2,370.0000,NULL,'2016-12-01 22:14:22',NULL,NULL,NULL,1),(187,201606,17,2,275.0000,NULL,'2016-12-01 22:14:22',NULL,NULL,NULL,1),(188,201606,18,2,138.0000,NULL,'2016-12-01 22:14:22',NULL,NULL,NULL,1),(189,201606,19,2,10.0000,NULL,'2016-12-01 22:14:22',NULL,NULL,NULL,1),(190,201606,20,2,15.0000,NULL,'2016-12-01 22:14:22',NULL,NULL,NULL,1),(191,201606,21,2,340.0000,NULL,'2016-12-01 22:14:22',NULL,NULL,NULL,1),(192,201606,22,2,250.0000,NULL,'2016-12-01 22:14:22',NULL,NULL,NULL,1),(193,201606,23,2,200.0000,NULL,'2016-12-01 22:14:22',NULL,NULL,NULL,1),(194,201606,24,2,250.0000,NULL,'2016-12-01 22:14:22',NULL,NULL,NULL,1),(195,201606,25,2,174.0000,NULL,'2016-12-01 22:14:22',NULL,NULL,NULL,1),(196,201606,28,2,187.0000,NULL,'2016-12-01 22:14:22',NULL,NULL,NULL,1),(197,201606,27,2,1900.0000,NULL,'2016-12-01 22:14:22',NULL,NULL,NULL,1),(198,201605,29,1,4403.0000,NULL,'2016-12-01 22:18:14',NULL,NULL,NULL,1),(199,201605,1,2,441.0000,NULL,'2016-12-01 22:18:14',NULL,NULL,NULL,1),(260,201701,6,2,0.0000,NULL,'2016-12-31 09:53:05',NULL,NULL,NULL,1),(259,201701,5,2,0.0000,NULL,'2016-12-31 09:53:05',NULL,NULL,NULL,1),(258,201701,4,2,2784.0000,NULL,'2016-12-31 09:53:05',NULL,NULL,NULL,1),(203,201605,5,2,435.0000,NULL,'2016-12-01 22:18:14',NULL,NULL,NULL,1),(257,201701,3,2,0.0000,NULL,'2016-12-31 09:53:05',NULL,NULL,NULL,1),(256,201701,2,2,86.0000,NULL,'2016-12-31 09:53:05',NULL,NULL,NULL,1),(206,201605,7,2,714.0000,NULL,'2016-12-01 22:18:14',NULL,NULL,NULL,1),(207,201605,8,2,131.0000,NULL,'2016-12-01 22:18:14',NULL,NULL,NULL,1),(208,201605,9,2,24.0000,NULL,'2016-12-01 22:18:14',NULL,NULL,NULL,1),(209,201605,10,2,90.0000,NULL,'2016-12-01 22:18:14',NULL,NULL,NULL,1),(210,201605,11,2,200.0000,NULL,'2016-12-01 22:18:14',NULL,NULL,NULL,1),(211,201605,12,2,70.0000,NULL,'2016-12-01 22:18:14',NULL,NULL,NULL,1),(212,201605,13,2,8.0000,NULL,'2016-12-01 22:18:14',NULL,NULL,NULL,1),(213,201605,14,2,8.0000,NULL,'2016-12-01 22:18:14',NULL,NULL,NULL,1),(255,201701,1,2,686.0000,NULL,'2016-12-31 09:53:05',NULL,NULL,NULL,1),(215,201605,16,2,370.0000,NULL,'2016-12-01 22:18:14',NULL,NULL,NULL,1),(216,201605,17,2,275.0000,NULL,'2016-12-01 22:18:14',NULL,NULL,NULL,1),(217,201605,18,2,138.0000,NULL,'2016-12-01 22:18:14',NULL,NULL,NULL,1),(218,201605,19,2,10.0000,NULL,'2016-12-01 22:18:14',NULL,NULL,NULL,1),(219,201605,20,2,15.0000,NULL,'2016-12-01 22:18:14',NULL,NULL,NULL,1),(220,201605,21,2,300.0000,NULL,'2016-12-01 22:18:14',NULL,NULL,NULL,1),(221,201605,22,2,200.0000,NULL,'2016-12-01 22:18:14',NULL,NULL,NULL,1),(222,201605,23,2,600.0000,NULL,'2016-12-01 22:18:14',NULL,NULL,NULL,1),(223,201605,24,2,200.0000,NULL,'2016-12-01 22:18:14',NULL,NULL,NULL,1),(224,201605,25,2,174.0000,NULL,'2016-12-01 22:18:14',NULL,NULL,NULL,1),(225,201604,29,1,4372.0000,NULL,'2016-12-01 22:21:11',NULL,NULL,NULL,1),(226,201604,1,2,438.0000,NULL,'2016-12-01 22:21:11',NULL,NULL,NULL,1),(227,201604,2,2,0.0000,NULL,'2016-12-01 22:21:11',NULL,NULL,NULL,1),(228,201604,3,2,207.0000,NULL,'2016-12-01 22:21:11',NULL,NULL,NULL,1),(229,201604,4,2,500.0000,NULL,'2016-12-01 22:21:11',NULL,NULL,NULL,1),(230,201604,5,2,100.0000,NULL,'2016-12-01 22:21:11',NULL,NULL,NULL,1),(254,201701,29,1,6855.0000,NULL,'2016-12-31 09:53:05',NULL,NULL,NULL,1),(253,201609,5,2,220.0000,NULL,'2016-12-08 20:52:33',NULL,NULL,NULL,1),(233,201604,7,2,714.0000,NULL,'2016-12-01 22:21:11',NULL,NULL,NULL,1),(234,201604,8,2,131.0000,NULL,'2016-12-01 22:21:11',NULL,NULL,NULL,1),(235,201604,9,2,24.0000,NULL,'2016-12-01 22:21:11',NULL,NULL,NULL,1),(236,201604,10,2,90.0000,NULL,'2016-12-01 22:21:11',NULL,NULL,NULL,1),(237,201604,11,2,200.0000,NULL,'2016-12-01 22:21:11',NULL,NULL,NULL,1),(238,201604,12,2,70.0000,NULL,'2016-12-01 22:21:11',NULL,NULL,NULL,1),(239,201604,13,2,8.0000,NULL,'2016-12-01 22:21:11',NULL,NULL,NULL,1),(240,201604,14,2,8.0000,NULL,'2016-12-01 22:21:11',NULL,NULL,NULL,1),(241,201604,15,2,0.0000,NULL,'2016-12-01 22:21:11',NULL,NULL,NULL,1),(242,201604,16,2,370.0000,NULL,'2016-12-01 22:21:11',NULL,NULL,NULL,1),(243,201604,17,2,275.0000,NULL,'2016-12-01 22:21:11',NULL,NULL,NULL,1),(244,201604,18,2,138.0000,NULL,'2016-12-01 22:21:11',NULL,NULL,NULL,1),(245,201604,19,2,10.0000,NULL,'2016-12-01 22:21:11',NULL,NULL,NULL,1),(246,201604,20,2,15.0000,NULL,'2016-12-01 22:21:11',NULL,NULL,NULL,1),(247,201604,21,2,300.0000,NULL,'2016-12-01 22:21:11',NULL,NULL,NULL,1),(248,201604,22,2,200.0000,NULL,'2016-12-01 22:21:11',NULL,NULL,NULL,1),(249,201604,23,2,200.0000,NULL,'2016-12-01 22:21:11',NULL,NULL,NULL,1),(250,201604,24,2,200.0000,NULL,'2016-12-01 22:21:11',NULL,NULL,NULL,1),(251,201604,25,2,174.0000,NULL,'2016-12-01 22:21:11',NULL,NULL,NULL,1),(252,201604,32,2,0.0000,NULL,'2016-12-01 22:21:11',NULL,NULL,NULL,1),(285,201702,4,2,3018.0000,NULL,'2017-01-30 20:19:30',NULL,NULL,NULL,1),(286,201702,5,2,0.0000,NULL,'2017-01-30 20:19:30',NULL,NULL,NULL,1),(287,201702,6,2,0.0000,NULL,'2017-01-30 20:19:30',NULL,NULL,NULL,1),(288,201702,30,2,0.0000,NULL,'2017-01-30 20:19:30',NULL,NULL,NULL,1),(289,201702,7,2,713.0000,NULL,'2017-01-30 20:19:30',NULL,NULL,NULL,1),(290,201702,8,2,131.0000,NULL,'2017-01-30 20:19:30',NULL,NULL,NULL,1),(291,201702,9,2,22.0000,NULL,'2017-01-30 20:19:30',NULL,NULL,NULL,1),(292,201702,10,2,90.0000,NULL,'2017-01-30 20:19:30',NULL,NULL,NULL,1),(293,201702,11,2,230.0000,NULL,'2017-01-30 20:19:30',NULL,NULL,NULL,1),(294,201702,12,2,70.0000,NULL,'2017-01-30 20:19:30',NULL,NULL,NULL,1),(295,201702,13,2,8.0000,NULL,'2017-01-30 20:19:30',NULL,NULL,NULL,1),(296,201702,14,2,10.0000,NULL,'2017-01-30 20:19:30',NULL,NULL,NULL,1),(297,201702,15,2,0.0000,NULL,'2017-01-30 20:19:30',NULL,NULL,NULL,1),(298,201702,16,2,320.0000,NULL,'2017-01-30 20:19:30',NULL,NULL,NULL,1),(299,201702,17,2,240.0000,NULL,'2017-01-30 20:19:30',NULL,NULL,NULL,1),(300,201702,18,2,157.0000,NULL,'2017-01-30 20:19:30',NULL,NULL,NULL,1),(301,201702,19,2,10.0000,NULL,'2017-01-30 20:19:30',NULL,NULL,NULL,1),(302,201702,20,2,12.0000,NULL,'2017-01-30 20:19:30',NULL,NULL,NULL,1),(303,201702,21,2,450.0000,NULL,'2017-01-30 20:19:30',NULL,NULL,NULL,1),(304,201702,22,2,340.0000,NULL,'2017-01-30 20:19:30',NULL,NULL,NULL,1),(305,201702,23,2,100.0000,NULL,'2017-01-30 20:19:30',NULL,NULL,NULL,1),(306,201702,24,2,230.0000,NULL,'2017-01-30 20:19:30',NULL,NULL,NULL,1),(307,201702,25,2,200.0000,NULL,'2017-01-30 20:19:30',NULL,NULL,NULL,1),(388,201703,25,2,200.0000,NULL,'2017-03-01 20:28:55',NULL,NULL,NULL,1),(387,201703,24,2,230.0000,NULL,'2017-03-01 20:28:55',NULL,NULL,NULL,1),(386,201703,23,2,100.0000,NULL,'2017-03-01 20:28:55',NULL,NULL,NULL,1),(385,201703,22,2,340.0000,NULL,'2017-03-01 20:28:55',NULL,NULL,NULL,1),(384,201703,21,2,450.0000,NULL,'2017-03-01 20:28:55',NULL,NULL,NULL,1),(383,201703,20,2,12.0000,NULL,'2017-03-01 20:28:55',NULL,NULL,NULL,1),(382,201703,19,2,10.0000,NULL,'2017-03-01 20:28:55',NULL,NULL,NULL,1),(381,201703,18,2,157.0000,NULL,'2017-03-01 20:28:55',NULL,NULL,NULL,1),(380,201703,17,2,220.0000,NULL,'2017-03-01 20:28:55',NULL,NULL,NULL,1),(379,201703,16,2,320.0000,NULL,'2017-03-01 20:28:55',NULL,NULL,NULL,1),(378,201703,15,2,0.0000,NULL,'2017-03-01 20:28:55',NULL,NULL,NULL,1),(377,201703,14,2,10.0000,NULL,'2017-03-01 20:28:55',NULL,NULL,NULL,1),(376,201703,13,2,8.0000,NULL,'2017-03-01 20:28:55',NULL,NULL,NULL,1),(375,201703,12,2,70.0000,NULL,'2017-03-01 20:28:55',NULL,NULL,NULL,1),(374,201703,11,2,230.0000,NULL,'2017-03-01 20:28:55',NULL,NULL,NULL,1),(373,201703,10,2,90.0000,NULL,'2017-03-01 20:28:55',NULL,NULL,NULL,1),(372,201703,9,2,22.0000,NULL,'2017-03-01 20:28:55',NULL,NULL,NULL,1),(371,201703,8,2,131.0000,NULL,'2017-03-01 20:28:55',NULL,NULL,NULL,1),(370,201703,7,2,713.0000,NULL,'2017-03-01 20:28:55',NULL,NULL,NULL,1),(369,201703,30,2,0.0000,NULL,'2017-03-01 20:28:55',NULL,NULL,NULL,1),(368,201703,6,2,0.0000,NULL,'2017-03-01 20:28:55',NULL,NULL,NULL,1),(367,201703,5,2,0.0000,NULL,'2017-03-01 20:28:55',NULL,NULL,NULL,1),(366,201703,4,2,2934.0000,NULL,'2017-03-01 20:28:55',NULL,NULL,NULL,1),(365,201703,3,2,0.0000,NULL,'2017-03-01 20:28:55',NULL,NULL,NULL,1),(364,201703,2,2,86.0000,NULL,'2017-03-01 20:28:55',NULL,NULL,NULL,1),(363,201703,1,2,718.0000,NULL,'2017-03-01 20:28:55',NULL,NULL,NULL,1),(362,201703,29,1,7176.0000,NULL,'2017-03-01 20:28:55',NULL,NULL,NULL,1),(389,201703,33,2,125.0000,NULL,'2017-03-01 20:28:55',NULL,'2017-03-18 15:18:05','User',1),(1608,201704,51,2,35.0000,NULL,'2017-03-28 20:03:56','User',NULL,NULL,1),(1602,201704,33,2,110.0000,NULL,'2017-03-28 19:24:48','User','2017-03-28 20:16:19','User',1),(1601,201704,29,1,7176.0000,NULL,'2017-03-28 19:24:48','User',NULL,NULL,1),(1600,201704,1,2,718.0000,NULL,'2017-03-28 19:24:48','User',NULL,NULL,1),(1599,201704,2,2,86.0000,NULL,'2017-03-28 19:24:48','User',NULL,NULL,1),(1607,201704,50,2,100.0000,NULL,'2017-03-28 20:02:09','User','2017-03-29 07:00:37','User',1),(1597,201704,4,2,2790.0000,NULL,'2017-03-28 19:24:48','User','2017-03-29 07:01:54','User',1),(1603,201704,46,2,75.0000,NULL,'2017-03-28 19:50:51','User','2017-03-29 07:02:04','User',1),(1604,201704,47,2,14.0000,NULL,'2017-03-28 19:52:28','User','2017-03-29 07:08:53','User',1),(1605,201704,48,2,15.0000,NULL,'2017-03-28 19:58:12','User','2017-03-29 07:07:47','User',1),(1593,201704,7,2,713.0000,NULL,'2017-03-28 19:24:48','User',NULL,NULL,1),(1592,201704,8,2,131.0000,NULL,'2017-03-28 19:24:48','User',NULL,NULL,1),(1591,201704,9,2,22.0000,NULL,'2017-03-28 19:24:48','User',NULL,NULL,1),(1590,201704,10,2,90.0000,NULL,'2017-03-28 19:24:48','User',NULL,NULL,1),(1589,201704,11,2,225.0000,NULL,'2017-03-28 19:24:48','User','2017-03-28 20:18:04','User',1),(1588,201704,12,2,70.0000,NULL,'2017-03-28 19:24:48','User',NULL,NULL,1),(1587,201704,13,2,8.0000,NULL,'2017-03-28 19:24:48','User','2017-03-31 08:24:41','User',1),(1586,201704,14,2,10.0000,NULL,'2017-03-28 19:24:48','User',NULL,NULL,1),(1606,201704,49,2,20.0000,NULL,'2017-03-28 19:59:08','User','2017-03-29 07:06:19','User',1),(1584,201704,16,2,320.0000,NULL,'2017-03-28 19:24:48','User','2017-03-28 20:29:03','User',1),(1583,201704,17,2,220.0000,NULL,'2017-03-28 19:24:48','User',NULL,NULL,1),(1582,201704,18,2,157.0000,NULL,'2017-03-28 19:24:48','User','2017-03-28 20:27:27','User',1),(1581,201704,19,2,10.0000,NULL,'2017-03-28 19:24:48','User',NULL,NULL,1),(1580,201704,20,2,12.0000,NULL,'2017-03-28 19:24:48','User',NULL,NULL,1),(1579,201704,21,2,310.0000,NULL,'2017-03-28 19:24:48','User','2017-03-28 20:36:37','User',1),(1578,201704,22,2,320.0000,NULL,'2017-03-28 19:24:48','User','2017-03-28 20:37:10','User',1),(1577,201704,23,2,150.0000,NULL,'2017-03-28 19:24:48','User','2017-03-28 19:30:24','User',1),(1576,201704,24,2,245.0000,NULL,'2017-03-28 19:24:48','User','2017-03-28 19:53:59','User',1),(1575,201704,25,2,200.0000,NULL,'2017-03-28 19:24:48','User',NULL,NULL,1);
/*!40000 ALTER TABLE `BudgetItem` ENABLE KEYS */;
UNLOCK TABLES;

--
-- Table structure for table `BudgetType`
--

DROP TABLE IF EXISTS `BudgetType`;
/*!40101 SET @saved_cs_client     = @@character_set_client */;
/*!40101 SET character_set_client = utf8 */;
CREATE TABLE `BudgetType` (
  `BudgetTypeID` int(10) NOT NULL AUTO_INCREMENT,
  `BudgetType` varchar(100) DEFAULT NULL,
  `Sort` int(3) DEFAULT NULL,
  `CreateDT` datetime DEFAULT NULL,
  `CreateBy` varchar(100) DEFAULT NULL,
  `ModifyDT` datetime DEFAULT NULL,
  `ModifyBy` varchar(100) DEFAULT NULL,
  `ActiveFlg` int(1) DEFAULT '1',
  PRIMARY KEY (`BudgetTypeID`)
) ENGINE=MyISAM AUTO_INCREMENT=3 DEFAULT CHARSET=latin1;
/*!40101 SET character_set_client = @saved_cs_client */;

--
-- Dumping data for table `BudgetType`
--

LOCK TABLES `BudgetType` WRITE;
/*!40000 ALTER TABLE `BudgetType` DISABLE KEYS */;
INSERT INTO `BudgetType` VALUES (1,'Income',NULL,'2016-11-25 17:17:53',NULL,NULL,NULL,1),(2,'Expense',NULL,'2016-11-25 17:17:53',NULL,NULL,NULL,1);
/*!40000 ALTER TABLE `BudgetType` ENABLE KEYS */;
UNLOCK TABLES;

--
-- Table structure for table `Fund`
--

DROP TABLE IF EXISTS `Fund`;
/*!40101 SET @saved_cs_client     = @@character_set_client */;
/*!40101 SET character_set_client = utf8 */;
CREATE TABLE `Fund` (
  `FundID` int(10) NOT NULL AUTO_INCREMENT,
  `FundTypeID` int(10) DEFAULT NULL,
  `FundName` varchar(100) DEFAULT NULL,
  `StartingBalance` decimal(10,4) DEFAULT NULL,
  `Note` varchar(1000) DEFAULT NULL,
  `Sort` int(3) DEFAULT NULL,
  `CreateDT` datetime DEFAULT NULL,
  `CreateBy` varchar(100) DEFAULT NULL,
  `ModifyDT` datetime DEFAULT NULL,
  `ModifyBy` varchar(100) DEFAULT NULL,
  `ActiveFlg` int(1) DEFAULT '1',
  PRIMARY KEY (`FundID`)
) ENGINE=MyISAM AUTO_INCREMENT=16 DEFAULT CHARSET=latin1;
/*!40101 SET character_set_client = @saved_cs_client */;

--
-- Dumping data for table `Fund`
--

LOCK TABLES `Fund` WRITE;
/*!40000 ALTER TABLE `Fund` DISABLE KEYS */;
INSERT INTO `Fund` VALUES (1,1,'Emergency Fund',9247.8900,'Saving for emergencies',NULL,'2016-12-01 18:28:41',NULL,NULL,NULL,1),(2,1,'Car Replacement Fund',0.0000,'Saving to replace cars',NULL,'2016-12-01 18:28:41',NULL,'2017-03-29 07:01:54','User',1),(3,1,'Travel Fund',98.9300,'Saving for trips',NULL,'2016-12-01 18:28:41',NULL,NULL,NULL,1),(4,1,'Christmas Fund',81.1000,'Saving for christmas gifts',NULL,'2016-12-01 18:28:41',NULL,NULL,NULL,1),(5,1,'School Fund',0.0000,'Saving for school',NULL,'2016-12-01 18:28:41',NULL,NULL,NULL,1),(15,1,'Car Repair Fund',0.0000,NULL,NULL,'2017-03-28 19:50:51','User','2017-03-29 07:02:04','User',1);
/*!40000 ALTER TABLE `Fund` ENABLE KEYS */;
UNLOCK TABLES;

--
-- Table structure for table `FundType`
--

DROP TABLE IF EXISTS `FundType`;
/*!40101 SET @saved_cs_client     = @@character_set_client */;
/*!40101 SET character_set_client = utf8 */;
CREATE TABLE `FundType` (
  `FundTypeID` int(10) NOT NULL AUTO_INCREMENT,
  `FundType` varchar(100) DEFAULT NULL,
  `Note` varchar(1000) DEFAULT NULL,
  `Sort` int(3) DEFAULT NULL,
  `CreateDT` datetime DEFAULT NULL,
  `CreateBy` varchar(100) DEFAULT NULL,
  `ModifyDT` datetime DEFAULT NULL,
  `ModifyBy` varchar(100) DEFAULT NULL,
  `ActiveFlg` int(1) DEFAULT '1',
  PRIMARY KEY (`FundTypeID`)
) ENGINE=MyISAM AUTO_INCREMENT=2 DEFAULT CHARSET=latin1;
/*!40101 SET character_set_client = @saved_cs_client */;

--
-- Dumping data for table `FundType`
--

LOCK TABLES `FundType` WRITE;
/*!40000 ALTER TABLE `FundType` DISABLE KEYS */;
INSERT INTO `FundType` VALUES (1,'Savings','Savings fund',NULL,'2016-12-01 18:28:41',NULL,NULL,NULL,1);
/*!40000 ALTER TABLE `FundType` ENABLE KEYS */;
UNLOCK TABLES;

--
-- Table structure for table `Todo`
--

DROP TABLE IF EXISTS `Todo`;
/*!40101 SET @saved_cs_client     = @@character_set_client */;
/*!40101 SET character_set_client = utf8 */;
CREATE TABLE `Todo` (
  `TodoID` int(10) NOT NULL AUTO_INCREMENT,
  `TaskName` varchar(100) DEFAULT NULL,
  `Note` varchar(100) DEFAULT NULL,
  `IsComplete` int(1) DEFAULT '0',
  `Sort` int(3) DEFAULT NULL,
  `CreateDT` datetime DEFAULT NULL,
  `CreateBy` varchar(100) DEFAULT NULL,
  `ModifyDT` datetime DEFAULT NULL,
  `ModifyBy` varchar(100) DEFAULT NULL,
  `ActiveFlg` int(1) DEFAULT '1',
  PRIMARY KEY (`TodoID`)
) ENGINE=MyISAM AUTO_INCREMENT=4 DEFAULT CHARSET=latin1;
/*!40101 SET character_set_client = @saved_cs_client */;

--
-- Dumping data for table `Todo`
--

LOCK TABLES `Todo` WRITE;
/*!40000 ALTER TABLE `Todo` DISABLE KEYS */;
INSERT INTO `Todo` VALUES (1,'Start Educational Savings Account (ESA)/529',NULL,0,NULL,NULL,NULL,NULL,NULL,1),(2,'Research term-life insurance',NULL,1,NULL,NULL,NULL,NULL,NULL,1),(3,'Save for house',NULL,0,NULL,NULL,NULL,NULL,NULL,1);
/*!40000 ALTER TABLE `Todo` ENABLE KEYS */;
UNLOCK TABLES;

--
-- Table structure for table `Tracker`
--

DROP TABLE IF EXISTS `Tracker`;
/*!40101 SET @saved_cs_client     = @@character_set_client */;
/*!40101 SET character_set_client = utf8 */;
CREATE TABLE `Tracker` (
  `TrackerID` int(10) NOT NULL AUTO_INCREMENT,
  `TrackerTypeID` int(10) DEFAULT NULL,
  `TrackerName` varchar(100) DEFAULT NULL,
  `Amount` decimal(10,4) DEFAULT NULL,
  `AsOfDT` datetime DEFAULT NULL,
  `Sort` int(3) DEFAULT NULL,
  `CreateDT` datetime DEFAULT NULL,
  `CreateBy` varchar(100) DEFAULT NULL,
  `ModifyDT` datetime DEFAULT NULL,
  `ModifyBy` varchar(100) DEFAULT NULL,
  `ActiveFlg` int(1) DEFAULT '1',
  PRIMARY KEY (`TrackerID`)
) ENGINE=MyISAM AUTO_INCREMENT=5 DEFAULT CHARSET=latin1;
/*!40101 SET character_set_client = @saved_cs_client */;

--
-- Dumping data for table `Tracker`
--

LOCK TABLES `Tracker` WRITE;
/*!40000 ALTER TABLE `Tracker` DISABLE KEYS */;
INSERT INTO `Tracker` VALUES (1,1,'Vangaurd IRA',62471.0000,'2016-07-27 00:00:00',NULL,'2016-11-25 17:17:53',NULL,NULL,NULL,1),(2,1,'Atria 401(k)',2373.0000,'2016-07-27 00:00:00',NULL,'2016-11-25 17:17:53',NULL,NULL,NULL,1),(3,2,'FedLoan',7202.0000,'2016-07-27 00:00:00',NULL,'2016-11-25 17:17:53',NULL,NULL,NULL,1),(4,2,'AES',13910.0000,'2016-07-27 00:00:00',NULL,'2016-11-25 17:17:53',NULL,NULL,NULL,1);
/*!40000 ALTER TABLE `Tracker` ENABLE KEYS */;
UNLOCK TABLES;

--
-- Table structure for table `TrackerType`
--

DROP TABLE IF EXISTS `TrackerType`;
/*!40101 SET @saved_cs_client     = @@character_set_client */;
/*!40101 SET character_set_client = utf8 */;
CREATE TABLE `TrackerType` (
  `TrackerTypeID` int(10) NOT NULL AUTO_INCREMENT,
  `TrackerType` varchar(100) DEFAULT NULL,
  `Sort` int(3) DEFAULT NULL,
  `CreateDT` datetime DEFAULT NULL,
  `CreateBy` varchar(100) DEFAULT NULL,
  `ModifyDT` datetime DEFAULT NULL,
  `ModifyBy` varchar(100) DEFAULT NULL,
  `ActiveFlg` int(1) DEFAULT '1',
  PRIMARY KEY (`TrackerTypeID`)
) ENGINE=MyISAM AUTO_INCREMENT=3 DEFAULT CHARSET=latin1;
/*!40101 SET character_set_client = @saved_cs_client */;

--
-- Dumping data for table `TrackerType`
--

LOCK TABLES `TrackerType` WRITE;
/*!40000 ALTER TABLE `TrackerType` DISABLE KEYS */;
INSERT INTO `TrackerType` VALUES (1,'Retirement',NULL,'2016-11-25 17:17:53',NULL,NULL,NULL,1),(2,'Debt',NULL,'2016-11-25 17:17:53',NULL,NULL,NULL,1);
/*!40000 ALTER TABLE `TrackerType` ENABLE KEYS */;
UNLOCK TABLES;

--
-- Table structure for table `Transaction`
--

DROP TABLE IF EXISTS `Transaction`;
/*!40101 SET @saved_cs_client     = @@character_set_client */;
/*!40101 SET character_set_client = utf8 */;
CREATE TABLE `Transaction` (
  `TransactionID` int(10) NOT NULL AUTO_INCREMENT,
  `TransactionTypeID` int(10) DEFAULT NULL,
  `TransactionNumber` varchar(100) DEFAULT NULL,
  `TransactionDT` datetime DEFAULT NULL,
  `BudgetNumber` int(10) DEFAULT NULL,
  `BudgetCategoryID` int(10) DEFAULT NULL,
  `Amount` decimal(10,4) DEFAULT NULL,
  `Description` varchar(1000) DEFAULT NULL,
  `Note` varchar(1000) DEFAULT NULL,
  `CreateDT` datetime DEFAULT NULL,
  `CreateBy` varchar(100) DEFAULT NULL,
  `ModifyDT` datetime DEFAULT NULL,
  `ModifyBy` varchar(100) DEFAULT NULL,
  `ActiveFlg` int(1) DEFAULT '1',
  PRIMARY KEY (`TransactionID`)
) ENGINE=MyISAM AUTO_INCREMENT=1865 DEFAULT CHARSET=latin1;
/*!40101 SET character_set_client = @saved_cs_client */;

--
-- Dumping data for table `Transaction`
--

LOCK TABLES `Transaction` WRITE;
/*!40000 ALTER TABLE `Transaction` DISABLE KEYS */;
INSERT INTO `Transaction` VALUES (29,2,'','2016-11-10 00:00:00',201611,24,17.9000,'Dinner','','2016-11-25 15:18:38','User',NULL,NULL,1),(21,1,'','2016-11-01 00:00:00',201611,29,1166.7900,'VER-2016-11-1','70.52 Hours (35.26 p/w)','2016-11-25 15:12:56','User',NULL,NULL,1),(22,1,'','2016-11-02 00:00:00',201611,29,35.3400,'Cash Back 3','','2016-11-25 15:13:50','User',NULL,NULL,1),(23,1,'','2016-11-10 00:00:00',201611,29,2104.8200,'ATR-2016-11-1','','2016-11-25 15:14:29','User',NULL,NULL,1),(24,1,'','2016-11-15 00:00:00',201611,29,904.9200,'VER-2016-11-2','55.27 Hours (27.63 p/w)','2016-11-25 15:14:56','User',NULL,NULL,1),(25,2,'','2016-11-07 00:00:00',201611,18,156.6000,'Car Insurance','','2016-11-25 15:15:56','User',NULL,NULL,1),(26,2,'','2016-11-02 00:00:00',201611,24,9.7100,'Dessert','','2016-11-25 15:16:37','User',NULL,NULL,1),(27,2,'','2016-11-02 00:00:00',201611,24,16.8800,'Dinner','','2016-11-25 15:16:56','User',NULL,NULL,1),(111,1,'','2016-11-29 00:00:00',201611,29,1128.6700,'VER-2016-11-3','68.30 Hours (34.15 p/w)','2016-11-29 12:11:43','User','2016-11-30 07:42:45','User',1),(30,2,'','2016-11-14 00:00:00',201611,24,5.3000,'Dinner','','2016-11-25 15:22:39','User',NULL,NULL,1),(31,2,'','2016-11-15 00:00:00',201611,24,12.5100,'Dinner','','2016-11-25 15:23:41','User',NULL,NULL,1),(32,2,'','2016-11-16 00:00:00',201611,24,10.5600,'Dinner','','2016-11-25 15:32:18','User',NULL,NULL,1),(33,2,'','2016-11-17 00:00:00',201611,24,23.0200,'Dinner','','2016-11-25 15:32:47','User',NULL,NULL,1),(34,2,'','2016-11-21 00:00:00',201611,24,8.0200,'Dessert','','2016-11-25 15:33:06','User',NULL,NULL,1),(35,2,'','2016-11-16 00:00:00',201611,3,1199.0000,'Emergency Fund','','2016-11-25 15:33:50','User',NULL,NULL,1),(36,2,'','2016-11-03 00:00:00',201611,17,26.7600,'Gas-2016-11-02','','2016-11-25 15:34:49','User',NULL,NULL,1),(37,2,'','2016-11-07 00:00:00',201611,17,33.4800,'Gas-2016-11-01','','2016-11-25 15:36:05','User',NULL,NULL,1),(38,2,'','2016-11-14 00:00:00',201611,17,25.0500,'Gas-2016-11-04','','2016-11-25 15:40:04','User',NULL,NULL,1),(39,2,'','2016-11-15 00:00:00',201611,17,28.0500,'Gas-2016-11-03','','2016-11-25 15:41:10','User',NULL,NULL,1),(40,2,'','2016-11-23 00:00:00',201611,17,24.9000,'Gas-2016-11-05','','2016-11-25 15:41:53','User','2016-11-28 20:45:29','User',1),(41,2,'','2016-11-22 00:00:00',201611,17,26.6500,'Gas-2016-11-06','','2016-11-25 15:42:40','User','2016-11-28 20:45:41','User',1),(42,2,'','2016-11-10 00:00:00',201611,1,326.0000,'Giving','','2016-11-25 15:43:45','User',NULL,NULL,1),(43,2,'','2016-11-04 00:00:00',201611,16,205.1400,'Trader Joes','','2016-11-25 15:44:16','User',NULL,NULL,1),(44,2,'','2016-11-17 00:00:00',201611,16,40.2100,'Kroger','','2016-11-25 15:44:33','User',NULL,NULL,1),(45,2,'','2016-11-01 00:00:00',201611,8,131.0000,'HOA Fee','','2016-11-25 15:45:41','User',NULL,NULL,1),(46,2,'','2016-11-08 00:00:00',201611,9,22.2400,'Home Insurance','','2016-11-25 15:46:33','User',NULL,NULL,1),(47,2,'','2016-11-14 00:00:00',201611,13,7.9900,'Hulu Plus','','2016-11-25 15:47:10','User',NULL,NULL,1),(48,2,'','2016-11-01 00:00:00',201611,12,70.0000,'Internet','','2016-11-25 15:47:43','User',NULL,NULL,1),(49,2,'','2016-11-01 00:00:00',201611,7,713.0000,'Mortgage','','2016-11-25 15:48:19','User',NULL,NULL,1),(50,2,'','2016-11-02 00:00:00',201611,21,31.7400,'Kroger','','2016-11-25 15:50:33','User',NULL,NULL,1),(51,2,'','2016-11-04 00:00:00',201611,21,40.3800,'Walmart','','2016-11-25 15:51:01','User',NULL,NULL,1),(52,2,'','2016-11-07 00:00:00',201611,21,45.3000,'Kohls','','2016-11-25 16:04:07','User',NULL,NULL,1),(53,2,'','2016-11-08 00:00:00',201611,21,60.0000,'Cat - Sitter','','2016-11-25 16:04:51','User',NULL,NULL,1),(54,2,'','2016-11-08 00:00:00',201611,21,36.0000,'Walmart','','2016-11-25 16:05:08','User',NULL,NULL,1),(55,2,'','2016-11-14 00:00:00',201611,21,28.7200,'Kroger','','2016-11-25 16:06:25','User',NULL,NULL,1),(56,2,'','2016-11-14 00:00:00',201611,21,58.2800,'Outlet Mall','','2016-11-25 16:07:06','User',NULL,NULL,1),(57,2,'','2016-11-15 00:00:00',201611,21,15.7700,'Kroger','','2016-11-25 16:07:55','User',NULL,NULL,1),(58,2,'','2016-11-16 00:00:00',201611,21,91.4300,'Walmart','','2016-11-25 16:09:00','User',NULL,NULL,1),(59,2,'','2016-11-21 00:00:00',201611,21,5.3000,'Bed Bath and Beyond','','2016-11-25 16:09:30','User',NULL,NULL,1),(60,2,'','2016-11-21 00:00:00',201611,21,27.0300,'Kohls','','2016-11-25 16:10:18','User',NULL,NULL,1),(61,2,'','2016-11-21 00:00:00',201611,21,22.3300,'Kohls','','2016-11-25 16:10:39','User',NULL,NULL,1),(62,2,'','2016-11-21 00:00:00',201611,21,11.9100,'Kroger','','2016-11-25 16:11:20','User',NULL,NULL,1),(63,2,'','2016-11-21 00:00:00',201611,21,20.5900,'Kroger','','2016-11-25 16:12:04','User',NULL,NULL,1),(64,2,'','2016-11-07 00:00:00',201611,11,272.0000,'Cell Phone','','2016-11-25 16:12:40','User',NULL,NULL,1),(65,2,'','2016-11-10 00:00:00',201611,5,300.0000,'Travel Fund','','2016-11-25 16:15:56','User',NULL,NULL,1),(66,2,'','2016-11-14 00:00:00',201611,2,40.0000,'Vanguard IRA','','2016-11-25 16:16:27','User',NULL,NULL,1),(67,2,'','2016-11-04 00:00:00',201611,25,80.0000,'Cash Withdrawl','','2016-11-25 16:17:03','User',NULL,NULL,1),(68,2,'','2016-11-21 00:00:00',201611,25,86.0000,'Cash Withdrawl','','2016-11-25 16:18:25','User','2016-11-29 19:40:36','User',1),(69,2,'','2016-11-01 00:00:00',201611,22,20.7800,'Lunch','','2016-11-25 16:20:07','User',NULL,NULL,1),(70,2,'','2016-11-02 00:00:00',201611,22,1.4500,'Snack','','2016-11-25 16:20:27','User',NULL,NULL,1),(71,2,'','2016-11-03 00:00:00',201611,22,8.3000,'Breakfast','','2016-11-25 16:21:03','User',NULL,NULL,1),(72,2,'','2016-11-03 00:00:00',201611,22,5.2800,'Breakfast','','2016-11-25 16:21:26','User',NULL,NULL,1),(73,2,'','2016-11-03 00:00:00',201611,22,1.4500,'Snack','','2016-11-25 16:22:06','User',NULL,NULL,1),(74,2,'','2016-11-07 00:00:00',201611,22,11.3100,'Lunch','','2016-11-25 16:22:31','User',NULL,NULL,1),(75,2,'','2016-11-07 00:00:00',201611,22,28.0000,'Pub','','2016-11-25 16:22:49','User',NULL,NULL,1),(76,2,'','2016-11-07 00:00:00',201611,22,13.1200,'Snack','','2016-11-25 16:23:30','User',NULL,NULL,1),(77,2,'','2016-11-07 00:00:00',201611,22,7.5700,'iTunes','','2016-11-25 16:24:15','User',NULL,NULL,1),(78,2,'','2016-11-08 00:00:00',201611,22,5.2800,'Breakfast','','2016-11-25 16:24:34','User',NULL,NULL,1),(79,2,'','2016-11-10 00:00:00',201611,22,5.8100,'Breakfast','','2016-11-25 16:25:03','User',NULL,NULL,1),(80,2,'','2016-11-14 00:00:00',201611,22,14.7800,'Breakfast','','2016-11-25 16:25:21','User',NULL,NULL,1),(81,2,'','2016-11-14 00:00:00',201611,22,28.7200,'Kroger','','2016-11-25 16:25:52','User',NULL,NULL,1),(82,2,'','2016-11-14 00:00:00',201611,22,20.6800,'Lunch','','2016-11-25 16:26:13','User',NULL,NULL,1),(83,2,'','2016-11-14 00:00:00',201611,22,38.8600,'Lunch','','2016-11-25 16:26:32','User',NULL,NULL,1),(84,2,'','2016-11-14 00:00:00',201611,22,14.5800,'Lunch','','2016-11-25 16:26:48','User',NULL,NULL,1),(85,2,'','2016-11-14 00:00:00',201611,22,12.4900,'Pub','','2016-11-25 16:27:17','User',NULL,NULL,1),(86,2,'','2016-11-14 00:00:00',201611,22,8.4700,'iTunes','','2016-11-25 16:27:35','User',NULL,NULL,1),(87,2,'','2016-11-16 00:00:00',201611,22,41.8400,'Hobby Lobby','','2016-11-25 16:28:01','User',NULL,NULL,1),(88,2,'','2016-11-17 00:00:00',201611,22,5.2800,'Breakfast','','2016-11-25 16:28:20','User',NULL,NULL,1),(89,2,'','2016-11-18 00:00:00',201611,22,3.0700,'Snack','','2016-11-25 16:28:39','User',NULL,NULL,1),(90,2,'','2016-11-21 00:00:00',201611,22,10.5700,'Lunch','','2016-11-25 16:28:59','User',NULL,NULL,1),(91,2,'','2016-11-29 00:00:00',201611,22,1.0500,'iTunes','','2016-11-28 20:45:07','User','2016-11-30 07:41:11','User',1),(92,2,'','2016-11-28 00:00:00',201611,2,40.0000,'Vanguard IRA','','2016-11-28 20:45:52','User','2016-11-29 12:08:55','User',1),(93,2,'','2016-11-29 00:00:00',201611,22,1.4500,'Snack','','2016-11-28 20:46:03','User','2016-11-30 07:41:34','User',1),(94,2,'','2016-11-28 00:00:00',201611,21,10.2500,'Rite Aid','','2016-11-28 20:46:23','User','2016-11-29 12:08:29','User',1),(95,2,'','2016-11-30 00:00:00',201611,22,5.0000,'Lunch','','2016-11-28 20:46:38','User',NULL,NULL,1),(96,2,'','2016-11-30 00:00:00',201611,17,23.3000,'Gas-2016-11-07','','2016-11-28 20:46:59','User',NULL,NULL,1),(97,2,'','2016-11-27 00:00:00',201611,23,50.0000,'Sozo International','','2016-11-28 20:47:39','User',NULL,NULL,1),(98,2,'','2016-11-25 00:00:00',201611,22,16.5700,'iTunes','','2016-11-28 20:47:57','User','2016-11-28 20:48:19','User',1),(99,2,'','2016-11-25 00:00:00',201611,5,300.0000,'Travel Fund','','2016-11-28 20:48:40','User',NULL,NULL,1),(100,2,'','2016-11-25 00:00:00',201611,14,9.9900,'Netflix','','2016-11-28 20:49:49','User',NULL,NULL,1),(101,2,'','2016-11-25 00:00:00',201611,22,22.2300,'Lunch','','2016-11-28 20:50:33','User',NULL,NULL,1),(102,2,'','2016-11-25 00:00:00',201611,10,79.0000,'LG&E','','2016-11-28 20:50:52','User',NULL,NULL,1),(103,2,'','2016-11-25 00:00:00',201611,1,326.0000,'Giving','','2016-11-28 20:50:59','User',NULL,NULL,1),(104,2,'','2016-11-25 00:00:00',201611,3,1199.0000,'Emergency Fund','','2016-11-28 20:51:06','User',NULL,NULL,1),(105,1,'','2016-11-25 00:00:00',201611,29,2104.8400,'ATR-2016-11-2','','2016-11-28 20:51:21','User',NULL,NULL,1),(106,2,'','2016-11-23 00:00:00',201611,23,25.0000,'Humane Society','','2016-11-28 20:52:02','User',NULL,NULL,1),(107,2,'','2016-11-23 00:00:00',201611,24,16.8800,'Dinner','','2016-11-28 20:52:37','User',NULL,NULL,1),(108,2,'','2016-11-23 00:00:00',201611,24,9.7100,'Dessert','','2016-11-28 20:53:17','User',NULL,NULL,1),(126,2,'','2016-11-29 00:00:00',201611,21,30.0000,'Walmart','','2016-11-30 07:48:20','User','2016-11-30 11:07:03','User',1),(127,2,'','2016-11-29 00:00:00',201611,23,25.0000,'Cookson Auction','','2016-12-01 05:47:35','User',NULL,NULL,1),(125,2,'','2016-11-29 00:00:00',201611,16,38.4700,'Walmart','','2016-11-30 07:48:06','User','2016-11-30 11:07:13','User',1),(123,2,'','2016-11-30 00:00:00',201611,24,26.0800,'Dinner','','2016-11-30 07:43:15','User',NULL,NULL,1),(128,2,'','2016-12-02 00:00:00',201612,22,6.1300,'Breakfast','','2016-12-01 12:37:24','User','2016-12-03 07:30:24','User',1),(129,2,'','2016-12-01 00:00:00',201612,8,131.0000,'Home Owners Fee','','2016-12-01 12:38:07','User','2016-12-08 22:00:30','User',1),(130,2,'','2016-12-01 00:00:00',201612,12,70.0000,'Internet','','2016-12-01 12:38:21','User','2016-12-02 07:47:02','User',1),(131,2,'','2016-12-01 00:00:00',201612,22,54.6400,'Hobby Lobby','','2016-12-01 17:51:20','User','2016-12-02 07:46:53','User',1),(1060,2,NULL,'2016-09-28 00:00:00',201609,16,128.8600,'Trader Joes',NULL,'2016-12-01 00:00:00','Upload',NULL,NULL,1),(1059,2,NULL,'2016-09-16 00:00:00',201609,16,72.5900,'Kroger',NULL,'2016-12-01 00:00:00','Upload',NULL,NULL,1),(1058,2,NULL,'2016-09-06 00:00:00',201609,16,97.5700,'Sams Club',NULL,'2016-12-01 00:00:00','Upload',NULL,NULL,1),(1057,2,NULL,'2016-09-01 00:00:00',201609,16,17.3200,'Kroger',NULL,'2016-12-01 00:00:00','Upload',NULL,NULL,1),(1056,2,NULL,'2016-08-31 00:00:00',201608,16,11.6500,'Kroger',NULL,'2016-12-01 00:00:00','Upload',NULL,NULL,1),(1055,2,NULL,'2016-08-31 00:00:00',201608,16,37.0800,'Kroger',NULL,'2016-12-01 00:00:00','Upload',NULL,NULL,1),(1054,2,NULL,'2016-08-22 00:00:00',201608,16,52.5400,'Kroger',NULL,'2016-12-01 00:00:00','Upload',NULL,NULL,1),(1053,2,NULL,'2016-08-17 00:00:00',201608,16,81.5600,'Trader Joes',NULL,'2016-12-01 00:00:00','Upload',NULL,NULL,1),(1052,2,NULL,'2016-08-15 00:00:00',201608,16,16.6100,'Kroger',NULL,'2016-12-01 00:00:00','Upload',NULL,NULL,1),(1051,2,NULL,'2016-08-09 00:00:00',201608,16,106.5000,'Trader Joes',NULL,'2016-12-01 00:00:00','Upload',NULL,NULL,1),(1050,2,NULL,'2016-08-09 00:00:00',201608,16,10.5800,'Kroger',NULL,'2016-12-01 00:00:00','Upload',NULL,NULL,1),(1049,2,NULL,'2016-08-01 00:00:00',201608,16,51.8400,'Sams Club',NULL,'2016-12-01 00:00:00','Upload',NULL,NULL,1),(1048,2,NULL,'2016-08-01 00:00:00',201608,16,99.5200,'Kroger',NULL,'2016-12-01 00:00:00','Upload',NULL,NULL,1),(1047,2,NULL,'2016-07-29 00:00:00',201607,16,2.2900,'Kroger',NULL,'2016-12-01 00:00:00','Upload',NULL,NULL,1),(1046,2,NULL,'2016-07-25 00:00:00',201607,16,53.1200,'Trader Joes',NULL,'2016-12-01 00:00:00','Upload',NULL,NULL,1),(1045,2,NULL,'2016-07-05 00:00:00',201607,16,192.5800,'Trader Joes',NULL,'2016-12-01 00:00:00','Upload',NULL,NULL,1),(1044,2,NULL,'2016-07-05 00:00:00',201607,16,67.6100,'Sams Club',NULL,'2016-12-01 00:00:00','Upload',NULL,NULL,1),(1043,2,NULL,'2016-06-27 00:00:00',201606,16,41.8600,'Kroger',NULL,'2016-12-01 00:00:00','Upload',NULL,NULL,1),(1042,2,NULL,'2016-06-27 00:00:00',201606,16,9.5300,'Kroger',NULL,'2016-12-01 00:00:00','Upload',NULL,NULL,1),(1041,2,NULL,'2016-06-20 00:00:00',201606,16,22.4900,'Kroger',NULL,'2016-12-01 00:00:00','Upload',NULL,NULL,1),(1040,2,NULL,'2016-06-13 00:00:00',201606,16,175.8400,'Trader Joes',NULL,'2016-12-01 00:00:00','Upload',NULL,NULL,1),(1039,2,NULL,'2016-05-31 00:00:00',201605,16,45.0000,'Sams Club',NULL,'2016-12-01 00:00:00','Upload',NULL,NULL,1),(1038,2,NULL,'2016-05-18 00:00:00',201605,16,128.5800,'Trader Joes',NULL,'2016-12-01 00:00:00','Upload',NULL,NULL,1),(1037,2,NULL,'2016-05-17 00:00:00',201605,16,90.2900,'Kroger',NULL,'2016-12-01 00:00:00','Upload',NULL,NULL,1),(1036,2,NULL,'2016-05-06 00:00:00',201605,16,82.9300,'Sams Club',NULL,'2016-12-01 00:00:00','Upload',NULL,NULL,1),(1035,2,NULL,'2016-04-25 00:00:00',201604,16,44.1600,'Kroger',NULL,'2016-12-01 00:00:00','Upload',NULL,NULL,1),(1034,2,NULL,'2016-04-04 00:00:00',201604,16,113.3300,'Trader Joes',NULL,'2016-12-01 00:00:00','Upload',NULL,NULL,1),(1033,2,NULL,'2016-04-04 00:00:00',201604,16,100.5700,'Sams Club',NULL,'2016-12-01 00:00:00','Upload',NULL,NULL,1),(1032,2,NULL,'2016-04-04 00:00:00',201604,16,38.1500,'Kroger',NULL,'2016-12-01 00:00:00','Upload',NULL,NULL,1),(1031,2,NULL,'2016-10-31 00:00:00',201610,1,336.0000,'Giving',NULL,'2016-12-01 00:00:00','Upload',NULL,NULL,1),(1030,2,NULL,'2016-10-14 00:00:00',201610,1,336.0000,'Giving',NULL,'2016-12-01 00:00:00','Upload',NULL,NULL,1),(1029,2,NULL,'2016-08-19 00:00:00',201608,1,334.0000,'Giving',NULL,'2016-12-01 00:00:00','Upload',NULL,NULL,1),(1028,2,NULL,'2016-08-05 00:00:00',201608,1,334.0000,'Giving',NULL,'2016-12-01 00:00:00','Upload',NULL,NULL,1),(1027,2,NULL,'2016-04-15 00:00:00',201604,1,202.0000,'Giving',NULL,'2016-12-01 00:00:00','Upload',NULL,NULL,1),(1026,2,NULL,'2016-04-01 00:00:00',201604,1,200.0000,'Giving',NULL,'2016-12-01 00:00:00','Upload',NULL,NULL,1),(1025,2,NULL,'2016-10-24 00:00:00',201610,23,5.2500,'Gift - Chris Bday',NULL,'2016-12-01 00:00:00','Upload',NULL,NULL,1),(1024,2,NULL,'2016-10-24 00:00:00',201610,23,75.0000,'Gift - Chris Bday',NULL,'2016-12-01 00:00:00','Upload',NULL,NULL,1),(1023,2,NULL,'2016-09-12 00:00:00',201609,23,61.1900,'Gift - Rob Bday',NULL,'2016-12-01 00:00:00','Upload',NULL,NULL,1),(1022,2,NULL,'2016-08-31 00:00:00',201608,23,79.9900,'Gift - Anna Baby Shower',NULL,'2016-12-01 00:00:00','Upload',NULL,NULL,1),(1021,2,NULL,'2016-08-25 00:00:00',201608,23,35.0100,'Gift - Anna Baby Shower',NULL,'2016-12-01 00:00:00','Upload',NULL,NULL,1),(1020,2,NULL,'2016-08-17 00:00:00',201608,23,61.9600,'Gift - Jordan Bday',NULL,'2016-12-01 00:00:00','Upload',NULL,NULL,1),(1019,2,NULL,'2016-08-07 00:00:00',201608,23,31.0800,'Gift - Jordan Bday',NULL,'2016-12-01 00:00:00','Upload',NULL,NULL,1),(1018,2,NULL,'2016-07-26 00:00:00',201607,23,64.9800,'Gift - Kara',NULL,'2016-12-01 00:00:00','Upload',NULL,NULL,1),(1017,2,NULL,'2016-07-21 00:00:00',201607,23,34.4800,'Gift - Anna Baby Shower',NULL,'2016-12-01 00:00:00','Upload',NULL,NULL,1),(1016,2,NULL,'2016-07-11 00:00:00',201607,23,25.0000,'Gift - PT',NULL,'2016-12-01 00:00:00','Upload',NULL,NULL,1),(1015,2,NULL,'2016-06-20 00:00:00',201606,23,80.0000,'Gift - Fathers Day',NULL,'2016-12-01 00:00:00','Upload',NULL,NULL,1),(1014,2,NULL,'2016-06-13 00:00:00',201606,23,36.0000,'Gift - Kaitlyn Wedding',NULL,'2016-12-01 00:00:00','Upload',NULL,NULL,1),(1013,2,NULL,'2016-06-13 00:00:00',201606,23,45.0000,'Gift - Kaitlyn Wedding',NULL,'2016-12-01 00:00:00','Upload',NULL,NULL,1),(1012,2,NULL,'2016-06-13 00:00:00',201606,23,75.0000,'Gift - Kaitlyn Wedding',NULL,'2016-12-01 00:00:00','Upload',NULL,NULL,1),(1011,2,NULL,'2016-06-09 00:00:00',201606,23,55.6000,'Gift - Kaitlyn Wedding',NULL,'2016-12-01 00:00:00','Upload',NULL,NULL,1),(1010,2,NULL,'2016-06-06 00:00:00',201606,23,100.0000,'Gift - Mel Graduation',NULL,'2016-12-01 00:00:00','Upload',NULL,NULL,1),(1009,2,NULL,'2016-05-31 00:00:00',201605,23,39.9400,'Gift - Kaitlyn Wedding',NULL,'2016-12-01 00:00:00','Upload',NULL,NULL,1),(1008,2,NULL,'2016-05-24 00:00:00',201605,23,18.7400,'Gift - Kelly Book',NULL,'2016-12-01 00:00:00','Upload',NULL,NULL,1),(1007,2,NULL,'2016-05-23 00:00:00',201605,23,20.1100,'Gift - Kaitlyn Party',NULL,'2016-12-01 00:00:00','Upload',NULL,NULL,1),(1006,2,NULL,'2016-05-23 00:00:00',201605,23,15.2700,'Gift - Kaitlyn Party',NULL,'2016-12-01 00:00:00','Upload',NULL,NULL,1),(1005,2,NULL,'2016-05-23 00:00:00',201605,23,46.4600,'Gift - Kaitlyn Party',NULL,'2016-12-01 00:00:00','Upload',NULL,NULL,1),(1004,2,NULL,'2016-05-23 00:00:00',201605,23,50.6500,'Gift - Interns',NULL,'2016-12-01 00:00:00','Upload',NULL,NULL,1),(1003,2,NULL,'2016-05-20 00:00:00',201605,23,25.9500,'Gift - Kaitlyn Party',NULL,'2016-12-01 00:00:00','Upload',NULL,NULL,1),(1002,2,NULL,'2016-05-20 00:00:00',201605,23,7.0000,'Gift - Kaitlyn Party',NULL,'2016-12-01 00:00:00','Upload',NULL,NULL,1),(1001,2,NULL,'2016-05-20 00:00:00',201605,23,83.2900,'Gift - Kaitlyn Party',NULL,'2016-12-01 00:00:00','Upload',NULL,NULL,1),(1000,2,NULL,'2016-05-19 00:00:00',201605,23,14.9700,'Gift - Mel Graduation',NULL,'2016-12-01 00:00:00','Upload',NULL,NULL,1),(999,2,NULL,'2016-05-19 00:00:00',201605,23,24.8300,'Gift - Kaitlyn Party',NULL,'2016-12-01 00:00:00','Upload',NULL,NULL,1),(998,2,NULL,'2016-05-16 00:00:00',201605,23,28.9700,'Gift - Pinning Ceremony',NULL,'2016-12-01 00:00:00','Upload',NULL,NULL,1),(997,2,NULL,'2016-05-12 00:00:00',201605,23,37.0900,'Gift - Wedding',NULL,'2016-12-01 00:00:00','Upload',NULL,NULL,1),(996,2,NULL,'2016-05-10 00:00:00',201605,23,35.6200,'Gift - Mothers Day',NULL,'2016-12-01 00:00:00','Upload',NULL,NULL,1),(995,2,NULL,'2016-05-10 00:00:00',201605,23,13.4600,'Gift - Mothers Day',NULL,'2016-12-01 00:00:00','Upload',NULL,NULL,1),(994,2,NULL,'2016-05-09 00:00:00',201605,23,24.7400,'Gift - Mothers Day',NULL,'2016-12-01 00:00:00','Upload',NULL,NULL,1),(993,2,NULL,'2016-05-09 00:00:00',201605,23,7.0800,'Gift - Mothers Day',NULL,'2016-12-01 00:00:00','Upload',NULL,NULL,1),(992,2,NULL,'2016-05-04 00:00:00',201605,23,44.9800,'Gift - Mothers Day',NULL,'2016-12-01 00:00:00','Upload',NULL,NULL,1),(991,2,NULL,'2016-04-27 00:00:00',201604,23,75.0000,'Gift - Kaitlyn Shower',NULL,'2016-12-01 00:00:00','Upload',NULL,NULL,1),(990,2,NULL,'2016-04-25 00:00:00',201604,23,31.7800,'Gift - Lauryn Shower',NULL,'2016-12-01 00:00:00','Upload',NULL,NULL,1),(989,2,NULL,'2016-04-25 00:00:00',201604,23,126.0000,'Gift - Kaitlyn Shower',NULL,'2016-12-01 00:00:00','Upload',NULL,NULL,1),(988,2,NULL,'2016-04-22 00:00:00',201604,23,22.2300,'Gift - Kaitlyn Shower',NULL,'2016-12-01 00:00:00','Upload',NULL,NULL,1),(987,2,NULL,'2016-04-22 00:00:00',201604,23,40.3300,'Gift - Kaitlyn Shower',NULL,'2016-12-01 00:00:00','Upload',NULL,NULL,1),(986,2,NULL,'2016-04-22 00:00:00',201604,23,22.9000,'Gift - Kaitlyn Shower',NULL,'2016-12-01 00:00:00','Upload',NULL,NULL,1),(985,2,NULL,'2016-04-21 00:00:00',201604,23,41.3400,'Gift - Kaitlyn Shower',NULL,'2016-12-01 00:00:00','Upload',NULL,NULL,1),(984,2,NULL,'2016-04-21 00:00:00',201604,23,51.8300,'Gift - Kaitlyn Shower',NULL,'2016-12-01 00:00:00','Upload',NULL,NULL,1),(983,2,NULL,'2016-04-19 00:00:00',201604,23,1.5000,'Gift - Kaitlyn Shower',NULL,'2016-12-01 00:00:00','Upload',NULL,NULL,1),(982,2,NULL,'2016-04-19 00:00:00',201604,23,3.5000,'Gift - Kaitlyn Shower',NULL,'2016-12-01 00:00:00','Upload',NULL,NULL,1),(981,2,NULL,'2016-04-19 00:00:00',201604,23,5.0000,'Gift - Kaitlyn Shower',NULL,'2016-12-01 00:00:00','Upload',NULL,NULL,1),(980,2,NULL,'2016-04-19 00:00:00',201604,23,4.0000,'Gift - Kaitlyn Shower',NULL,'2016-12-01 00:00:00','Upload',NULL,NULL,1),(979,2,NULL,'2016-04-19 00:00:00',201604,23,93.8900,'Gift - Kaitlyn Shower',NULL,'2016-12-01 00:00:00','Upload',NULL,NULL,1),(978,2,NULL,'2016-04-14 00:00:00',201604,23,13.7800,'Gift - Kaitlyn Shower',NULL,'2016-12-01 00:00:00','Upload',NULL,NULL,1),(977,2,NULL,'2016-04-14 00:00:00',201604,23,28.7400,'Gift - Kaitlyn Shower',NULL,'2016-12-01 00:00:00','Upload',NULL,NULL,1),(976,2,NULL,'2016-04-07 00:00:00',201604,23,9.8000,'Gift - Kaitlyn Shower',NULL,'2016-12-01 00:00:00','Upload',NULL,NULL,1),(975,2,NULL,'2016-04-06 00:00:00',201604,23,15.7200,'Gift - Take A Meal',NULL,'2016-12-01 00:00:00','Upload',NULL,NULL,1),(974,2,NULL,'2016-04-05 00:00:00',201604,23,23.9800,'Gift - Kaitlyn Shower',NULL,'2016-12-01 00:00:00','Upload',NULL,NULL,1),(973,2,NULL,'2016-10-31 00:00:00',201610,17,21.1800,'Gas-2016-10-09',NULL,'2016-12-01 00:00:00','Upload',NULL,NULL,1),(972,2,NULL,'2016-10-24 00:00:00',201610,17,36.1700,'Gas-2016-10-07',NULL,'2016-12-01 00:00:00','Upload',NULL,NULL,1),(971,2,NULL,'2016-10-21 00:00:00',201610,17,22.1700,'Gas-2016-10-08',NULL,'2016-12-01 00:00:00','Upload',NULL,NULL,1),(970,2,NULL,'2016-10-14 00:00:00',201610,17,28.5400,'Gas-2016-10-04',NULL,'2016-12-01 00:00:00','Upload',NULL,NULL,1),(969,2,NULL,'2016-10-13 00:00:00',201610,17,20.1200,'Gas-2016-10-03',NULL,'2016-12-01 00:00:00','Upload',NULL,NULL,1),(968,2,NULL,'2016-10-12 00:00:00',201610,17,30.2800,'Gas-2016-10-06',NULL,'2016-12-01 00:00:00','Upload',NULL,NULL,1),(967,2,NULL,'2016-10-05 00:00:00',201610,17,26.3500,'Gas-2016-10-01',NULL,'2016-12-01 00:00:00','Upload',NULL,NULL,1),(966,2,NULL,'2016-10-03 00:00:00',201610,17,21.1800,'Gas-2016-10-02',NULL,'2016-12-01 00:00:00','Upload',NULL,NULL,1),(965,2,NULL,'2016-09-28 00:00:00',201609,17,30.8300,'Gas-2016-09-09',NULL,'2016-12-01 00:00:00','Upload',NULL,NULL,1),(964,2,NULL,'2016-09-27 00:00:00',201609,17,28.7300,'Gas-2016-09-08',NULL,'2016-12-01 00:00:00','Upload',NULL,NULL,1),(963,2,NULL,'2016-09-27 00:00:00',201609,17,14.0400,'Gas-2016-09-07',NULL,'2016-12-01 00:00:00','Upload',NULL,NULL,1),(962,2,NULL,'2016-09-22 00:00:00',201609,17,30.4600,'Gas-2016-09-06',NULL,'2016-12-01 00:00:00','Upload',NULL,NULL,1),(961,2,NULL,'2016-09-19 00:00:00',201609,17,21.1900,'Gas-2016-09-05',NULL,'2016-12-01 00:00:00','Upload',NULL,NULL,1),(960,2,NULL,'2016-09-14 00:00:00',201609,17,28.2200,'Gas-2016-09-04',NULL,'2016-12-01 00:00:00','Upload',NULL,NULL,1),(959,2,NULL,'2016-09-06 00:00:00',201609,17,32.3600,'Gas-2016-09-03',NULL,'2016-12-01 00:00:00','Upload',NULL,NULL,1),(958,2,NULL,'2016-09-06 00:00:00',201609,17,31.7700,'Gas-2016-09-01',NULL,'2016-12-01 00:00:00','Upload',NULL,NULL,1),(957,2,NULL,'2016-09-02 00:00:00',201609,17,21.1800,'Gas-2016-09-02',NULL,'2016-12-01 00:00:00','Upload',NULL,NULL,1),(956,2,NULL,'2016-08-29 00:00:00',201608,17,29.7600,'Gas-2016-08-11',NULL,'2016-12-01 00:00:00','Upload',NULL,NULL,1),(955,2,NULL,'2016-08-29 00:00:00',201608,17,21.1800,'Gas-2016-08-10',NULL,'2016-12-01 00:00:00','Upload',NULL,NULL,1),(954,2,NULL,'2016-08-24 00:00:00',201608,17,28.9100,'Gas-2016-08-07',NULL,'2016-12-01 00:00:00','Upload',NULL,NULL,1),(953,2,NULL,'2016-08-24 00:00:00',201608,17,21.1800,'Gas-2016-08-06',NULL,'2016-12-01 00:00:00','Upload',NULL,NULL,1),(952,2,NULL,'2016-08-22 00:00:00',201608,17,28.1100,'Gas-2016-08-08',NULL,'2016-12-01 00:00:00','Upload',NULL,NULL,1),(951,2,NULL,'2016-08-18 00:00:00',201608,17,20.1200,'Gas-2016-08-09',NULL,'2016-12-01 00:00:00','Upload',NULL,NULL,1),(950,2,NULL,'2016-08-15 00:00:00',201608,17,27.1700,'Gas-2016-08-05',NULL,'2016-12-01 00:00:00','Upload',NULL,NULL,1),(949,2,NULL,'2016-08-08 00:00:00',201608,17,7.0600,'Gas-2016-08-04',NULL,'2016-12-01 00:00:00','Upload',NULL,NULL,1),(948,2,NULL,'2016-08-08 00:00:00',201608,17,26.1300,'Gas-2016-08-02',NULL,'2016-12-01 00:00:00','Upload',NULL,NULL,1),(947,2,NULL,'2016-08-08 00:00:00',201608,17,30.3600,'Gas-2016-08-01',NULL,'2016-12-01 00:00:00','Upload',NULL,NULL,1),(946,2,NULL,'2016-08-02 00:00:00',201608,17,17.4700,'Gas-2016-08-03',NULL,'2016-12-01 00:00:00','Upload',NULL,NULL,1),(945,2,NULL,'2016-07-28 00:00:00',201607,17,34.2300,'Gas-2016-07-08',NULL,'2016-12-01 00:00:00','Upload',NULL,NULL,1),(944,2,NULL,'2016-07-25 00:00:00',201607,17,26.7100,'Gas-2016-07-07',NULL,'2016-12-01 00:00:00','Upload',NULL,NULL,1),(943,2,NULL,'2016-07-22 00:00:00',201607,17,26.8000,'Gas-2016-07-06',NULL,'2016-12-01 00:00:00','Upload',NULL,NULL,1),(942,2,NULL,'2016-07-13 00:00:00',201607,17,28.6500,'Gas-2016-07-05',NULL,'2016-12-01 00:00:00','Upload',NULL,NULL,1),(941,2,NULL,'2016-07-11 00:00:00',201607,17,33.4700,'Gas-2016-07-04',NULL,'2016-12-01 00:00:00','Upload',NULL,NULL,1),(940,2,NULL,'2016-07-08 00:00:00',201607,17,14.8200,'Gas-2016-07-03',NULL,'2016-12-01 00:00:00','Upload',NULL,NULL,1),(939,2,NULL,'2016-07-05 00:00:00',201607,17,21.1800,'Gas-2016-07-02',NULL,'2016-12-01 00:00:00','Upload',NULL,NULL,1),(938,2,NULL,'2016-07-01 00:00:00',201607,17,31.7500,'Gas-2016-07-01',NULL,'2016-12-01 00:00:00','Upload',NULL,NULL,1),(937,2,NULL,'2016-06-27 00:00:00',201606,17,30.9400,'Gas-2016-06-08',NULL,'2016-12-01 00:00:00','Upload',NULL,NULL,1),(936,2,NULL,'2016-06-27 00:00:00',201606,17,13.9200,'Gas-2016-06-07',NULL,'2016-12-01 00:00:00','Upload',NULL,NULL,1),(935,2,NULL,'2016-06-24 00:00:00',201606,17,19.0600,'Gas-2016-06-09',NULL,'2016-12-01 00:00:00','Upload',NULL,NULL,1),(934,2,NULL,'2016-06-20 00:00:00',201606,17,32.7300,'Gas-2016-06-06',NULL,'2016-12-01 00:00:00','Upload',NULL,NULL,1),(933,2,NULL,'2016-06-20 00:00:00',201606,17,19.0600,'Gas-2016-06-05',NULL,'2016-12-01 00:00:00','Upload',NULL,NULL,1),(932,2,NULL,'2016-06-14 00:00:00',201606,17,29.3300,'Gas-2016-06-04',NULL,'2016-12-01 00:00:00','Upload',NULL,NULL,1),(931,2,NULL,'2016-06-13 00:00:00',201606,17,33.7500,'Gas-2016-06-03',NULL,'2016-12-01 00:00:00','Upload',NULL,NULL,1),(930,2,NULL,'2016-06-01 00:00:00',201606,17,29.1900,'Gas-2016-06-02',NULL,'2016-12-01 00:00:00','Upload',NULL,NULL,1),(929,2,NULL,'2016-06-01 00:00:00',201606,17,29.0600,'Gas-2016-06-01',NULL,'2016-12-01 00:00:00','Upload',NULL,NULL,1),(928,2,NULL,'2016-05-27 00:00:00',201605,17,26.4800,'Gas-2016-05-08',NULL,'2016-12-01 00:00:00','Upload',NULL,NULL,1),(927,2,NULL,'2016-05-27 00:00:00',201605,17,34.9800,'Gas-2016-05-07',NULL,'2016-12-01 00:00:00','Upload',NULL,NULL,1),(926,2,NULL,'2016-05-19 00:00:00',201605,17,36.9400,'Gas-2016-05-06',NULL,'2016-12-01 00:00:00','Upload',NULL,NULL,1),(925,2,NULL,'2016-05-19 00:00:00',201605,17,26.6700,'Gas-2016-05-05',NULL,'2016-12-01 00:00:00','Upload',NULL,NULL,1),(924,2,NULL,'2016-05-16 00:00:00',201605,17,32.4800,'Gas-2016-05-04',NULL,'2016-12-01 00:00:00','Upload',NULL,NULL,1),(923,2,NULL,'2016-05-13 00:00:00',201605,17,27.9600,'Gas-2016-05-03',NULL,'2016-12-01 00:00:00','Upload',NULL,NULL,1),(922,2,NULL,'2016-05-09 00:00:00',201605,17,32.5100,'Gas-2016-05-01',NULL,'2016-12-01 00:00:00','Upload',NULL,NULL,1),(921,2,NULL,'2016-05-06 00:00:00',201605,17,27.3300,'Gas-2016-05-02',NULL,'2016-12-01 00:00:00','Upload',NULL,NULL,1),(920,2,NULL,'2016-04-29 00:00:00',201604,17,25.4200,'Gas-2016-04-10',NULL,'2016-12-01 00:00:00','Upload',NULL,NULL,1),(919,2,NULL,'2016-04-27 00:00:00',201604,17,27.2300,'Gas-2016-04-09',NULL,'2016-12-01 00:00:00','Upload',NULL,NULL,1),(918,2,NULL,'2016-04-27 00:00:00',201604,17,28.6100,'Gas-2016-04-08',NULL,'2016-12-01 00:00:00','Upload',NULL,NULL,1),(917,2,NULL,'2016-04-22 00:00:00',201604,17,14.8300,'Gas-2016-04-07',NULL,'2016-12-01 00:00:00','Upload',NULL,NULL,1),(916,2,NULL,'2016-04-21 00:00:00',201604,17,23.7100,'Gas-2016-04-06',NULL,'2016-12-01 00:00:00','Upload',NULL,NULL,1),(915,2,NULL,'2016-04-20 00:00:00',201604,17,27.9100,'Gas-2016-04-05',NULL,'2016-12-01 00:00:00','Upload',NULL,NULL,1),(914,2,NULL,'2016-04-11 00:00:00',201604,17,14.8800,'Gas-2016-04-04',NULL,'2016-12-01 00:00:00','Upload',NULL,NULL,1),(913,2,NULL,'2016-04-11 00:00:00',201604,17,20.2000,'Gas-2016-04-03',NULL,'2016-12-01 00:00:00','Upload',NULL,NULL,1),(912,2,NULL,'2016-04-08 00:00:00',201604,17,31.6500,'Gas-2016-04-01',NULL,'2016-12-01 00:00:00','Upload',NULL,NULL,1),(911,2,NULL,'2016-04-06 00:00:00',201604,17,23.1100,'Gas-2016-04-02',NULL,'2016-12-01 00:00:00','Upload',NULL,NULL,1),(910,2,NULL,'2016-09-19 00:00:00',201609,27,1545.0000,'FedLoan',NULL,'2016-12-01 00:00:00','Upload',NULL,NULL,1),(909,2,NULL,'2016-07-22 00:00:00',201607,27,1902.0000,'FedLoan',NULL,'2016-12-01 00:00:00','Upload',NULL,NULL,1),(908,2,NULL,'2016-07-15 00:00:00',201607,27,187.0000,'FedLoan',NULL,'2016-12-01 00:00:00','Upload',NULL,NULL,1),(907,2,NULL,'2016-06-23 00:00:00',201606,27,1901.0000,'FedLoan',NULL,'2016-12-01 00:00:00','Upload',NULL,NULL,1),(906,2,NULL,'2016-10-31 00:00:00',201610,3,1472.0000,'Emergency Fund',NULL,'2016-12-01 00:00:00','Upload',NULL,NULL,1),(905,2,NULL,'2016-10-18 00:00:00',201610,3,1472.0000,'Emergency Fund',NULL,'2016-12-01 00:00:00','Upload',NULL,NULL,1),(904,2,NULL,'2016-06-28 00:00:00',201606,3,8500.0000,'Emergency Fund',NULL,'2016-12-01 00:00:00','Upload',NULL,NULL,1),(903,2,NULL,'2016-06-10 00:00:00',201606,3,96.0000,'Emergency Fund',NULL,'2016-12-01 00:00:00','Upload',NULL,NULL,1),(902,2,NULL,'2016-04-15 00:00:00',201604,3,96.0000,'Emergency Fund',NULL,'2016-12-01 00:00:00','Upload',NULL,NULL,1),(901,2,NULL,'2016-04-01 00:00:00',201604,3,194.0000,'Emergency Fund',NULL,'2016-12-01 00:00:00','Upload',NULL,NULL,1),(900,2,NULL,'2016-10-26 00:00:00',201610,24,11.4300,'Dinner',NULL,'2016-12-01 00:00:00','Upload',NULL,NULL,1),(899,2,NULL,'2016-10-25 00:00:00',201610,24,42.7900,'Dinner',NULL,'2016-12-01 00:00:00','Upload',NULL,NULL,1),(898,2,NULL,'2016-10-24 00:00:00',201610,24,7.9300,'Dessert',NULL,'2016-12-01 00:00:00','Upload',NULL,NULL,1),(897,2,NULL,'2016-10-19 00:00:00',201610,24,8.6500,'Dinner',NULL,'2016-12-01 00:00:00','Upload',NULL,NULL,1),(896,2,NULL,'2016-10-17 00:00:00',201610,24,21.8100,'Dinner',NULL,'2016-12-01 00:00:00','Upload',NULL,NULL,1),(895,2,NULL,'2016-10-17 00:00:00',201610,24,10.8800,'Dinner',NULL,'2016-12-01 00:00:00','Upload',NULL,NULL,1),(894,2,NULL,'2016-10-13 00:00:00',201610,24,23.0200,'Dinner',NULL,'2016-12-01 00:00:00','Upload',NULL,NULL,1),(893,2,NULL,'2016-10-12 00:00:00',201610,24,7.2700,'Dinner',NULL,'2016-12-01 00:00:00','Upload',NULL,NULL,1),(892,2,NULL,'2016-10-07 00:00:00',201610,24,10.0300,'Dinner',NULL,'2016-12-01 00:00:00','Upload',NULL,NULL,1),(891,2,NULL,'2016-09-30 00:00:00',201609,24,30.6900,'Dinner',NULL,'2016-12-01 00:00:00','Upload',NULL,NULL,1),(890,2,NULL,'2016-09-27 00:00:00',201609,24,18.6100,'Dinner',NULL,'2016-12-01 00:00:00','Upload',NULL,NULL,1),(889,2,NULL,'2016-09-19 00:00:00',201609,24,40.7400,'Dinner',NULL,'2016-12-01 00:00:00','Upload',NULL,NULL,1),(888,2,NULL,'2016-09-16 00:00:00',201609,24,25.4100,'Dinner',NULL,'2016-12-01 00:00:00','Upload',NULL,NULL,1),(887,2,NULL,'2016-09-14 00:00:00',201609,24,11.6500,'Dinner',NULL,'2016-12-01 00:00:00','Upload',NULL,NULL,1),(886,2,NULL,'2016-09-14 00:00:00',201609,24,7.7300,'Dinner',NULL,'2016-12-01 00:00:00','Upload',NULL,NULL,1),(885,2,NULL,'2016-09-14 00:00:00',201609,24,45.7300,'Dinner',NULL,'2016-12-01 00:00:00','Upload',NULL,NULL,1),(884,2,NULL,'2016-09-10 00:00:00',201609,24,30.4700,'Dinner',NULL,'2016-12-01 00:00:00','Upload',NULL,NULL,1),(883,2,NULL,'2016-08-29 00:00:00',201608,24,7.8300,'Dinner',NULL,'2016-12-01 00:00:00','Upload',NULL,NULL,1),(882,2,NULL,'2016-08-27 00:00:00',201608,24,20.9000,'Dinner',NULL,'2016-12-01 00:00:00','Upload',NULL,NULL,1),(881,2,NULL,'2016-08-26 00:00:00',201608,24,15.4500,'Dinner',NULL,'2016-12-01 00:00:00','Upload',NULL,NULL,1),(880,2,NULL,'2016-08-25 00:00:00',201608,24,23.0200,'Dinner',NULL,'2016-12-01 00:00:00','Upload',NULL,NULL,1),(879,2,NULL,'2016-08-18 00:00:00',201608,24,8.0000,'Dinner',NULL,'2016-12-01 00:00:00','Upload',NULL,NULL,1),(878,2,NULL,'2016-08-15 00:00:00',201608,24,93.1600,'Dinner',NULL,'2016-12-01 00:00:00','Upload',NULL,NULL,1),(877,2,NULL,'2016-08-15 00:00:00',201608,24,23.0000,'Dinner',NULL,'2016-12-01 00:00:00','Upload',NULL,NULL,1),(876,2,NULL,'2016-08-03 00:00:00',201608,24,46.5700,'Dinner',NULL,'2016-12-01 00:00:00','Upload',NULL,NULL,1),(875,2,NULL,'2016-08-01 00:00:00',201608,24,8.5900,'Dinner',NULL,'2016-12-01 00:00:00','Upload',NULL,NULL,1),(874,2,NULL,'2016-07-27 00:00:00',201607,24,21.4500,'Lunch',NULL,'2016-12-01 00:00:00','Upload',NULL,NULL,1),(873,2,NULL,'2016-07-25 00:00:00',201607,24,47.7100,'Lunch',NULL,'2016-12-01 00:00:00','Upload',NULL,NULL,1),(872,2,NULL,'2016-07-25 00:00:00',201607,24,8.9700,'Lunch',NULL,'2016-12-01 00:00:00','Upload',NULL,NULL,1),(871,2,NULL,'2016-07-25 00:00:00',201607,24,9.3300,'Breakfast',NULL,'2016-12-01 00:00:00','Upload',NULL,NULL,1),(870,2,NULL,'2016-07-22 00:00:00',201607,24,5.0600,'Breakfast',NULL,'2016-12-01 00:00:00','Upload',NULL,NULL,1),(869,2,NULL,'2016-07-21 00:00:00',201607,24,1.4500,'Snack',NULL,'2016-12-01 00:00:00','Upload',NULL,NULL,1),(868,2,NULL,'2016-07-18 00:00:00',201607,24,52.7600,'Lunch',NULL,'2016-12-01 00:00:00','Upload',NULL,NULL,1),(867,2,NULL,'2016-07-13 00:00:00',201607,24,6.3500,'Snack',NULL,'2016-12-01 00:00:00','Upload',NULL,NULL,1),(866,2,NULL,'2016-07-12 00:00:00',201607,24,7.7200,'Lunch',NULL,'2016-12-01 00:00:00','Upload',NULL,NULL,1),(865,2,NULL,'2016-07-11 00:00:00',201607,24,10.2800,'Lunch',NULL,'2016-12-01 00:00:00','Upload',NULL,NULL,1),(864,2,NULL,'2016-07-08 00:00:00',201607,24,19.6500,'Lunch',NULL,'2016-12-01 00:00:00','Upload',NULL,NULL,1),(863,2,NULL,'2016-07-06 00:00:00',201607,24,11.7300,'Breakfast',NULL,'2016-12-01 00:00:00','Upload',NULL,NULL,1),(862,2,NULL,'2016-07-05 00:00:00',201607,24,31.2500,'Lunch',NULL,'2016-12-01 00:00:00','Upload',NULL,NULL,1),(861,2,NULL,'2016-07-05 00:00:00',201607,24,7.0700,'Lunch',NULL,'2016-12-01 00:00:00','Upload',NULL,NULL,1),(860,2,NULL,'2016-07-05 00:00:00',201607,24,13.6000,'Lunch',NULL,'2016-12-01 00:00:00','Upload',NULL,NULL,1),(859,2,NULL,'2016-06-30 00:00:00',201606,24,7.7200,'Lunch',NULL,'2016-12-01 00:00:00','Upload',NULL,NULL,1),(858,2,NULL,'2016-06-29 00:00:00',201606,24,5.5700,'Breakfast',NULL,'2016-12-01 00:00:00','Upload',NULL,NULL,1),(857,2,NULL,'2016-06-28 00:00:00',201606,24,6.5000,'Lunch',NULL,'2016-12-01 00:00:00','Upload',NULL,NULL,1),(856,2,NULL,'2016-06-27 00:00:00',201606,24,35.0300,'Lunch',NULL,'2016-12-01 00:00:00','Upload',NULL,NULL,1),(855,2,NULL,'2016-06-27 00:00:00',201606,24,5.1300,'Breakfast',NULL,'2016-12-01 00:00:00','Upload',NULL,NULL,1),(854,2,NULL,'2016-06-20 00:00:00',201606,24,21.0400,'Lunch',NULL,'2016-12-01 00:00:00','Upload',NULL,NULL,1),(853,2,NULL,'2016-06-20 00:00:00',201606,24,7.8000,'Lunch',NULL,'2016-12-01 00:00:00','Upload',NULL,NULL,1),(852,2,NULL,'2016-06-20 00:00:00',201606,24,8.9800,'Lunch',NULL,'2016-12-01 00:00:00','Upload',NULL,NULL,1),(851,2,NULL,'2016-06-15 00:00:00',201606,24,56.8300,'Lunch',NULL,'2016-12-01 00:00:00','Upload',NULL,NULL,1),(850,2,NULL,'2016-06-13 00:00:00',201606,24,7.7300,'Lunch',NULL,'2016-12-01 00:00:00','Upload',NULL,NULL,1),(849,2,NULL,'2016-06-13 00:00:00',201606,24,29.2300,'Breakfast',NULL,'2016-12-01 00:00:00','Upload',NULL,NULL,1),(848,2,NULL,'2016-05-31 00:00:00',201605,24,41.5900,'Lunch',NULL,'2016-12-01 00:00:00','Upload',NULL,NULL,1),(847,2,NULL,'2016-05-27 00:00:00',201605,24,5.1300,'Breakfast',NULL,'2016-12-01 00:00:00','Upload',NULL,NULL,1),(846,2,NULL,'2016-05-26 00:00:00',201605,24,7.3000,'Lunch',NULL,'2016-12-01 00:00:00','Upload',NULL,NULL,1),(845,2,NULL,'2016-05-25 00:00:00',201605,24,15.9900,'Lunch',NULL,'2016-12-01 00:00:00','Upload',NULL,NULL,1),(844,2,NULL,'2016-05-25 00:00:00',201605,24,9.3000,'Lunch',NULL,'2016-12-01 00:00:00','Upload',NULL,NULL,1),(843,2,NULL,'2016-05-23 00:00:00',201605,24,32.3100,'Lunch',NULL,'2016-12-01 00:00:00','Upload',NULL,NULL,1),(842,2,NULL,'2016-05-20 00:00:00',201605,24,17.7200,'Lunch',NULL,'2016-12-01 00:00:00','Upload',NULL,NULL,1),(841,2,NULL,'2016-05-19 00:00:00',201605,24,3.1800,'Snack',NULL,'2016-12-01 00:00:00','Upload',NULL,NULL,1),(840,2,NULL,'2016-05-16 00:00:00',201605,24,7.3100,'Breakfast',NULL,'2016-12-01 00:00:00','Upload',NULL,NULL,1),(839,2,NULL,'2016-05-09 00:00:00',201605,24,53.4600,'Lunch',NULL,'2016-12-01 00:00:00','Upload',NULL,NULL,1),(838,2,NULL,'2016-05-05 00:00:00',201605,24,7.4000,'Lunch',NULL,'2016-12-01 00:00:00','Upload',NULL,NULL,1),(837,2,NULL,'2016-05-03 00:00:00',201605,24,9.3700,'Lunch',NULL,'2016-12-01 00:00:00','Upload',NULL,NULL,1),(836,2,NULL,'2016-05-02 00:00:00',201605,24,34.6200,'Lunch',NULL,'2016-12-01 00:00:00','Upload',NULL,NULL,1),(835,2,NULL,'2016-05-02 00:00:00',201605,24,9.4800,'Lunch',NULL,'2016-12-01 00:00:00','Upload',NULL,NULL,1),(834,2,NULL,'2016-05-02 00:00:00',201605,24,4.4600,'Lunch',NULL,'2016-12-01 00:00:00','Upload',NULL,NULL,1),(833,2,NULL,'2016-05-02 00:00:00',201605,24,7.2500,'Lunch',NULL,'2016-12-01 00:00:00','Upload',NULL,NULL,1),(832,2,NULL,'2016-04-29 00:00:00',201604,24,6.7700,'Lunch',NULL,'2016-12-01 00:00:00','Upload',NULL,NULL,1),(831,2,NULL,'2016-04-28 00:00:00',201604,24,10.4500,'Lunch',NULL,'2016-12-01 00:00:00','Upload',NULL,NULL,1),(830,2,NULL,'2016-04-25 00:00:00',201604,24,25.1200,'Lunch',NULL,'2016-12-01 00:00:00','Upload',NULL,NULL,1),(829,2,NULL,'2016-04-25 00:00:00',201604,24,8.2000,'Lunch',NULL,'2016-12-01 00:00:00','Upload',NULL,NULL,1),(828,2,NULL,'2016-04-22 00:00:00',201604,24,20.9300,'Lunch',NULL,'2016-12-01 00:00:00','Upload',NULL,NULL,1),(827,2,NULL,'2016-04-22 00:00:00',201604,24,7.7300,'Lunch',NULL,'2016-12-01 00:00:00','Upload',NULL,NULL,1),(826,2,NULL,'2016-04-21 00:00:00',201604,24,9.5400,'Lunch',NULL,'2016-12-01 00:00:00','Upload',NULL,NULL,1),(825,2,NULL,'2016-04-21 00:00:00',201604,24,8.6600,'Lunch',NULL,'2016-12-01 00:00:00','Upload',NULL,NULL,1),(824,2,NULL,'2016-04-20 00:00:00',201604,24,10.5200,'Lunch',NULL,'2016-12-01 00:00:00','Upload',NULL,NULL,1),(823,2,NULL,'2016-04-20 00:00:00',201604,24,6.6600,'Lunch',NULL,'2016-12-01 00:00:00','Upload',NULL,NULL,1),(822,2,NULL,'2016-04-18 00:00:00',201604,24,53.4300,'Lunch',NULL,'2016-12-01 00:00:00','Upload',NULL,NULL,1),(821,2,NULL,'2016-04-15 00:00:00',201604,24,4.4300,'Lunch',NULL,'2016-12-01 00:00:00','Upload',NULL,NULL,1),(820,2,NULL,'2016-04-14 00:00:00',201604,24,7.8800,'Lunch',NULL,'2016-12-01 00:00:00','Upload',NULL,NULL,1),(819,2,NULL,'2016-04-14 00:00:00',201604,24,3.0300,'Breakfast',NULL,'2016-12-01 00:00:00','Upload',NULL,NULL,1),(818,2,NULL,'2016-04-13 00:00:00',201604,24,11.4100,'Lunch',NULL,'2016-12-01 00:00:00','Upload',NULL,NULL,1),(817,2,NULL,'2016-04-13 00:00:00',201604,24,15.9000,'Lunch',NULL,'2016-12-01 00:00:00','Upload',NULL,NULL,1),(816,2,NULL,'2016-04-05 00:00:00',201604,24,6.6100,'Breakfast',NULL,'2016-12-01 00:00:00','Upload',NULL,NULL,1),(815,2,NULL,'2016-04-04 00:00:00',201604,24,33.0700,'Lunch',NULL,'2016-12-01 00:00:00','Upload',NULL,NULL,1),(814,2,NULL,'2016-04-04 00:00:00',201604,24,4.7500,'Lunch',NULL,'2016-12-01 00:00:00','Upload',NULL,NULL,1),(813,2,NULL,'2016-06-28 00:00:00',201606,6,1500.0000,'Christmas Fund',NULL,'2016-12-01 00:00:00','Upload',NULL,NULL,1),(812,2,NULL,'2016-10-03 00:00:00',201610,30,340.0000,'PTA Training',NULL,'2016-12-01 00:00:00','Upload',NULL,NULL,1),(811,2,NULL,'2016-07-08 00:00:00',201607,4,207.0000,'Car Replacement Fund',NULL,'2016-12-01 00:00:00','Upload',NULL,NULL,1),(810,2,NULL,'2016-04-15 00:00:00',201604,4,231.0000,'Car Replacement Fund',NULL,'2016-12-01 00:00:00','Upload',NULL,NULL,1),(809,2,NULL,'2016-04-01 00:00:00',201604,4,231.0000,'Car Replacement Fund',NULL,'2016-12-01 00:00:00','Upload',NULL,NULL,1),(808,2,NULL,'2016-08-27 00:00:00',201608,20,45.0300,'Car Registration',NULL,'2016-12-01 00:00:00','Upload',NULL,NULL,1),(807,2,NULL,'2016-04-02 00:00:00',201604,20,91.4800,'Car Registration',NULL,'2016-12-01 00:00:00','Upload',NULL,NULL,1),(806,2,NULL,'2016-10-05 00:00:00',201610,18,156.6000,'Car Insurance',NULL,'2016-12-01 00:00:00','Upload',NULL,NULL,1),(805,2,NULL,'2016-09-06 00:00:00',201609,18,148.6000,'Car Insurance',NULL,'2016-12-01 00:00:00','Upload',NULL,NULL,1),(804,2,NULL,'2016-08-05 00:00:00',201608,18,136.0100,'Car Insurance',NULL,'2016-12-01 00:00:00','Upload',NULL,NULL,1),(803,2,NULL,'2016-07-05 00:00:00',201607,18,136.0000,'Car Insurance',NULL,'2016-12-01 00:00:00','Upload',NULL,NULL,1),(802,2,NULL,'2016-06-06 00:00:00',201606,18,136.0000,'Car Insurance',NULL,'2016-12-01 00:00:00','Upload',NULL,NULL,1),(801,2,NULL,'2016-05-05 00:00:00',201605,18,135.9800,'Car Insurance',NULL,'2016-12-01 00:00:00','Upload',NULL,NULL,1),(800,2,NULL,'2016-04-05 00:00:00',201604,18,135.9600,'Car Insurance',NULL,'2016-12-01 00:00:00','Upload',NULL,NULL,1),(799,2,NULL,'2016-09-19 00:00:00',201609,28,1545.0000,'AES',NULL,'2016-12-01 00:00:00','Upload',NULL,NULL,1),(798,2,NULL,'2016-08-23 00:00:00',201608,28,3090.0000,'AES',NULL,'2016-12-01 00:00:00','Upload',NULL,NULL,1),(797,2,NULL,'2016-06-14 00:00:00',201606,28,187.0000,'AES',NULL,'2016-12-01 00:00:00','Upload',NULL,NULL,1),(796,2,NULL,'2016-04-18 00:00:00',201604,19,118.0000,'AAA',NULL,'2016-12-01 00:00:00','Upload',NULL,NULL,1),(795,1,NULL,'2016-10-28 00:00:00',201610,29,2104.8400,'ATR-2016-10-2',NULL,'2016-12-01 00:00:00','Upload',NULL,NULL,1),(794,1,NULL,'2016-10-18 00:00:00',201610,29,1172.4600,'VER-2016-10-2','70.85 Hours (35.42 p/w)','2016-12-01 00:00:00','Upload',NULL,NULL,1),(793,1,NULL,'2016-10-14 00:00:00',201610,29,2104.8400,'ATR-2016-10-1',NULL,'2016-12-01 00:00:00','Upload',NULL,NULL,1),(792,1,NULL,'2016-10-04 00:00:00',201610,29,705.7900,'VER-2016-10-1',NULL,'2016-12-01 00:00:00','Upload',NULL,NULL,1),(791,1,NULL,'2016-09-30 00:00:00',201609,29,2104.8200,'ATR-2016-09-3',NULL,'2016-12-01 00:00:00','Upload',NULL,NULL,1),(790,1,NULL,'2016-09-20 00:00:00',201609,29,1994.9600,'VER-2016-09-2',NULL,'2016-12-01 00:00:00','Upload',NULL,NULL,1),(789,1,NULL,'2016-09-16 00:00:00',201609,29,2104.8400,'ATR-2016-09-2',NULL,'2016-12-01 00:00:00','Upload',NULL,NULL,1),(788,1,NULL,'2016-09-06 00:00:00',201609,29,1279.6900,'VER-2016-09-1',NULL,'2016-12-01 00:00:00','Upload',NULL,NULL,1),(787,1,NULL,'2016-09-02 00:00:00',201609,29,2104.8400,'ATR-2016-09-1',NULL,'2016-12-01 00:00:00','Upload',NULL,NULL,1),(786,1,NULL,'2016-08-23 00:00:00',201608,29,1250.9200,'VER-2016-08-2',NULL,'2016-12-01 00:00:00','Upload',NULL,NULL,1),(785,1,NULL,'2016-08-19 00:00:00',201608,29,2177.5200,'ATR-2016-08-2',NULL,'2016-12-01 00:00:00','Upload',NULL,NULL,1),(784,1,NULL,'2016-08-09 00:00:00',201608,29,1574.3400,'VER-2016-08-1',NULL,'2016-12-01 00:00:00','Upload',NULL,NULL,1),(783,1,NULL,'2016-08-05 00:00:00',201608,29,2032.1200,'ATR-2016-08-1',NULL,'2016-12-01 00:00:00','Upload',NULL,NULL,1),(782,1,NULL,'2016-07-26 00:00:00',201607,29,717.0500,'VER-2016-07-2',NULL,'2016-12-01 00:00:00','Upload',NULL,NULL,1),(781,1,NULL,'2016-07-22 00:00:00',201607,29,2032.1200,'ATR-2016-07-2',NULL,'2016-12-01 00:00:00','Upload',NULL,NULL,1),(780,1,NULL,'2016-07-12 00:00:00',201607,29,980.7000,'VER-2016-07-1',NULL,'2016-12-01 00:00:00','Upload',NULL,NULL,1),(779,1,NULL,'2016-07-08 00:00:00',201607,29,2032.1200,'ATR-2016-07-1',NULL,'2016-12-01 00:00:00','Upload',NULL,NULL,1),(778,1,NULL,'2016-06-28 00:00:00',201606,29,802.1000,'VER-2016-06-2',NULL,'2016-12-01 00:00:00','Upload',NULL,NULL,1),(777,1,NULL,'2016-06-28 00:00:00',201606,29,36.6800,'Cash Back 2',NULL,'2016-12-01 00:00:00','Upload',NULL,NULL,1),(776,1,NULL,'2016-06-27 00:00:00',201606,29,10000.0000,'Check',NULL,'2016-12-01 00:00:00','Upload',NULL,NULL,1),(775,1,NULL,'2016-06-24 00:00:00',201606,29,2032.1100,'ATR-2016-06-2',NULL,'2016-12-01 00:00:00','Upload',NULL,NULL,1),(774,1,NULL,'2016-06-14 00:00:00',201606,29,929.4400,'VER-2016-06-1',NULL,'2016-12-01 00:00:00','Upload',NULL,NULL,1),(773,1,NULL,'2016-06-10 00:00:00',201606,29,2032.1200,'ATR-2016-06-1',NULL,'2016-12-01 00:00:00','Upload',NULL,NULL,1),(772,1,NULL,'2016-05-31 00:00:00',201605,29,623.2100,'VER-2016-05-1',NULL,'2016-12-01 00:00:00','Upload',NULL,NULL,1),(771,1,NULL,'2016-05-27 00:00:00',201605,29,2032.1200,'ATR-2016-05-2',NULL,'2016-12-01 00:00:00','Upload',NULL,NULL,1),(770,1,NULL,'2016-05-13 00:00:00',201605,29,2032.1200,'ATR-2016-05-1',NULL,'2016-12-01 00:00:00','Upload',NULL,NULL,1),(769,1,NULL,'2016-04-29 00:00:00',201604,29,2032.1100,'ATR-2016-04-3',NULL,'2016-12-01 00:00:00','Upload',NULL,NULL,1),(768,1,NULL,'2016-04-25 00:00:00',201604,29,267.0000,'Reimbursement',NULL,'2016-12-01 00:00:00','Upload',NULL,NULL,1),(767,1,NULL,'2016-04-15 00:00:00',201604,29,2071.7500,'ATR-2016-04-2',NULL,'2016-12-01 00:00:00','Upload',NULL,NULL,1),(766,1,NULL,'2016-04-01 00:00:00',201604,29,2018.0000,'ATR-2016-04-1',NULL,'2016-12-01 00:00:00','Upload',NULL,NULL,1),(1061,2,NULL,'2016-10-03 00:00:00',201610,16,29.6000,'Kroger',NULL,'2016-12-01 00:00:00','Upload',NULL,NULL,1),(1062,2,NULL,'2016-10-07 00:00:00',201610,16,108.0300,'Trader Joes',NULL,'2016-12-01 00:00:00','Upload',NULL,NULL,1),(1063,2,NULL,'2016-10-17 00:00:00',201610,16,30.2200,'Kroger',NULL,'2016-12-01 00:00:00','Upload',NULL,NULL,1),(1064,2,NULL,'2016-10-17 00:00:00',201610,16,40.0000,'Sams Club',NULL,'2016-12-01 00:00:00','Upload',NULL,NULL,1),(1065,2,NULL,'2016-10-18 00:00:00',201610,16,100.4600,'Trader Joes',NULL,'2016-12-01 00:00:00','Upload',NULL,NULL,1),(1066,2,NULL,'2016-04-01 00:00:00',201604,8,131.0000,'HOA Fee',NULL,'2016-12-01 00:00:00','Upload',NULL,NULL,1),(1067,2,NULL,'2016-05-02 00:00:00',201605,8,131.0000,'HOA Fee',NULL,'2016-12-01 00:00:00','Upload',NULL,NULL,1),(1068,2,NULL,'2016-06-01 00:00:00',201606,8,131.0000,'HOA Fee',NULL,'2016-12-01 00:00:00','Upload',NULL,NULL,1),(1069,2,NULL,'2016-07-01 00:00:00',201607,8,131.0000,'HOA Fee',NULL,'2016-12-01 00:00:00','Upload',NULL,NULL,1),(1070,2,NULL,'2016-08-01 00:00:00',201608,8,131.0000,'HOA Fee',NULL,'2016-12-01 00:00:00','Upload',NULL,NULL,1),(1071,2,NULL,'2016-09-01 00:00:00',201609,8,131.0000,'HOA Fee',NULL,'2016-12-01 00:00:00','Upload',NULL,NULL,1),(1072,2,NULL,'2016-10-03 00:00:00',201610,8,131.0000,'HOA Fee',NULL,'2016-12-01 00:00:00','Upload',NULL,NULL,1),(1073,2,NULL,'2016-04-06 00:00:00',201604,9,22.2400,'Home Insurance',NULL,'2016-12-01 00:00:00','Upload',NULL,NULL,1),(1074,2,NULL,'2016-05-06 00:00:00',201605,9,22.2400,'Home Insurance',NULL,'2016-12-01 00:00:00','Upload',NULL,NULL,1),(1075,2,NULL,'2016-06-07 00:00:00',201606,9,22.2400,'Home Insurance',NULL,'2016-12-01 00:00:00','Upload',NULL,NULL,1),(1076,2,NULL,'2016-07-06 00:00:00',201607,9,22.2400,'Home Insurance',NULL,'2016-12-01 00:00:00','Upload',NULL,NULL,1),(1077,2,NULL,'2016-08-08 00:00:00',201608,9,22.2400,'Home Insurance',NULL,'2016-12-01 00:00:00','Upload',NULL,NULL,1),(1078,2,NULL,'2016-09-07 00:00:00',201609,9,22.2400,'Home Insurance',NULL,'2016-12-01 00:00:00','Upload',NULL,NULL,1),(1079,2,NULL,'2016-10-06 00:00:00',201610,9,22.2400,'Home Insurance',NULL,'2016-12-01 00:00:00','Upload',NULL,NULL,1),(1080,2,NULL,'2016-04-14 00:00:00',201604,13,7.9900,'Hulu Plus',NULL,'2016-12-01 00:00:00','Upload',NULL,NULL,1),(1081,2,NULL,'2016-05-16 00:00:00',201605,13,7.9900,'Hulu Plus',NULL,'2016-12-01 00:00:00','Upload',NULL,NULL,1),(1082,2,NULL,'2016-06-14 00:00:00',201606,13,7.9900,'Hulu Plus',NULL,'2016-12-01 00:00:00','Upload',NULL,NULL,1),(1083,2,NULL,'2016-07-14 00:00:00',201607,13,7.9900,'Hulu Plus',NULL,'2016-12-01 00:00:00','Upload',NULL,NULL,1),(1084,2,NULL,'2016-08-15 00:00:00',201608,13,7.9900,'Hulu Plus',NULL,'2016-12-01 00:00:00','Upload',NULL,NULL,1),(1085,2,NULL,'2016-09-14 00:00:00',201609,13,7.9900,'Hulu Plus',NULL,'2016-12-01 00:00:00','Upload',NULL,NULL,1),(1086,2,NULL,'2016-10-14 00:00:00',201610,13,7.9900,'Hulu Plus',NULL,'2016-12-01 00:00:00','Upload',NULL,NULL,1),(1087,2,NULL,'2016-04-06 00:00:00',201604,12,70.0000,'Internet',NULL,'2016-12-01 00:00:00','Upload',NULL,NULL,1),(1088,2,NULL,'2016-05-09 00:00:00',201605,12,69.0000,'Internet',NULL,'2016-12-01 00:00:00','Upload',NULL,NULL,1),(1089,2,NULL,'2016-06-06 00:00:00',201606,12,70.0000,'Internet',NULL,'2016-12-01 00:00:00','Upload',NULL,NULL,1),(1090,2,NULL,'2016-07-01 00:00:00',201607,12,70.0000,'Internet',NULL,'2016-12-01 00:00:00','Upload',NULL,NULL,1),(1091,2,NULL,'2016-08-01 00:00:00',201608,12,70.0000,'Internet',NULL,'2016-12-01 00:00:00','Upload',NULL,NULL,1),(1092,2,NULL,'2016-09-01 00:00:00',201609,12,70.0000,'Internet',NULL,'2016-12-01 00:00:00','Upload',NULL,NULL,1),(1093,2,NULL,'2016-10-03 00:00:00',201610,12,70.0000,'Internet',NULL,'2016-12-01 00:00:00','Upload',NULL,NULL,1),(1094,2,NULL,'2016-04-25 00:00:00',201604,10,75.0000,'LG&E',NULL,'2016-12-01 00:00:00','Upload',NULL,NULL,1),(1095,2,NULL,'2016-05-25 00:00:00',201605,10,74.0000,'LG&E',NULL,'2016-12-01 00:00:00','Upload',NULL,NULL,1),(1096,2,NULL,'2016-06-24 00:00:00',201606,10,83.0000,'LG&E',NULL,'2016-12-01 00:00:00','Upload',NULL,NULL,1),(1097,2,NULL,'2016-07-25 00:00:00',201607,10,102.0000,'LG&E',NULL,'2016-12-01 00:00:00','Upload',NULL,NULL,1),(1098,2,NULL,'2016-08-25 00:00:00',201608,10,86.0000,'LG&E',NULL,'2016-12-01 00:00:00','Upload',NULL,NULL,1),(1099,2,NULL,'2016-09-26 00:00:00',201609,10,101.0000,'LG&E',NULL,'2016-12-01 00:00:00','Upload',NULL,NULL,1),(1100,2,NULL,'2016-10-25 00:00:00',201610,10,71.0000,'LG&E',NULL,'2016-12-01 00:00:00','Upload',NULL,NULL,1),(1101,2,NULL,'2016-04-05 00:00:00',201604,15,80.0000,'Medical Cash',NULL,'2016-12-01 00:00:00','Upload',NULL,NULL,1),(1102,2,NULL,'2016-04-19 00:00:00',201604,15,80.0000,'Medical Cash',NULL,'2016-12-01 00:00:00','Upload',NULL,NULL,1),(1103,2,NULL,'2016-04-15 00:00:00',201604,7,715.0000,'Mortgage',NULL,'2016-12-01 00:00:00','Upload',NULL,NULL,1),(1104,2,NULL,'2016-05-13 00:00:00',201605,7,712.0000,'Mortgage',NULL,'2016-12-01 00:00:00','Upload',NULL,NULL,1),(1105,2,NULL,'2016-06-13 00:00:00',201606,7,712.0000,'Mortgage',NULL,'2016-12-01 00:00:00','Upload',NULL,NULL,1),(1106,2,NULL,'2016-07-12 00:00:00',201607,7,715.0000,'Mortgage',NULL,'2016-12-01 00:00:00','Upload',NULL,NULL,1),(1107,2,NULL,'2016-08-09 00:00:00',201608,7,712.0000,'Mortgage',NULL,'2016-12-01 00:00:00','Upload',NULL,NULL,1),(1108,2,NULL,'2016-09-06 00:00:00',201609,7,713.0000,'Mortgage',NULL,'2016-12-01 00:00:00','Upload',NULL,NULL,1),(1109,2,NULL,'2016-10-04 00:00:00',201610,7,713.0000,'Mortgage',NULL,'2016-12-01 00:00:00','Upload',NULL,NULL,1),(1110,2,NULL,'2016-04-04 00:00:00',201604,21,50.0000,'Sams Club',NULL,'2016-12-01 00:00:00','Upload',NULL,NULL,1),(1111,2,NULL,'2016-04-08 00:00:00',201604,21,61.4600,'Oil Change',NULL,'2016-12-01 00:00:00','Upload',NULL,NULL,1),(1112,2,NULL,'2016-04-08 00:00:00',201604,21,5.0900,'Parking',NULL,'2016-12-01 00:00:00','Upload',NULL,NULL,1),(1113,2,NULL,'2016-04-12 00:00:00',201604,21,13.0000,'Car Wash',NULL,'2016-12-01 00:00:00','Upload',NULL,NULL,1),(1114,2,NULL,'2016-04-12 00:00:00',201604,21,60.3600,'Walmart',NULL,'2016-12-01 00:00:00','Upload',NULL,NULL,1),(1115,2,NULL,'2016-04-15 00:00:00',201604,21,40.0000,'Nails',NULL,'2016-12-01 00:00:00','Upload',NULL,NULL,1),(1116,2,NULL,'2016-04-18 00:00:00',201604,21,15.8900,'Bed Bath and Beyond',NULL,'2016-12-01 00:00:00','Upload',NULL,NULL,1),(1117,2,NULL,'2016-04-25 00:00:00',201604,21,8.9700,'Kroger',NULL,'2016-12-01 00:00:00','Upload',NULL,NULL,1),(1118,2,NULL,'2016-04-25 00:00:00',201604,21,44.1600,'Kroger',NULL,'2016-12-01 00:00:00','Upload',NULL,NULL,1),(1119,2,NULL,'2016-05-06 00:00:00',201605,21,18.5200,'Kroger',NULL,'2016-12-01 00:00:00','Upload',NULL,NULL,1),(1120,2,NULL,'2016-05-09 00:00:00',201605,21,37.8200,'Cat - Feeders Supply',NULL,'2016-12-01 00:00:00','Upload',NULL,NULL,1),(1121,2,NULL,'2016-05-09 00:00:00',201605,21,1.6900,'FedEx Office',NULL,'2016-12-01 00:00:00','Upload',NULL,NULL,1),(1122,2,NULL,'2016-05-09 00:00:00',201605,21,40.8300,'Kroger',NULL,'2016-12-01 00:00:00','Upload',NULL,NULL,1),(1123,2,NULL,'2016-05-11 00:00:00',201605,21,23.1100,'Forever 21',NULL,'2016-12-01 00:00:00','Upload',NULL,NULL,1),(1124,2,NULL,'2016-05-13 00:00:00',201605,21,50.0000,'Hair Cut',NULL,'2016-12-01 00:00:00','Upload',NULL,NULL,1),(1125,2,NULL,'2016-05-13 00:00:00',201605,21,14.1000,'USPS',NULL,'2016-12-01 00:00:00','Upload',NULL,NULL,1),(1126,2,NULL,'2016-05-13 00:00:00',201605,21,30.6900,'Walmart',NULL,'2016-12-01 00:00:00','Upload',NULL,NULL,1),(1127,2,NULL,'2016-05-16 00:00:00',201605,21,65.0000,'Nails',NULL,'2016-12-01 00:00:00','Upload',NULL,NULL,1),(1128,2,NULL,'2016-05-16 00:00:00',201605,21,16.8000,'Office Supplies',NULL,'2016-12-01 00:00:00','Upload',NULL,NULL,1),(1129,2,NULL,'2016-05-16 00:00:00',201605,21,6.0000,'Parking',NULL,'2016-12-01 00:00:00','Upload',NULL,NULL,1),(1130,2,NULL,'2016-05-16 00:00:00',201605,21,18.8200,'Walmart',NULL,'2016-12-01 00:00:00','Upload',NULL,NULL,1),(1131,2,NULL,'2016-05-20 00:00:00',201605,21,1.2500,'Car Tire Air',NULL,'2016-12-01 00:00:00','Upload',NULL,NULL,1),(1132,2,NULL,'2016-05-27 00:00:00',201605,21,8.0000,'Parking',NULL,'2016-12-01 00:00:00','Upload',NULL,NULL,1),(1133,2,NULL,'2016-05-27 00:00:00',201605,21,8.0000,'Parking',NULL,'2016-12-01 00:00:00','Upload',NULL,NULL,1),(1134,2,NULL,'2016-05-31 00:00:00',201605,21,52.1400,'Kroger',NULL,'2016-12-01 00:00:00','Upload',NULL,NULL,1),(1135,2,NULL,'2016-05-31 00:00:00',201605,21,16.0000,'Kroger',NULL,'2016-12-01 00:00:00','Upload',NULL,NULL,1),(1136,2,NULL,'2016-05-31 00:00:00',201605,21,22.7600,'Rite Aid',NULL,'2016-12-01 00:00:00','Upload',NULL,NULL,1),(1137,2,NULL,'2016-06-01 00:00:00',201606,21,7.9200,'Kroger',NULL,'2016-12-01 00:00:00','Upload',NULL,NULL,1),(1138,2,NULL,'2016-06-09 00:00:00',201606,21,5.0400,'Target',NULL,'2016-12-01 00:00:00','Upload',NULL,NULL,1),(1139,2,NULL,'2016-06-09 00:00:00',201606,21,33.8800,'Target',NULL,'2016-12-01 00:00:00','Upload',NULL,NULL,1),(1140,2,NULL,'2016-06-10 00:00:00',201606,21,37.1000,'Macys',NULL,'2016-12-01 00:00:00','Upload',NULL,NULL,1),(1141,2,NULL,'2016-06-10 00:00:00',201606,21,65.0000,'Nails',NULL,'2016-12-01 00:00:00','Upload',NULL,NULL,1),(1142,2,NULL,'2016-06-15 00:00:00',201606,21,29.8000,'Kohls',NULL,'2016-12-01 00:00:00','Upload',NULL,NULL,1),(1143,2,NULL,'2016-06-16 00:00:00',201606,21,19.8100,'JC Penny',NULL,'2016-12-01 00:00:00','Upload',NULL,NULL,1),(1144,2,NULL,'2016-06-16 00:00:00',201606,21,21.2000,'Kroger',NULL,'2016-12-01 00:00:00','Upload',NULL,NULL,1),(1145,2,NULL,'2016-06-16 00:00:00',201606,21,72.0300,'Old Navy',NULL,'2016-12-01 00:00:00','Upload',NULL,NULL,1),(1146,2,NULL,'2016-06-20 00:00:00',201606,21,22.2500,'Cat - Feeders Supply',NULL,'2016-12-01 00:00:00','Upload',NULL,NULL,1),(1147,2,NULL,'2016-06-21 00:00:00',201606,21,101.0000,'PTA Exam Prep',NULL,'2016-12-01 00:00:00','Upload',NULL,NULL,1),(1148,2,NULL,'2016-06-24 00:00:00',201606,21,7.3800,'Walgreens',NULL,'2016-12-01 00:00:00','Upload',NULL,NULL,1),(1149,2,NULL,'2016-06-26 00:00:00',201606,21,14.2500,'Amazon',NULL,'2016-12-01 00:00:00','Upload',NULL,NULL,1),(1150,2,NULL,'2016-07-05 00:00:00',201607,21,21.2700,'Kroger',NULL,'2016-12-01 00:00:00','Upload',NULL,NULL,1),(1151,2,NULL,'2016-07-08 00:00:00',201607,21,34.5300,'Kroger',NULL,'2016-12-01 00:00:00','Upload',NULL,NULL,1),(1152,2,NULL,'2016-07-14 00:00:00',201607,21,9.4700,'Kroger',NULL,'2016-12-01 00:00:00','Upload',NULL,NULL,1),(1153,2,NULL,'2016-07-15 00:00:00',201607,21,64.5700,'Walmart',NULL,'2016-12-01 00:00:00','Upload',NULL,NULL,1),(1154,2,NULL,'2016-07-18 00:00:00',201607,21,69.9900,'Amazon',NULL,'2016-12-01 00:00:00','Upload',NULL,NULL,1),(1155,2,NULL,'2016-07-18 00:00:00',201607,21,8.9000,'Office Supplies',NULL,'2016-12-01 00:00:00','Upload',NULL,NULL,1),(1156,2,NULL,'2016-07-19 00:00:00',201607,21,22.2500,'Cat - Feeders Supply',NULL,'2016-12-01 00:00:00','Upload',NULL,NULL,1),(1157,2,NULL,'2016-07-26 00:00:00',201607,21,9.5300,'Kirklands',NULL,'2016-12-01 00:00:00','Upload',NULL,NULL,1),(1158,2,NULL,'2016-07-26 00:00:00',201607,21,28.1000,'Kroger',NULL,'2016-12-01 00:00:00','Upload',NULL,NULL,1),(1159,2,NULL,'2016-07-31 00:00:00',201607,21,6.4900,'Amazon',NULL,'2016-12-01 00:00:00','Upload',NULL,NULL,1),(1160,2,NULL,'2016-08-01 00:00:00',201608,21,15.8900,'At Home Store',NULL,'2016-12-01 00:00:00','Upload',NULL,NULL,1),(1161,2,NULL,'2016-08-01 00:00:00',201608,21,30.0000,'Kroger',NULL,'2016-12-01 00:00:00','Upload',NULL,NULL,1),(1162,2,NULL,'2016-08-01 00:00:00',201608,21,61.4600,'Oil Change',NULL,'2016-12-01 00:00:00','Upload',NULL,NULL,1),(1163,2,NULL,'2016-08-01 00:00:00',201608,21,60.0000,'Sams Club',NULL,'2016-12-01 00:00:00','Upload',NULL,NULL,1),(1164,2,NULL,'2016-08-02 00:00:00',201608,21,20.0300,'Amazon',NULL,'2016-12-01 00:00:00','Upload',NULL,NULL,1),(1165,2,NULL,'2016-08-02 00:00:00',201608,21,5.9300,'Amazon',NULL,'2016-12-01 00:00:00','Upload',NULL,NULL,1),(1166,2,NULL,'2016-08-02 00:00:00',201608,21,41.4200,'Walmart',NULL,'2016-12-01 00:00:00','Upload',NULL,NULL,1),(1167,2,NULL,'2016-08-03 00:00:00',201608,21,13.7700,'Walgreens',NULL,'2016-12-01 00:00:00','Upload',NULL,NULL,1),(1168,2,NULL,'2016-08-05 00:00:00',201608,21,47.0500,'Amazon',NULL,'2016-12-01 00:00:00','Upload',NULL,NULL,1),(1169,2,NULL,'2016-08-08 00:00:00',201608,21,25.9500,'Toner',NULL,'2016-12-01 00:00:00','Upload',NULL,NULL,1),(1170,2,NULL,'2016-08-08 00:00:00',201608,21,50.2300,'Walmart',NULL,'2016-12-01 00:00:00','Upload',NULL,NULL,1),(1171,2,NULL,'2016-08-08 00:00:00',201608,21,5.3000,'Walmart',NULL,'2016-12-01 00:00:00','Upload',NULL,NULL,1),(1172,2,NULL,'2016-08-15 00:00:00',201608,21,1.5000,'Car Tire Air',NULL,'2016-12-01 00:00:00','Upload',NULL,NULL,1),(1173,2,NULL,'2016-08-15 00:00:00',201608,21,22.2500,'Cat - Feeders Supply',NULL,'2016-12-01 00:00:00','Upload',NULL,NULL,1),(1174,2,NULL,'2016-08-30 00:00:00',201608,21,11.2000,'Walmart',NULL,'2016-12-01 00:00:00','Upload',NULL,NULL,1),(1175,2,NULL,'2016-09-01 00:00:00',201609,21,17.3200,'Kroger',NULL,'2016-12-01 00:00:00','Upload',NULL,NULL,1),(1176,2,NULL,'2016-09-06 00:00:00',201609,21,4.9900,'Kroger',NULL,'2016-12-01 00:00:00','Upload',NULL,NULL,1),(1177,2,NULL,'2016-09-06 00:00:00',201609,21,8.4700,'Kroger',NULL,'2016-12-01 00:00:00','Upload',NULL,NULL,1),(1178,2,NULL,'2016-09-07 00:00:00',201609,21,8.9900,'Amazon',NULL,'2016-12-01 00:00:00','Upload',NULL,NULL,1),(1179,2,NULL,'2016-09-07 00:00:00',201609,21,20.8700,'Amazon',NULL,'2016-12-01 00:00:00','Upload',NULL,NULL,1),(1180,2,NULL,'2016-09-08 00:00:00',201609,21,32.0100,'Walmart',NULL,'2016-12-01 00:00:00','Upload',NULL,NULL,1),(1181,2,NULL,'2016-09-12 00:00:00',201609,21,58.2500,'AE',NULL,'2016-12-01 00:00:00','Upload',NULL,NULL,1),(1182,2,NULL,'2016-09-12 00:00:00',201609,21,50.0000,'Hair Cut',NULL,'2016-12-01 00:00:00','Upload',NULL,NULL,1),(1183,2,NULL,'2016-09-15 00:00:00',201609,21,4.4700,'Amazon',NULL,'2016-12-01 00:00:00','Upload',NULL,NULL,1),(1184,2,NULL,'2016-09-16 00:00:00',201609,21,20.0000,'Kroger',NULL,'2016-12-01 00:00:00','Upload',NULL,NULL,1),(1185,2,NULL,'2016-09-19 00:00:00',201609,21,22.2500,'Cat - Feeders Supply',NULL,'2016-12-01 00:00:00','Upload',NULL,NULL,1),(1186,2,NULL,'2016-09-27 00:00:00',201609,21,74.5100,'Sams Club',NULL,'2016-12-01 00:00:00','Upload',NULL,NULL,1),(1187,2,NULL,'2016-09-27 00:00:00',201609,21,40.2400,'Target',NULL,'2016-12-01 00:00:00','Upload',NULL,NULL,1),(1188,2,NULL,'2016-09-28 00:00:00',201609,21,19.0400,'Amazon',NULL,'2016-12-01 00:00:00','Upload',NULL,NULL,1),(1189,2,NULL,'2016-09-29 00:00:00',201609,21,50.0000,'Jeweler',NULL,'2016-12-01 00:00:00','Upload',NULL,NULL,1),(1190,2,NULL,'2016-09-30 00:00:00',201609,21,20.1300,'Autozone',NULL,'2016-12-01 00:00:00','Upload',NULL,NULL,1),(1191,2,NULL,'2016-09-30 00:00:00',201609,21,3.1300,'Target',NULL,'2016-12-01 00:00:00','Upload',NULL,NULL,1),(1192,2,NULL,'2016-09-30 00:00:00',201609,21,34.0900,'Target',NULL,'2016-12-01 00:00:00','Upload',NULL,NULL,1),(1193,2,NULL,'2016-10-03 00:00:00',201610,21,12.7100,'Kroger',NULL,'2016-12-01 00:00:00','Upload',NULL,NULL,1),(1194,2,NULL,'2016-10-04 00:00:00',201610,21,49.7900,'Rite Aid',NULL,'2016-12-01 00:00:00','Upload',NULL,NULL,1),(1195,2,NULL,'2016-10-06 00:00:00',201610,21,35.0000,'Nails',NULL,'2016-12-01 00:00:00','Upload',NULL,NULL,1),(1196,2,NULL,'2016-10-06 00:00:00',201610,21,47.9900,'Walmart',NULL,'2016-12-01 00:00:00','Upload',NULL,NULL,1),(1197,2,NULL,'2016-10-11 00:00:00',201610,21,29.7000,'Kroger',NULL,'2016-12-01 00:00:00','Upload',NULL,NULL,1),(1198,2,NULL,'2016-10-11 00:00:00',201610,21,9.9700,'Walmart',NULL,'2016-12-01 00:00:00','Upload',NULL,NULL,1),(1199,2,NULL,'2016-10-15 00:00:00',201610,21,9.3800,'FedEx Office',NULL,'2016-12-01 00:00:00','Upload',NULL,NULL,1),(1200,2,NULL,'2016-10-17 00:00:00',201610,21,20.1200,'CVS',NULL,'2016-12-01 00:00:00','Upload',NULL,NULL,1),(1201,2,NULL,'2016-10-17 00:00:00',201610,21,30.0000,'Kroger',NULL,'2016-12-01 00:00:00','Upload',NULL,NULL,1),(1202,2,NULL,'2016-10-17 00:00:00',201610,21,48.5500,'Sams Club',NULL,'2016-12-01 00:00:00','Upload',NULL,NULL,1),(1203,2,NULL,'2016-10-17 00:00:00',201610,21,20.0000,'Walmart',NULL,'2016-12-01 00:00:00','Upload',NULL,NULL,1),(1204,2,NULL,'2016-10-18 00:00:00',201610,21,26.4900,'Cat - Feeders Supply',NULL,'2016-12-01 00:00:00','Upload',NULL,NULL,1),(1205,2,NULL,'2016-10-26 00:00:00',201610,21,52.9500,'AE',NULL,'2016-12-01 00:00:00','Upload',NULL,NULL,1),(1206,2,NULL,'2016-10-26 00:00:00',201610,21,126.3200,'Old Navy',NULL,'2016-12-01 00:00:00','Upload',NULL,NULL,1),(1207,2,NULL,'2016-04-25 00:00:00',201604,14,7.9900,'Netflix',NULL,'2016-12-01 00:00:00','Upload',NULL,NULL,1),(1208,2,NULL,'2016-05-23 00:00:00',201605,14,7.9900,'Netflix',NULL,'2016-12-01 00:00:00','Upload',NULL,NULL,1),(1209,2,NULL,'2016-06-23 00:00:00',201606,14,7.9900,'Netflix',NULL,'2016-12-01 00:00:00','Upload',NULL,NULL,1),(1210,2,NULL,'2016-07-25 00:00:00',201607,14,9.9900,'Netflix',NULL,'2016-12-01 00:00:00','Upload',NULL,NULL,1),(1211,2,NULL,'2016-08-23 00:00:00',201608,14,9.9900,'Netflix',NULL,'2016-12-01 00:00:00','Upload',NULL,NULL,1),(1212,2,NULL,'2016-09-23 00:00:00',201609,14,9.9900,'Netflix',NULL,'2016-12-01 00:00:00','Upload',NULL,NULL,1),(1213,2,NULL,'2016-10-24 00:00:00',201610,14,9.9900,'Netflix',NULL,'2016-12-01 00:00:00','Upload',NULL,NULL,1),(1214,2,NULL,'2016-04-06 00:00:00',201604,11,172.0000,'Cell Phone',NULL,'2016-12-01 00:00:00','Upload',NULL,NULL,1),(1215,2,NULL,'2016-05-01 00:00:00',201605,11,45.0000,'Cell Phone Upgrade',NULL,'2016-12-01 00:00:00','Upload',NULL,NULL,1),(1216,2,NULL,'2016-05-03 00:00:00',201605,11,35.9600,'Cell Phone Case',NULL,'2016-12-01 00:00:00','Upload',NULL,NULL,1),(1217,2,NULL,'2016-05-09 00:00:00',201605,11,191.0000,'Cell Phone',NULL,'2016-12-01 00:00:00','Upload',NULL,NULL,1),(1218,2,NULL,'2016-06-06 00:00:00',201606,11,218.0000,'Cell Phone',NULL,'2016-12-01 00:00:00','Upload',NULL,NULL,1),(1219,2,NULL,'2016-07-08 00:00:00',201607,11,236.0000,'Cell Phone',NULL,'2016-12-01 00:00:00','Upload',NULL,NULL,1),(1220,2,NULL,'2016-08-05 00:00:00',201608,11,197.0000,'Cell Phone',NULL,'2016-12-01 00:00:00','Upload',NULL,NULL,1),(1221,2,NULL,'2016-09-06 00:00:00',201609,11,217.0000,'Cell Phone',NULL,'2016-12-01 00:00:00','Upload',NULL,NULL,1),(1222,2,NULL,'2016-10-05 00:00:00',201610,11,207.0000,'Cell Phone',NULL,'2016-12-01 00:00:00','Upload',NULL,NULL,1),(1223,2,NULL,'2016-04-01 00:00:00',201604,5,46.0000,'Travel Fund',NULL,'2016-12-01 00:00:00','Upload',NULL,NULL,1),(1224,2,NULL,'2016-04-15 00:00:00',201604,5,46.0000,'Travel Fund',NULL,'2016-12-01 00:00:00','Upload',NULL,NULL,1),(1225,2,NULL,'2016-04-29 00:00:00',201604,5,218.0000,'Travel Fund',NULL,'2016-12-01 00:00:00','Upload',NULL,NULL,1),(1226,2,NULL,'2016-05-13 00:00:00',201605,5,218.0000,'Travel Fund',NULL,'2016-12-01 00:00:00','Upload',NULL,NULL,1),(1227,2,NULL,'2016-09-06 00:00:00',201609,5,220.0000,'Travel Fund',NULL,'2016-12-01 00:00:00','Upload',NULL,NULL,1),(1228,2,NULL,'2016-10-15 00:00:00',201610,5,30.0000,'Travel Fund',NULL,'2016-12-01 00:00:00','Upload',NULL,NULL,1),(1229,2,NULL,'2016-04-04 00:00:00',201604,2,40.0000,'Vanguard IRA',NULL,'2016-12-01 00:00:00','Upload',NULL,NULL,1),(1230,2,NULL,'2016-06-13 00:00:00',201606,2,40.0000,'Vanguard IRA',NULL,'2016-12-01 00:00:00','Upload',NULL,NULL,1),(1231,2,NULL,'2016-06-27 00:00:00',201606,2,40.0000,'Vanguard IRA',NULL,'2016-12-01 00:00:00','Upload',NULL,NULL,1),(1232,2,NULL,'2016-07-11 00:00:00',201607,2,40.0000,'Vanguard IRA',NULL,'2016-12-01 00:00:00','Upload',NULL,NULL,1),(1233,2,NULL,'2016-07-25 00:00:00',201607,2,40.0000,'Vanguard IRA',NULL,'2016-12-01 00:00:00','Upload',NULL,NULL,1),(1234,2,NULL,'2016-08-08 00:00:00',201608,2,40.0000,'Vanguard IRA',NULL,'2016-12-01 00:00:00','Upload',NULL,NULL,1),(1235,2,NULL,'2016-08-22 00:00:00',201608,2,40.0000,'Vanguard IRA',NULL,'2016-12-01 00:00:00','Upload',NULL,NULL,1),(1236,2,NULL,'2016-09-06 00:00:00',201609,2,40.0000,'Vanguard IRA',NULL,'2016-12-01 00:00:00','Upload',NULL,NULL,1),(1237,2,NULL,'2016-09-19 00:00:00',201609,2,40.0000,'Vanguard IRA',NULL,'2016-12-01 00:00:00','Upload',NULL,NULL,1),(1238,2,NULL,'2016-10-03 00:00:00',201610,2,40.0000,'Vanguard IRA',NULL,'2016-12-01 00:00:00','Upload',NULL,NULL,1),(1239,2,NULL,'2016-10-17 00:00:00',201610,2,40.0000,'Vanguard IRA',NULL,'2016-12-01 00:00:00','Upload',NULL,NULL,1),(1240,2,NULL,'2016-10-31 00:00:00',201610,2,40.0000,'Vanguard IRA',NULL,'2016-12-01 00:00:00','Upload',NULL,NULL,1),(1241,2,NULL,'2016-04-04 00:00:00',201604,25,25.7500,'Cash Withdrawl',NULL,'2016-12-01 00:00:00','Upload',NULL,NULL,1),(1242,2,NULL,'2016-04-11 00:00:00',201604,25,40.0000,'Cash Withdrawl',NULL,'2016-12-01 00:00:00','Upload',NULL,NULL,1),(1243,2,NULL,'2016-04-14 00:00:00',201604,25,40.0000,'Cash Withdrawl',NULL,'2016-12-01 00:00:00','Upload',NULL,NULL,1),(1244,2,NULL,'2016-04-15 00:00:00',201604,25,40.0000,'Cash Withdrawl',NULL,'2016-12-01 00:00:00','Upload',NULL,NULL,1),(1245,2,NULL,'2016-05-02 00:00:00',201605,25,120.0000,'Cash Withdrawl',NULL,'2016-12-01 00:00:00','Upload',NULL,NULL,1),(1246,2,NULL,'2016-05-09 00:00:00',201605,25,20.0000,'Cash Withdrawl',NULL,'2016-12-01 00:00:00','Upload',NULL,NULL,1),(1247,2,NULL,'2016-06-10 00:00:00',201606,25,160.0000,'Cash Withdrawl',NULL,'2016-12-01 00:00:00','Upload',NULL,NULL,1),(1248,2,NULL,'2016-06-20 00:00:00',201606,25,20.0000,'Cash Withdrawl',NULL,'2016-12-01 00:00:00','Upload',NULL,NULL,1),(1249,2,NULL,'2016-06-20 00:00:00',201606,25,120.0000,'Cash Withdrawl',NULL,'2016-12-01 00:00:00','Upload',NULL,NULL,1),(1250,2,NULL,'2016-07-05 00:00:00',201607,25,120.0000,'Cash Withdrawl',NULL,'2016-12-01 00:00:00','Upload',NULL,NULL,1),(1251,2,NULL,'2016-07-13 00:00:00',201607,25,40.0000,'Cash Withdrawl',NULL,'2016-12-01 00:00:00','Upload',NULL,NULL,1),(1252,2,NULL,'2016-07-29 00:00:00',201607,25,40.0000,'Cash Withdrawl',NULL,'2016-12-01 00:00:00','Upload',NULL,NULL,1),(1253,2,NULL,'2016-08-08 00:00:00',201608,25,120.0000,'Cash Withdrawl',NULL,'2016-12-01 00:00:00','Upload',NULL,NULL,1),(1254,2,NULL,'2016-08-29 00:00:00',201608,25,40.0000,'Cash Withdrawl',NULL,'2016-12-01 00:00:00','Upload',NULL,NULL,1),(1255,2,NULL,'2016-09-01 00:00:00',201609,25,160.0000,'Cash Withdrawl',NULL,'2016-12-01 00:00:00','Upload',NULL,NULL,1),(1256,2,NULL,'2016-09-27 00:00:00',201609,25,20.0000,'Cash Withdrawl',NULL,'2016-12-01 00:00:00','Upload',NULL,NULL,1),(1257,2,NULL,'2016-10-03 00:00:00',201610,25,180.0000,'Cash Withdrawl',NULL,'2016-12-01 00:00:00','Upload',NULL,NULL,1),(1258,2,NULL,'2016-10-24 00:00:00',201610,25,20.0000,'Cash Withdrawl',NULL,'2016-12-01 00:00:00','Upload',NULL,NULL,1),(1259,2,NULL,'2016-04-02 00:00:00',201604,22,13.0000,'iTunes',NULL,'2016-12-01 00:00:00','Upload',NULL,NULL,1),(1260,2,NULL,'2016-04-04 00:00:00',201604,22,20.0000,'Pub',NULL,'2016-12-01 00:00:00','Upload',NULL,NULL,1),(1261,2,NULL,'2016-04-04 00:00:00',201604,22,12.7100,'Pub',NULL,'2016-12-01 00:00:00','Upload',NULL,NULL,1),(1262,2,NULL,'2016-04-05 00:00:00',201604,22,33.1500,'Dinner',NULL,'2016-12-01 00:00:00','Upload',NULL,NULL,1),(1263,2,NULL,'2016-04-08 00:00:00',201604,22,15.1600,'Pub',NULL,'2016-12-01 00:00:00','Upload',NULL,NULL,1),(1264,2,NULL,'2016-04-15 00:00:00',201604,22,9.7300,'Dinner',NULL,'2016-12-01 00:00:00','Upload',NULL,NULL,1),(1265,2,NULL,'2016-04-18 00:00:00',201604,22,35.1900,'Dinner',NULL,'2016-12-01 00:00:00','Upload',NULL,NULL,1),(1266,2,NULL,'2016-04-18 00:00:00',201604,22,20.0200,'Dinner',NULL,'2016-12-01 00:00:00','Upload',NULL,NULL,1),(1267,2,NULL,'2016-04-19 00:00:00',201604,22,7.0600,'Dinner',NULL,'2016-12-01 00:00:00','Upload',NULL,NULL,1),(1268,2,NULL,'2016-04-25 00:00:00',201604,22,6.7400,'Dinner',NULL,'2016-12-01 00:00:00','Upload',NULL,NULL,1),(1269,2,NULL,'2016-04-25 00:00:00',201604,22,15.1600,'Pub',NULL,'2016-12-01 00:00:00','Upload',NULL,NULL,1),(1270,2,NULL,'2016-04-27 00:00:00',201604,22,3.3700,'Dinner',NULL,'2016-12-01 00:00:00','Upload',NULL,NULL,1),(1271,2,NULL,'2016-04-28 00:00:00',201604,22,5.0600,'Dinner',NULL,'2016-12-01 00:00:00','Upload',NULL,NULL,1),(1272,2,NULL,'2016-04-29 00:00:00',201604,22,7.6200,'Dinner',NULL,'2016-12-01 00:00:00','Upload',NULL,NULL,1),(1273,2,NULL,'2016-05-02 00:00:00',201605,22,23.0200,'Dinner',NULL,'2016-12-01 00:00:00','Upload',NULL,NULL,1),(1274,2,NULL,'2016-05-02 00:00:00',201605,22,17.9100,'Pub',NULL,'2016-12-01 00:00:00','Upload',NULL,NULL,1),(1275,2,NULL,'2016-05-02 00:00:00',201605,22,34.4500,'Sunglasses',NULL,'2016-12-01 00:00:00','Upload',NULL,NULL,1),(1276,2,NULL,'2016-05-04 00:00:00',201605,22,8.9800,'Dinner',NULL,'2016-12-01 00:00:00','Upload',NULL,NULL,1),(1277,2,NULL,'2016-05-05 00:00:00',201605,22,6.7300,'Dinner',NULL,'2016-12-01 00:00:00','Upload',NULL,NULL,1),(1278,2,NULL,'2016-05-09 00:00:00',201605,22,49.3100,'Movies',NULL,'2016-12-01 00:00:00','Upload',NULL,NULL,1),(1279,2,NULL,'2016-05-09 00:00:00',201605,22,7.2000,'Pub',NULL,'2016-12-01 00:00:00','Upload',NULL,NULL,1),(1280,2,NULL,'2016-05-09 00:00:00',201605,22,13.3300,'Pub',NULL,'2016-12-01 00:00:00','Upload',NULL,NULL,1),(1281,2,NULL,'2016-05-09 00:00:00',201605,22,8.4700,'iTunes',NULL,'2016-12-01 00:00:00','Upload',NULL,NULL,1),(1282,2,NULL,'2016-05-12 00:00:00',201605,22,37.6400,'Dinner',NULL,'2016-12-01 00:00:00','Upload',NULL,NULL,1),(1283,2,NULL,'2016-05-16 00:00:00',201605,22,10.5900,'Pub',NULL,'2016-12-01 00:00:00','Upload',NULL,NULL,1),(1284,2,NULL,'2016-05-24 00:00:00',201605,22,6.8800,'Dinner',NULL,'2016-12-01 00:00:00','Upload',NULL,NULL,1),(1285,2,NULL,'2016-05-25 00:00:00',201605,22,0.5800,'Tanning',NULL,'2016-12-01 00:00:00','Upload',NULL,NULL,1),(1286,2,NULL,'2016-05-25 00:00:00',201605,22,28.6800,'Tanning',NULL,'2016-12-01 00:00:00','Upload',NULL,NULL,1),(1287,2,NULL,'2016-05-27 00:00:00',201605,22,7.0700,'Dinner',NULL,'2016-12-01 00:00:00','Upload',NULL,NULL,1),(1288,2,NULL,'2016-05-27 00:00:00',201605,22,16.0700,'Dinner',NULL,'2016-12-01 00:00:00','Upload',NULL,NULL,1),(1289,2,NULL,'2016-06-01 00:00:00',201606,22,27.4900,'Tanning',NULL,'2016-12-01 00:00:00','Upload',NULL,NULL,1),(1290,2,NULL,'2016-06-08 00:00:00',201606,22,33.3700,'Dinner',NULL,'2016-12-01 00:00:00','Upload',NULL,NULL,1),(1291,2,NULL,'2016-06-08 00:00:00',201606,22,10.6300,'Pub',NULL,'2016-12-01 00:00:00','Upload',NULL,NULL,1),(1292,2,NULL,'2016-06-09 00:00:00',201606,22,12.4900,'Pub',NULL,'2016-12-01 00:00:00','Upload',NULL,NULL,1),(1293,2,NULL,'2016-06-13 00:00:00',201606,22,55.6700,'Dinner',NULL,'2016-12-01 00:00:00','Upload',NULL,NULL,1),(1294,2,NULL,'2016-06-13 00:00:00',201606,22,30.3800,'Dinner',NULL,'2016-12-01 00:00:00','Upload',NULL,NULL,1),(1295,2,NULL,'2016-06-13 00:00:00',201606,22,8.4700,'iTunes',NULL,'2016-12-01 00:00:00','Upload',NULL,NULL,1),(1296,2,NULL,'2016-06-20 00:00:00',201606,22,13.0000,'Dinner',NULL,'2016-12-01 00:00:00','Upload',NULL,NULL,1),(1297,2,NULL,'2016-06-20 00:00:00',201606,22,36.1700,'Dinner',NULL,'2016-12-01 00:00:00','Upload',NULL,NULL,1),(1298,2,NULL,'2016-06-24 00:00:00',201606,22,9.6200,'Dinner',NULL,'2016-12-01 00:00:00','Upload',NULL,NULL,1),(1299,2,NULL,'2016-06-29 00:00:00',201606,22,16.5600,'Dinner',NULL,'2016-12-01 00:00:00','Upload',NULL,NULL,1),(1300,2,NULL,'2016-07-05 00:00:00',201607,22,39.9000,'Etsy',NULL,'2016-12-01 00:00:00','Upload',NULL,NULL,1),(1301,2,NULL,'2016-07-05 00:00:00',201607,22,23.5000,'Movies',NULL,'2016-12-01 00:00:00','Upload',NULL,NULL,1),(1302,2,NULL,'2016-07-05 00:00:00',201607,22,22.0000,'Movies',NULL,'2016-12-01 00:00:00','Upload',NULL,NULL,1),(1303,2,NULL,'2016-07-06 00:00:00',201607,22,90.6100,'Amazon',NULL,'2016-12-01 00:00:00','Upload',NULL,NULL,1),(1304,2,NULL,'2016-07-07 00:00:00',201607,22,25.3300,'Urban Outfitters',NULL,'2016-12-01 00:00:00','Upload',NULL,NULL,1),(1305,2,NULL,'2016-07-07 00:00:00',201607,22,4.9900,'iTunes',NULL,'2016-12-01 00:00:00','Upload',NULL,NULL,1),(1306,2,NULL,'2016-07-07 00:00:00',201607,22,8.4700,'iTunes',NULL,'2016-12-01 00:00:00','Upload',NULL,NULL,1),(1307,2,NULL,'2016-07-08 00:00:00',201607,22,16.5900,'Dinner',NULL,'2016-12-01 00:00:00','Upload',NULL,NULL,1),(1308,2,NULL,'2016-07-11 00:00:00',201607,22,34.6300,'Dinner',NULL,'2016-12-01 00:00:00','Upload',NULL,NULL,1),(1309,2,NULL,'2016-07-13 00:00:00',201607,22,58.7800,'Pub',NULL,'2016-12-01 00:00:00','Upload',NULL,NULL,1),(1310,2,NULL,'2016-07-14 00:00:00',201607,22,20.0000,'Dinner',NULL,'2016-12-01 00:00:00','Upload',NULL,NULL,1),(1311,2,NULL,'2016-07-18 00:00:00',201607,22,23.7500,'Pub',NULL,'2016-12-01 00:00:00','Upload',NULL,NULL,1),(1312,2,NULL,'2016-07-20 00:00:00',201607,22,17.2300,'Dinner',NULL,'2016-12-01 00:00:00','Upload',NULL,NULL,1),(1313,2,NULL,'2016-07-20 00:00:00',201607,22,7.3800,'Dinner',NULL,'2016-12-01 00:00:00','Upload',NULL,NULL,1),(1314,2,NULL,'2016-07-20 00:00:00',201607,22,20.1200,'Pub',NULL,'2016-12-01 00:00:00','Upload',NULL,NULL,1),(1315,2,NULL,'2016-07-20 00:00:00',201607,22,5.9800,'iTunes',NULL,'2016-12-01 00:00:00','Upload',NULL,NULL,1),(1316,2,NULL,'2016-07-22 00:00:00',201607,22,49.8900,'Dinner',NULL,'2016-12-01 00:00:00','Upload',NULL,NULL,1),(1317,2,NULL,'2016-07-25 00:00:00',201607,22,7.1900,'Dinner',NULL,'2016-12-01 00:00:00','Upload',NULL,NULL,1),(1318,2,NULL,'2016-07-26 00:00:00',201607,22,6.5600,'Dinner',NULL,'2016-12-01 00:00:00','Upload',NULL,NULL,1),(1319,2,NULL,'2016-07-26 00:00:00',201607,22,8.3600,'Dinner',NULL,'2016-12-01 00:00:00','Upload',NULL,NULL,1),(1320,2,NULL,'2016-07-26 00:00:00',201607,22,10.6200,'Pub',NULL,'2016-12-01 00:00:00','Upload',NULL,NULL,1),(1321,2,NULL,'2016-07-29 00:00:00',201607,22,18.5300,'Pub',NULL,'2016-12-01 00:00:00','Upload',NULL,NULL,1),(1322,2,NULL,'2016-08-01 00:00:00',201608,22,5.2900,'Dessert',NULL,'2016-12-01 00:00:00','Upload',NULL,NULL,1),(1323,2,NULL,'2016-08-01 00:00:00',201608,22,11.6500,'Lunch',NULL,'2016-12-01 00:00:00','Upload',NULL,NULL,1),(1324,2,NULL,'2016-08-01 00:00:00',201608,22,21.4500,'Lunch',NULL,'2016-12-01 00:00:00','Upload',NULL,NULL,1),(1325,2,NULL,'2016-08-01 00:00:00',201608,22,17.7500,'Movies',NULL,'2016-12-01 00:00:00','Upload',NULL,NULL,1),(1326,2,NULL,'2016-08-01 00:00:00',201608,22,16.0000,'Movies',NULL,'2016-12-01 00:00:00','Upload',NULL,NULL,1),(1327,2,NULL,'2016-08-01 00:00:00',201608,22,20.9000,'Pub',NULL,'2016-12-01 00:00:00','Upload',NULL,NULL,1),(1328,2,NULL,'2016-08-03 00:00:00',201608,22,11.6500,'Pub',NULL,'2016-12-01 00:00:00','Upload',NULL,NULL,1),(1329,2,NULL,'2016-08-05 00:00:00',201608,22,2.9900,'Amazon Video',NULL,'2016-12-01 00:00:00','Upload',NULL,NULL,1),(1330,2,NULL,'2016-08-08 00:00:00',201608,22,40.7800,'Lunch',NULL,'2016-12-01 00:00:00','Upload',NULL,NULL,1),(1331,2,NULL,'2016-08-08 00:00:00',201608,22,19.4500,'Pub',NULL,'2016-12-01 00:00:00','Upload',NULL,NULL,1),(1332,2,NULL,'2016-08-08 00:00:00',201608,22,1.4500,'Snack',NULL,'2016-12-01 00:00:00','Upload',NULL,NULL,1),(1333,2,NULL,'2016-08-08 00:00:00',201608,22,8.4700,'iTunes',NULL,'2016-12-01 00:00:00','Upload',NULL,NULL,1),(1334,2,NULL,'2016-08-10 00:00:00',201608,22,23.6200,'Pub',NULL,'2016-12-01 00:00:00','Upload',NULL,NULL,1),(1335,2,NULL,'2016-08-10 00:00:00',201608,22,1.4500,'Snack',NULL,'2016-12-01 00:00:00','Upload',NULL,NULL,1),(1336,2,NULL,'2016-08-15 00:00:00',201608,22,22.5300,'Lunch',NULL,'2016-12-01 00:00:00','Upload',NULL,NULL,1),(1337,2,NULL,'2016-08-15 00:00:00',201608,22,16.0000,'Movies',NULL,'2016-12-01 00:00:00','Upload',NULL,NULL,1),(1338,2,NULL,'2016-08-17 00:00:00',201608,22,12.7800,'Lunch',NULL,'2016-12-01 00:00:00','Upload',NULL,NULL,1),(1339,2,NULL,'2016-08-22 00:00:00',201608,22,4.7600,'Breakfast',NULL,'2016-12-01 00:00:00','Upload',NULL,NULL,1),(1340,2,NULL,'2016-08-23 00:00:00',201608,22,2.9900,'iTunes',NULL,'2016-12-01 00:00:00','Upload',NULL,NULL,1),(1341,2,NULL,'2016-08-27 00:00:00',201608,22,25.4300,'Amazon',NULL,'2016-12-01 00:00:00','Upload',NULL,NULL,1),(1342,2,NULL,'2016-08-29 00:00:00',201608,22,68.4600,'Lunch',NULL,'2016-12-01 00:00:00','Upload',NULL,NULL,1),(1343,2,NULL,'2016-08-29 00:00:00',201608,22,6.9700,'Lunch',NULL,'2016-12-01 00:00:00','Upload',NULL,NULL,1),(1344,2,NULL,'2016-08-29 00:00:00',201608,22,8.7900,'Pub',NULL,'2016-12-01 00:00:00','Upload',NULL,NULL,1),(1345,2,NULL,'2016-08-29 00:00:00',201608,22,1.4500,'Snack',NULL,'2016-12-01 00:00:00','Upload',NULL,NULL,1),(1346,2,NULL,'2016-08-31 00:00:00',201608,22,6.0300,'Lunch',NULL,'2016-12-01 00:00:00','Upload',NULL,NULL,1),(1347,2,NULL,'2016-09-02 00:00:00',201609,22,11.6500,'Pub',NULL,'2016-12-01 00:00:00','Upload',NULL,NULL,1),(1348,2,NULL,'2016-09-06 00:00:00',201609,22,32.5000,'Lunch',NULL,'2016-12-01 00:00:00','Upload',NULL,NULL,1),(1349,2,NULL,'2016-09-08 00:00:00',201609,22,5.9800,'iTunes',NULL,'2016-12-01 00:00:00','Upload',NULL,NULL,1),(1350,2,NULL,'2016-09-12 00:00:00',201609,22,8.8800,'Lunch',NULL,'2016-12-01 00:00:00','Upload',NULL,NULL,1),(1351,2,NULL,'2016-09-12 00:00:00',201609,22,13.9700,'Lunch',NULL,'2016-12-01 00:00:00','Upload',NULL,NULL,1),(1352,2,NULL,'2016-09-12 00:00:00',201609,22,8.4700,'iTunes',NULL,'2016-12-01 00:00:00','Upload',NULL,NULL,1),(1353,2,NULL,'2016-09-15 00:00:00',201609,22,9.4900,'Snack',NULL,'2016-12-01 00:00:00','Upload',NULL,NULL,1),(1354,2,NULL,'2016-09-16 00:00:00',201609,22,5.1600,'Lunch',NULL,'2016-12-01 00:00:00','Upload',NULL,NULL,1),(1355,2,NULL,'2016-09-16 00:00:00',201609,22,16.1100,'Lunch',NULL,'2016-12-01 00:00:00','Upload',NULL,NULL,1),(1356,2,NULL,'2016-09-19 00:00:00',201609,22,11.9200,'Lunch',NULL,'2016-12-01 00:00:00','Upload',NULL,NULL,1),(1357,2,NULL,'2016-09-19 00:00:00',201609,22,28.5500,'Pub',NULL,'2016-12-01 00:00:00','Upload',NULL,NULL,1),(1358,2,NULL,'2016-09-19 00:00:00',201609,22,10.5900,'iTunes',NULL,'2016-12-01 00:00:00','Upload',NULL,NULL,1),(1359,2,NULL,'2016-09-20 00:00:00',201609,22,7.7200,'Lunch',NULL,'2016-12-01 00:00:00','Upload',NULL,NULL,1),(1360,2,NULL,'2016-09-22 00:00:00',201609,22,6.1800,'Lunch',NULL,'2016-12-01 00:00:00','Upload',NULL,NULL,1),(1361,2,NULL,'2016-09-22 00:00:00',201609,22,7.7200,'Lunch',NULL,'2016-12-01 00:00:00','Upload',NULL,NULL,1),(1362,2,NULL,'2016-09-22 00:00:00',201609,22,9.1100,'Lunch',NULL,'2016-12-01 00:00:00','Upload',NULL,NULL,1),(1363,2,NULL,'2016-09-27 00:00:00',201609,22,7.7200,'Lunch',NULL,'2016-12-01 00:00:00','Upload',NULL,NULL,1),(1364,2,NULL,'2016-09-28 00:00:00',201609,22,19.4500,'Pub',NULL,'2016-12-01 00:00:00','Upload',NULL,NULL,1),(1365,2,NULL,'2016-09-29 00:00:00',201609,22,39.0400,'Concert Tickets',NULL,'2016-12-01 00:00:00','Upload',NULL,NULL,1),(1366,2,NULL,'2016-09-30 00:00:00',201609,22,31.6300,'Lunch',NULL,'2016-12-01 00:00:00','Upload',NULL,NULL,1),(1367,2,NULL,'2016-10-11 00:00:00',201610,22,3.7000,'Breakfast',NULL,'2016-12-01 00:00:00','Upload',NULL,NULL,1),(1368,2,NULL,'2016-10-11 00:00:00',201610,22,65.4100,'Lunch',NULL,'2016-12-01 00:00:00','Upload',NULL,NULL,1),(1369,2,NULL,'2016-10-11 00:00:00',201610,22,8.4700,'iTunes',NULL,'2016-12-01 00:00:00','Upload',NULL,NULL,1),(1370,2,NULL,'2016-10-12 00:00:00',201610,22,7.7200,'Lunch',NULL,'2016-12-01 00:00:00','Upload',NULL,NULL,1),(1371,2,NULL,'2016-10-12 00:00:00',201610,22,2.9900,'iTunes',NULL,'2016-12-01 00:00:00','Upload',NULL,NULL,1),(1372,2,NULL,'2016-10-14 00:00:00',201610,22,4.3700,'Snack',NULL,'2016-12-01 00:00:00','Upload',NULL,NULL,1),(1373,2,NULL,'2016-10-17 00:00:00',201610,22,7.7300,'Lunch',NULL,'2016-12-01 00:00:00','Upload',NULL,NULL,1),(1374,2,NULL,'2016-10-17 00:00:00',201610,22,27.5900,'Lunch',NULL,'2016-12-01 00:00:00','Upload',NULL,NULL,1),(1375,2,NULL,'2016-10-17 00:00:00',201610,22,5.3000,'Lunch',NULL,'2016-12-01 00:00:00','Upload',NULL,NULL,1),(1376,2,NULL,'2016-10-17 00:00:00',201610,22,45.9700,'Pub',NULL,'2016-12-01 00:00:00','Upload',NULL,NULL,1),(1377,2,NULL,'2016-10-17 00:00:00',201610,22,36.5000,'Pub',NULL,'2016-12-01 00:00:00','Upload',NULL,NULL,1),(1378,2,NULL,'2016-10-17 00:00:00',201610,22,29.6100,'Walmart',NULL,'2016-12-01 00:00:00','Upload',NULL,NULL,1),(1379,2,NULL,'2016-10-20 00:00:00',201610,22,10.7100,'Starbucks',NULL,'2016-12-01 00:00:00','Upload',NULL,NULL,1),(1380,2,NULL,'2016-10-24 00:00:00',201610,22,5.1600,'Lunch',NULL,'2016-12-01 00:00:00','Upload',NULL,NULL,1),(1381,2,NULL,'2016-10-24 00:00:00',201610,22,3.9000,'Lunch',NULL,'2016-12-01 00:00:00','Upload',NULL,NULL,1),(1382,2,NULL,'2016-10-24 00:00:00',201610,22,13.9700,'Lunch',NULL,'2016-12-01 00:00:00','Upload',NULL,NULL,1),(1383,2,NULL,'2016-10-26 00:00:00',201610,22,28.7200,'iTunes',NULL,'2016-12-01 00:00:00','Upload',NULL,NULL,1),(1384,2,NULL,'2016-10-27 00:00:00',201610,22,12.4700,'Lunch',NULL,'2016-12-01 00:00:00','Upload',NULL,NULL,1),(1385,2,NULL,'2016-10-27 00:00:00',201610,22,4.4800,'Snack',NULL,'2016-12-01 00:00:00','Upload',NULL,NULL,1),(1386,2,NULL,'2016-10-28 00:00:00',201610,22,11.9500,'Breakfast',NULL,'2016-12-01 00:00:00','Upload',NULL,NULL,1),(1387,2,NULL,'2016-10-31 00:00:00',201610,22,3.5500,'Snack',NULL,'2016-12-01 00:00:00','Upload',NULL,NULL,1),(1388,2,NULL,'2016-10-31 00:00:00',201610,22,3.1500,'iTunes',NULL,'2016-12-01 00:00:00','Upload',NULL,NULL,1),(1389,2,NULL,'2016-04-01 00:00:00',201604,32,35.0000,'World Vision',NULL,'2016-12-01 00:00:00','Upload',NULL,NULL,1),(1390,2,'','2016-12-05 00:00:00',201612,22,7.7300,'Lunch','','2016-12-02 12:19:37','User','2016-12-06 04:09:38','User',1),(1392,2,'','2016-12-05 00:00:00',201612,24,60.2800,'Dinner','','2016-12-02 19:15:02','User','2016-12-06 04:09:17','User',1),(1398,2,'','2016-12-05 00:00:00',201612,22,6.9900,'Lunch','','2016-12-03 10:32:39','User','2016-12-06 04:07:45','User',1),(1394,2,'','2016-12-02 00:00:00',201612,22,14.6100,'Pub','','2016-12-02 19:36:49','User','2016-12-03 07:29:59','User',1),(1395,2,'','2016-12-05 00:00:00',201612,21,27.6800,'Walmart','','2016-12-03 07:28:45','User','2016-12-06 04:08:07','User',1),(1396,2,'','2016-12-05 00:00:00',201612,22,6.0400,'Snack','','2016-12-03 07:29:37','User','2016-12-06 04:08:57','User',1),(1397,2,'','2016-12-05 00:00:00',201612,17,31.6900,'Gas-2016-12-01','','2016-12-03 07:33:57','User','2016-12-06 04:08:27','User',1),(1399,2,'','2016-12-05 00:00:00',201612,17,28.0600,'Gas-2016-12-02','','2016-12-03 21:09:17','User','2016-12-06 04:06:43','User',1),(1400,2,'','2016-12-05 00:00:00',201612,22,1.5000,'Snack','','2016-12-03 21:09:37','User','2016-12-06 04:07:26','User',1),(1401,4,'2 of 2','2016-12-05 00:00:00',201612,6,-75.0000,'Kroger','Split - 116.30 Total - Spent from Fund','2016-12-04 12:50:07','User','2016-12-09 08:34:29','User',1),(1402,2,'1 of 2','2016-12-05 00:00:00',201612,21,41.3000,'Kroger','Split - 116.30 Total','2016-12-04 12:52:31','User','2016-12-09 08:34:20','User',1),(1403,2,'','2016-12-05 00:00:00',201612,22,9.4200,'Lunch','','2016-12-04 13:44:18','User','2016-12-06 04:06:23','User',1),(1404,2,'','2016-12-05 00:00:00',201612,6,150.0000,'Christmas Fund','','2016-12-04 14:04:21','User','2016-12-06 04:10:56','User',1),(1405,3,'','2016-12-05 00:00:00',201612,6,150.0000,'Christmas Fund','Added to Fund','2016-12-04 14:04:21','User','2016-12-06 04:10:47','User',1),(1406,2,'1 of 2','2016-12-06 00:00:00',201612,22,13.9900,'Amazon','Split - 36.97 Total','2016-12-04 19:05:23','User','2016-12-09 08:34:08','User',1),(1410,4,'2 of 2','2016-12-06 00:00:00',201612,6,-22.9800,'Amazon','Split - 36.97 Total - Spent from Fund','2016-12-04 19:12:11','User','2016-12-09 08:34:12','User',1),(1411,2,'','2016-12-05 00:00:00',201612,18,156.6000,'Car Insurance','','2016-12-05 10:20:31','User','2016-12-06 04:04:05','User',1),(1412,2,'','2016-12-05 00:00:00',201612,11,217.0000,'Cell Phone','','2016-12-05 11:24:52','User','2016-12-06 04:04:58','User',1),(1413,2,'','2016-12-06 00:00:00',201612,22,8.2500,'Lunch','','2016-12-05 11:25:08','User','2016-12-07 07:18:43','User',1),(1414,2,'','2016-12-05 00:00:00',201612,21,30.9200,'Kroger','','2016-12-05 16:48:56','User','2016-12-06 04:04:32','User',1),(1415,2,'','2016-12-06 00:00:00',201612,24,23.0200,'Dinner','','2016-12-05 16:58:32','User','2016-12-07 07:18:35','User',1),(1416,2,'','2016-12-06 00:00:00',201612,9,22.2400,'Home Insurance','','2016-12-06 04:11:47','User','2016-12-07 07:18:14','User',1),(1417,2,'','2016-12-07 00:00:00',201612,22,4.6500,'Lunch ','','2016-12-06 10:40:07','User','2016-12-08 09:22:38','User',1),(1419,2,'','2016-12-07 00:00:00',201612,22,7.5000,'Lunch ','','2016-12-06 11:19:40','User','2016-12-08 09:22:16','User',1),(1421,2,'','2016-12-07 00:00:00',201612,24,36.8600,'Dinner','','2016-12-06 22:15:11','User','2016-12-08 09:21:43','User',1),(1422,2,'','2016-12-08 00:00:00',201612,22,11.4500,'Breakfast','','2016-12-07 07:19:31','User','2016-12-09 19:29:43','User',1),(1423,2,'','2016-12-08 00:00:00',201612,22,5.3000,'Lunch ','','2016-12-07 11:48:42','User','2016-12-09 05:20:03','User',1),(1424,2,'','2016-12-07 00:00:00',201612,24,35.7400,'Dinner','','2016-12-07 21:33:57','User','2016-12-12 13:08:53','User',1),(1425,2,'','2016-12-08 00:00:00',201612,22,8.4700,'iTunes','','2016-12-08 09:21:00','User','2016-12-09 05:19:45','User',1),(1428,2,'','2016-12-09 00:00:00',201612,24,5.0600,'Dinner','','2016-12-08 21:58:30','User','2016-12-10 05:41:56','User',1),(1429,1,'','2016-12-09 00:00:00',201612,29,2104.8400,'ATR-2016-12-1','','2016-12-09 05:13:27','User','2016-12-10 05:42:15','User',1),(1430,2,'','2016-12-09 00:00:00',201612,6,150.0000,'Christmas Fund','','2016-12-09 05:16:59','User','2016-12-10 05:41:32','User',1),(1431,3,'','2016-12-09 00:00:00',201612,6,150.0000,'Christmas Fund','Added to fund','2016-12-09 05:16:59','User','2016-12-10 05:41:20','User',1),(1432,2,'','2016-12-09 00:00:00',201612,4,875.5000,'Car Replacement Fund','','2016-12-09 05:23:31','User','2016-12-10 05:40:58','User',1),(1433,3,'','2016-12-09 00:00:00',201612,4,875.5000,'Car Replacement Fund','Added to fund','2016-12-09 05:23:31','User','2016-12-10 05:40:44','User',1),(1436,2,'','2016-12-09 00:00:00',201612,3,376.5000,'Emergency Fund','','2016-12-09 05:26:55','User','2016-12-10 05:40:27','User',1),(1437,3,'','2016-12-09 00:00:00',201612,3,376.5000,'Emergency Fund','Added to fund','2016-12-09 05:26:55','User','2016-12-10 05:40:09','User',1),(1438,2,'','2016-12-09 00:00:00',201612,1,317.0000,'Giving','','2016-12-09 05:29:02','User','2016-12-10 05:39:43','User',1),(1439,2,'','2016-12-12 00:00:00',201612,22,24.9900,'Lunch ','','2016-12-09 16:19:39','User','2016-12-13 06:19:27','User',1),(1440,2,'','2016-12-12 00:00:00',201612,22,14.9300,'Lunch','','2016-12-09 16:20:24','User','2016-12-13 06:19:55','User',1),(1441,2,'','2016-12-09 00:00:00',201612,16,44.5500,'Kroger','','2016-12-09 16:48:37','User','2016-12-10 05:39:21','User',1),(1442,2,'','2016-12-09 00:00:00',201612,25,160.0000,'Cash Withdrawl','','2016-12-09 16:55:50','User','2016-12-10 05:38:33','User',1),(1443,2,'','2016-12-09 00:00:00',201612,16,23.3000,'Kroger','','2016-12-09 17:13:18','User','2016-12-10 05:38:59','User',1),(1444,2,'','2016-12-10 00:00:00',201612,21,17.0000,'Parking Ticket','','2016-12-10 12:38:54','User','2016-12-12 13:08:34','User',1),(1447,2,'','2016-12-12 00:00:00',201612,17,28.8000,'Gas-2016-12-03','','2016-12-10 15:37:43','User','2016-12-13 06:18:22','User',1),(1446,2,'','2016-12-12 00:00:00',201612,22,76.5200,'Hobby Lobby','','2016-12-10 15:10:35','User','2016-12-13 06:18:43','User',1),(1448,2,'','2016-12-12 00:00:00',201612,17,27.9400,'Gas-2016-12-04','','2016-12-10 15:41:43','User','2016-12-13 06:17:33','User',1),(1449,2,'','2016-12-12 00:00:00',201612,2,40.0000,'Vanguard IRA','','2016-12-10 19:50:55','User','2016-12-13 06:15:09','User',1),(1450,2,'','2016-12-12 00:00:00',201612,23,80.0500,'Gift - Chris & Erma Lunch','','2016-12-11 12:35:59','User','2016-12-13 06:17:13','User',1),(1451,2,'1 of 3','2016-12-12 00:00:00',201612,21,29.9200,'Sams Club','Split - 157.84 Total','2016-12-11 13:22:35','User','2016-12-13 06:16:47','User',1),(1457,2,'2 of 3','2016-12-12 00:00:00',201612,16,33.2000,'Walmart','Split - 90.14 Total','2016-12-11 15:08:07','User','2016-12-13 06:15:50','User',1),(1456,4,'1 of 3','2016-12-12 00:00:00',201612,6,-42.4400,'Walmart','Split - 90.14 Total - Spent from fund','2016-12-11 15:07:38','User','2016-12-13 06:15:59','User',1),(1454,2,'2 of 3','2016-12-12 00:00:00',201612,16,77.2400,'Sams Club','Split - 157.84 Total','2016-12-11 13:25:43','User','2016-12-13 06:16:38','User',1),(1455,4,'3 of 3','2016-12-12 00:00:00',201612,6,-50.6800,'Sams Club','Split - 157.84 Total - Spent from fund','2016-12-11 13:26:55','User','2016-12-13 06:16:29','User',1),(1458,2,'3 of 3','2016-12-12 00:00:00',201612,21,14.5000,'Walmart','Split - 90.14 Total','2016-12-11 15:08:32','User','2016-12-13 06:15:40','User',1),(1459,4,'','2016-12-12 00:00:00',201612,6,-50.0000,'Movie Gift Cards','Spent from fund','2016-12-12 09:33:24','User','2016-12-13 06:16:19','User',1),(1460,1,'','2016-12-13 00:00:00',201612,29,1154.7600,'VER-2016-12-1','69.82 Hours (34.91 p/w)','2016-12-13 06:22:08','User','2016-12-14 05:35:43','User',1),(1461,2,'','2016-12-13 00:00:00',201612,3,376.5000,'Emergency Fund','','2016-12-13 09:46:48','User','2016-12-14 05:34:53','User',1),(1462,3,'','2016-12-13 00:00:00',201612,3,376.5000,'Emergency Fund','Added to fund','2016-12-13 09:46:48','User','2016-12-14 05:34:42','User',1),(1463,2,'','2016-12-13 00:00:00',201612,7,713.0000,'Mortgage','','2016-12-13 10:57:58','User','2016-12-14 05:35:12','User',1),(1464,2,'','2016-12-15 00:00:00',201612,21,113.1500,'Cat - Vet','','2016-12-13 17:37:35','User','2016-12-16 05:28:46','User',1),(1465,2,'','2016-12-14 00:00:00',201612,13,7.9900,'Hulu Plus','','2016-12-14 05:36:16','User','2016-12-15 06:02:18','User',1),(1466,2,'1 of 2','2016-12-14 00:00:00',201612,21,14.9700,'Kroger','Split - 30.37 Total','2016-12-14 18:02:02','User','2016-12-15 18:42:08','User',1),(1468,2,'2 of 2','2016-12-14 00:00:00',201612,16,15.4000,'Kroger','Split - 30.37 Total','2016-12-14 18:03:59','User','2016-12-15 18:41:49','User',1),(1469,2,'','2016-12-19 00:00:00',201612,22,41.8600,'Lunch','','2016-12-15 11:31:54','User','2016-12-21 05:47:45','User',1),(1470,2,'','2016-12-16 00:00:00',201612,22,8.4700,'iTunes','','2016-12-15 18:39:52','User','2016-12-17 13:37:48','User',1),(1471,4,'1 of 2','2016-12-15 00:00:00',201612,6,-63.2000,'Walmart','Split - 73.20 Total - Spent from fund','2016-12-15 18:44:43','User','2016-12-16 05:28:18','User',1),(1474,2,'','2016-12-19 00:00:00',201612,24,7.5300,'Dinner','','2016-12-16 17:38:09','User','2016-12-21 05:47:08','User',1),(1473,2,'2 of 2','2016-12-15 00:00:00',201612,16,10.0000,'Walmart','Split - 73.20 Total','2016-12-15 20:22:26','User','2016-12-16 05:28:07','User',1),(1475,2,'','2016-12-19 00:00:00',201612,17,29.4600,'Gas-2016-12-05','','2016-12-16 17:39:35','User','2016-12-21 05:46:50','User',1),(1476,4,'','2016-12-19 00:00:00',201612,6,-13.4900,'Amazon','Spent from fund','2016-12-17 13:32:57','User','2016-12-21 05:45:25','User',1),(1477,2,'','2016-12-19 00:00:00',201612,17,13.9800,'Gas-2016-12-06','','2016-12-17 13:34:05','User','2016-12-21 05:44:09','User',1),(1478,2,'','2016-12-19 00:00:00',201612,21,30.6600,'Autozone','','2016-12-17 13:34:38','User','2016-12-21 05:43:51','User',1),(1479,2,'','2016-12-19 00:00:00',201612,21,52.3500,'Oil Change','','2016-12-17 13:35:28','User','2016-12-21 05:43:41','User',1),(1480,2,'','2016-12-19 00:00:00',201612,17,29.4600,'Gas-2016-12-07','','2016-12-17 13:37:01','User','2016-12-21 05:43:23','User',1),(1481,4,'','2016-12-19 00:00:00',201612,3,-241.6400,'Cat - Vet','Spent from fund','2016-12-17 16:51:30','User','2016-12-21 05:42:46','User',1),(1482,2,'','2016-12-19 00:00:00',201612,24,26.0400,'Dinner','','2016-12-17 16:52:16','User','2016-12-21 05:42:29','User',1),(1483,4,'','2016-12-19 00:00:00',201612,3,-53.0000,'Cat - Vet','Spent from fund','2016-12-17 23:33:32','User','2016-12-21 05:42:04','User',1),(1489,2,'','2016-12-19 00:00:00',201612,22,19.8200,'Lunch','','2016-12-18 11:25:24','User','2016-12-21 05:41:06','User',1),(1488,3,'','2016-12-16 00:00:00',201612,3,0.0700,'Interest ','Added to fund','2016-12-18 05:16:33','User','2016-12-21 05:41:29','User',1),(1490,4,'','2016-12-18 00:00:00',201612,6,-12.6000,'Amazon','Spent from fund','2016-12-21 05:45:51','User',NULL,NULL,1),(1491,4,'','2016-12-18 00:00:00',201612,6,-10.9900,'Amazon','Spent from fund','2016-12-21 05:46:19','User',NULL,NULL,1),(1492,2,'','2016-12-21 00:00:00',201612,21,131.8800,'GoDaddy','','2016-12-21 05:48:57','User','2016-12-22 09:10:23','User',1),(1493,2,'','2016-12-20 00:00:00',201612,24,7.7300,'Dinner','','2016-12-21 05:49:33','User',NULL,NULL,1),(1494,2,'','2016-12-20 00:00:00',201612,24,6.9900,'Dinner','','2016-12-21 05:49:53','User',NULL,NULL,1),(1495,2,'','2016-12-20 00:00:00',201612,22,19.0600,'Pub','','2016-12-21 05:50:36','User',NULL,NULL,1),(1496,2,'','2016-12-20 00:00:00',201612,24,21.1700,'Dinner','','2016-12-21 05:52:17','User','2016-12-23 04:01:15','User',1),(1497,4,'','2016-12-21 00:00:00',201612,3,-64.9500,'Car Repair','Spent from fund','2016-12-21 05:52:54','User','2016-12-23 03:56:24','User',1),(1498,4,'','2016-12-20 00:00:00',201612,3,-413.3700,'Car Repair','Spent from fund','2016-12-21 05:53:26','User','2016-12-22 09:12:04','User',1),(1499,2,'','2016-12-22 00:00:00',201612,21,15.1700,'GoDaddy','','2016-12-21 05:59:53','User','2016-12-23 04:00:20','User',1),(1500,2,'','2016-12-21 00:00:00',201612,16,48.0800,'Kroger','','2016-12-21 20:03:05','User','2016-12-22 09:10:59','User',1),(1501,2,'','2016-12-21 00:00:00',201612,21,22.2400,'Cat - Feeders Supply','','2016-12-21 20:03:13','User','2016-12-22 09:11:31','User',1),(1502,2,'','2016-12-22 00:00:00',201612,22,2.9900,'iTunes','','2016-12-22 09:09:58','User','2016-12-23 03:59:57','User',1),(1503,2,'','2016-12-23 00:00:00',201612,24,48.4300,'Dinner','','2016-12-22 18:19:56','User','2016-12-24 06:20:22','User',1),(1504,4,'','2016-12-21 00:00:00',201612,6,-5.6800,'Amazon','Spent from fund','2016-12-23 03:56:51','User','2016-12-23 03:57:00','User',1),(1505,1,'','2016-12-23 00:00:00',201612,29,2104.8200,'ATR-2016-12-2','','2016-12-23 03:58:43','User','2016-12-24 06:20:45','User',1),(1506,2,'','2016-12-23 00:00:00',201612,4,875.5000,'Car Replacement Fund','','2016-12-23 04:02:33','User','2016-12-24 06:21:50','User',1),(1507,3,'','2016-12-23 00:00:00',201612,4,875.5000,'Car Replacement Fund','Added to fund','2016-12-23 04:02:33','User','2016-12-24 06:21:40','User',1),(1508,2,'','2016-12-23 00:00:00',201612,1,317.0000,'Giving','','2016-12-23 04:03:15','User','2016-12-24 06:19:54','User',1),(1509,2,'','2016-12-27 00:00:00',201612,2,40.0000,'Vanguard IRA','','2016-12-23 04:05:20','User','2016-12-28 14:51:37','User',1),(1510,2,'','2016-12-27 00:00:00',201612,22,8.3200,'Lunch','','2016-12-23 11:05:26','User','2016-12-28 14:56:49','User',1),(1511,2,'','2016-12-23 00:00:00',201612,14,9.9900,'Netflix','','2016-12-23 11:05:49','User','2016-12-24 06:18:53','User',1),(1512,2,'','2016-12-27 00:00:00',201612,22,1.4500,'Snack','','2016-12-23 13:04:15','User','2016-12-28 14:56:07','User',1),(1513,2,'','2016-12-27 00:00:00',201612,17,30.6300,'Gas-2016-12-08','','2016-12-23 13:19:07','User','2016-12-28 14:55:39','User',1),(1514,2,'','2016-12-23 00:00:00',201612,22,13.7600,'Pub','','2016-12-23 13:20:04','User','2016-12-24 06:19:34','User',1),(1515,2,'','2016-12-27 00:00:00',201612,21,21.1800,'Rite Aid','','2016-12-23 22:33:49','User','2016-12-28 14:55:20','User',1),(1516,1,'','2016-12-27 00:00:00',201612,29,1197.2100,'VER-2016-12-2','72.42 Hours (36.21 p/w)','2016-12-24 06:18:31','User','2017-01-21 07:04:18','User',1),(1517,2,'','2016-12-27 00:00:00',201612,10,73.0000,'LG&E','','2016-12-24 06:30:24','User','2016-12-28 14:53:25','User',1),(1518,2,'','2016-12-27 00:00:00',201612,16,14.8000,'Walmart','','2016-12-24 11:05:10','User','2016-12-28 14:51:59','User',1),(1519,2,'','2016-12-27 00:00:00',201612,16,2.0000,'Kroger','','2016-12-24 11:05:27','User','2016-12-28 14:52:18','User',1),(1520,2,'','2016-12-27 00:00:00',201612,21,26.4300,'Cat - Petsmart ','','2016-12-24 11:06:04','User','2016-12-28 14:52:41','User',1),(1521,2,'','2016-12-27 00:00:00',201612,22,5.2800,'Breakfast','','2016-12-24 11:06:33','User','2016-12-28 14:53:10','User',1),(1522,2,'','2016-12-29 00:00:00',201612,24,23.0200,'Dinner','','2016-12-28 18:29:56','User','2016-12-30 04:01:45','User',1),(1523,2,'','2017-01-03 00:00:00',201701,24,10.2800,'Dinner','','2016-12-30 22:31:43','User','2017-01-04 13:00:49','User',1),(1524,2,'','2017-01-03 00:00:00',201701,24,15.4800,'Dinner','','2016-12-30 22:32:15','User','2017-01-04 13:00:38','User',1),(1525,2,'','2017-01-03 00:00:00',201701,17,27.6500,'Gas-2017-01-02','','2016-12-30 22:33:03','User','2017-01-06 19:35:50','User',1),(1526,2,'','2016-12-30 00:00:00',201612,21,18.5100,'Walgreens','','2016-12-30 22:33:37','User','2016-12-31 12:51:45','User',1),(1527,2,'','2017-01-03 00:00:00',201701,17,28.2100,'Gas-2017-01-03','','2016-12-30 22:34:19','User','2017-01-06 19:36:23','User',1),(1528,2,'1 of 2','2017-01-03 00:00:00',201701,16,23.0600,'Kroger','Split - 69.20 Total ','2016-12-31 12:49:02','User','2017-01-04 12:59:11','User',1),(1529,2,'2 of 2','2017-01-03 00:00:00',201701,22,23.0600,'Kroger','Split - 69.20 Total','2016-12-31 12:49:33','User','2017-01-04 12:59:02','User',1),(1530,2,'','2017-01-03 00:00:00',201701,22,26.5500,'Lunch','','2016-12-31 12:51:17','User','2017-01-04 12:59:24','User',1),(1531,2,'','2017-01-03 00:00:00',201701,22,35.9700,'Lunch','','2017-01-01 12:29:25','User','2017-01-04 12:58:46','User',1),(1532,2,'','2017-01-03 00:00:00',201701,8,131.0000,'Home Owners Fee','','2017-01-01 12:32:53','User','2017-01-04 12:58:37','User',1),(1533,2,'','2017-01-03 00:00:00',201701,12,70.0000,'Internet','','2017-01-01 12:33:03','User','2017-01-04 12:58:26','User',1),(1535,2,'1 of 2','2017-01-03 00:00:00',201701,21,55.6900,'Kroger','Split - 206.29 Total','2017-01-01 18:49:42','User','2017-01-04 12:58:15','User',1),(1536,2,'2 of 2','2017-01-03 00:00:00',201701,16,150.6000,'Kroger','Split - 206.29 Total','2017-01-01 18:50:47','User','2017-01-04 12:58:05','User',1),(1537,1,'','2017-01-03 00:00:00',201701,29,192.0000,'Reimbursement','PTA Training','2017-01-02 22:27:11','User','2017-01-04 12:59:56','User',1),(1538,2,'','2017-01-04 00:00:00',201701,22,25.5800,'Lunch','','2017-01-04 12:57:50','User','2017-01-05 06:06:18','User',1),(1539,2,'','2017-01-05 00:00:00',201701,18,156.6000,'Car Insurance','','2017-01-05 06:05:20','User','2017-01-06 06:00:58','User',1),(1540,2,'','2017-01-05 00:00:00',201701,11,216.0000,'Cell Phone','','2017-01-05 08:07:41','User','2017-01-06 06:03:12','User',1),(1541,1,'','2017-01-06 00:00:00',201701,29,2110.5700,'ATR-2017-01-1','','2017-01-05 08:09:18','User','2017-01-05 08:33:18','User',1),(1542,2,'','2017-01-06 00:00:00',201701,9,21.1600,'Home Insurance','','2017-01-05 12:42:57','User','2017-01-07 04:57:36','User',1),(1543,2,'','2017-01-09 00:00:00',201701,2,40.0000,'Vanguard IRA','','2017-01-05 12:44:31','User','2017-01-10 07:49:34','User',1),(1544,2,'','2017-01-05 00:00:00',201701,25,160.0000,'Cash Withdrawl','','2017-01-06 06:00:13','User','2017-01-06 06:00:32','User',1),(1545,2,'','2017-01-05 00:00:00',201701,22,9.5300,'Pub','','2017-01-06 06:01:39','User','2017-01-06 06:02:34','User',1),(1546,2,'','2017-01-05 00:00:00',201701,16,28.6800,'Kroger','','2017-01-06 06:02:04','User','2017-01-06 06:02:24','User',1),(1558,1,'','2017-01-10 00:00:00',201701,29,1249.5500,'VER-2017-01-1','75.42 Hours (37.71 p/w)','2017-01-10 07:48:17','User','2017-01-21 07:03:27','User',1),(1548,2,'','2017-01-06 00:00:00',201701,4,1392.0000,'Car Replacement Fund','','2017-01-06 06:07:01','User','2017-01-07 04:58:21','User',1),(1549,3,'','2017-01-06 00:00:00',201701,4,1392.0000,'Car Replacement Fund','Added to fund','2017-01-06 06:07:01','User','2017-01-07 04:58:13','User',1),(1550,2,'','2017-01-06 00:00:00',201701,1,317.0000,'Giving','','2017-01-06 06:10:55','User','2017-01-07 04:57:55','User',1),(1557,2,'','2017-01-09 00:00:00',201701,22,24.1700,'Lunch','','2017-01-08 17:47:53','User','2017-01-10 07:49:48','User',1),(1552,2,'','2017-01-09 00:00:00',201701,17,35.0600,'Gas-2017-01-01','','2017-01-06 19:35:05','User','2017-01-10 07:50:05','User',1),(1553,2,'','2017-01-06 00:00:00',201701,21,104.9400,'Amazon Prime','','2017-01-07 04:56:50','User','2017-01-10 07:50:52','User',1),(1554,2,'1 of 2','2017-01-06 00:00:00',201701,16,25.3300,'Amazon','Split - 50.67 Total','2017-01-07 05:02:24','User','2017-01-15 09:22:06','User',1),(1555,2,'2 of 2','2017-01-06 00:00:00',201701,21,25.3300,'Amazon','Split - 50.67 Total','2017-01-07 05:03:01','User','2017-01-10 07:50:32','User',1),(1559,2,'','2017-01-11 00:00:00',201701,24,52.8000,'Dinner','','2017-01-10 07:48:45','User','2017-01-12 10:21:11','User',1),(1560,2,'','2017-01-10 00:00:00',201701,21,53.2800,'Walmart','','2017-01-10 07:49:09','User','2017-01-11 20:02:43','User',1),(1564,2,'','2017-01-12 00:00:00',201701,24,12.4800,'Dinner','','2017-01-10 19:11:50','User','2017-01-13 07:07:26','User',1),(1563,2,'','2017-01-10 00:00:00',201701,7,713.0000,'Mortgage','','2017-01-10 07:52:39','User','2017-01-11 20:02:16','User',1),(1565,2,'','2017-01-11 00:00:00',201701,21,60.0000,'Nails','','2017-01-10 19:12:26','User','2017-01-12 10:20:13','User',1),(1566,2,'','2017-01-11 00:00:00',201701,17,28.5300,'Gas-2017-01-04','','2017-01-10 19:13:57','User','2017-01-12 10:20:30','User',1),(1567,2,'','2017-01-12 00:00:00',201701,24,40.5300,'Dinner','','2017-01-11 20:01:52','User','2017-01-13 07:07:10','User',1),(1568,2,'','2017-01-13 00:00:00',201701,24,37.0000,'Dinner','','2017-01-12 18:29:58','User','2017-01-14 07:11:35','User',1),(1569,2,'','2017-01-13 00:00:00',201701,16,88.6500,'Kroger','','2017-01-13 12:55:13','User','2017-01-14 07:11:07','User',1),(1570,2,'','2017-01-17 00:00:00',201701,13,7.9900,'Hulu Plus','','2017-01-14 07:10:39','User','2017-01-18 18:47:50','User',1),(1571,2,'','2017-01-17 00:00:00',201701,22,31.7300,'Lunch','','2017-01-15 17:25:53','User','2017-01-18 18:48:07','User',1),(1572,2,'','2017-01-17 00:00:00',201701,17,34.7000,'Gas-2017-01-05','','2017-01-15 17:31:45','User','2017-01-18 18:48:25','User',1),(1573,2,'','2017-01-18 00:00:00',201701,24,8.6700,'Dinner','','2017-01-17 19:37:56','User','2017-01-19 03:16:12','User',1),(1574,2,'','2017-01-18 00:00:00',201701,24,7.7200,'Dinner','','2017-01-17 19:38:19','User','2017-01-19 03:16:30','User',1),(1576,2,'1 of 2','2017-01-18 00:00:00',201701,21,28.2500,'Walmart','Split - 56.50 Total','2017-01-18 18:46:52','User','2017-01-19 03:15:55','User',1),(1577,2,'2 of 2','2017-01-18 00:00:00',201701,16,28.2500,'Walmart','Split - 56.50 Total','2017-01-18 18:47:25','User','2017-01-19 03:15:41','User',1),(1578,2,'','2017-01-20 00:00:00',201701,24,30.4400,'Dinner','','2017-01-20 05:01:56','User','2017-01-21 05:44:42','User',1),(1579,2,'','2017-01-20 00:00:00',201701,22,6.7400,'Breakfast','','2017-01-20 05:02:18','User','2017-01-21 05:45:12','User',1),(1580,1,'','2017-01-20 00:00:00',201701,29,3083.5800,'ATR-2017-01-2','','2017-01-20 05:03:26','User','2017-01-21 05:45:34','User',1),(1583,2,'','2017-01-20 00:00:00',201701,4,1392.0000,'Car Replacement Fund','','2017-01-20 05:08:36','User','2017-01-21 05:44:12','User',1),(1582,3,'','2017-01-19 00:00:00',201701,4,0.1000,'Interest ','Added to fund','2017-01-20 05:04:58','User','2017-01-21 05:46:09','User',1),(1584,3,'','2017-01-20 00:00:00',201701,4,1392.0000,'Car Replacement Fund','Added to fund','2017-01-20 05:08:36','User','2017-01-21 05:44:03','User',1),(1585,2,'','2017-01-20 00:00:00',201701,1,317.0000,'Giving','','2017-01-20 05:11:02','User','2017-01-21 05:43:48','User',1),(1586,2,'','2017-01-23 00:00:00',201701,2,40.0000,'Vanguard IRA','','2017-01-20 05:11:12','User','2017-01-24 08:58:33','User',1),(1587,2,'','2017-01-21 00:00:00',201701,22,9.9500,'Amazon','','2017-01-21 05:41:09','User','2017-01-23 13:52:28','User',1),(1588,2,'','2017-01-23 00:00:00',201701,22,8.8500,'Lunch','','2017-01-21 05:42:10','User','2017-01-24 09:00:30','User',1),(1589,2,'','2017-01-23 00:00:00',201701,22,7.4900,'Lunch','','2017-01-21 05:42:27','User','2017-01-24 09:00:18','User',1),(1590,2,'','2017-01-20 00:00:00',201701,22,15.0300,'Pub','','2017-01-21 05:42:55','User','2017-01-21 05:43:31','User',1),(1591,2,'','2017-01-23 00:00:00',201701,24,24.8600,'Dinner','','2017-01-21 18:39:04','User','2017-01-24 08:59:50','User',1),(1592,2,'','2017-01-23 00:00:00',201701,22,11.9600,'Pub','','2017-01-21 18:39:45','User','2017-01-24 08:59:59','User',1),(1593,2,'','2017-01-23 00:00:00',201701,21,22.2500,'Cat - Feeders Supply','','2017-01-21 18:40:12','User','2017-01-24 09:00:09','User',1),(1594,2,'','2017-01-23 00:00:00',201701,22,21.7500,'Movies','','2017-01-22 18:25:10','User','2017-01-24 08:59:08','User',1),(1595,2,'','2017-01-23 00:00:00',201701,22,22.0000,'Movies','','2017-01-22 18:25:30','User','2017-01-24 08:59:19','User',1),(1596,2,'','2017-01-23 00:00:00',201701,21,22.5100,'Target','','2017-01-22 18:25:56','User','2017-01-24 08:59:30','User',1),(1597,2,'','2017-01-23 00:00:00',201701,22,47.1600,'Lunch','','2017-01-22 18:26:23','User','2017-01-24 08:59:43','User',1),(1598,2,'','2017-01-24 00:00:00',201701,21,132.6800,'Cat - Vet','','2017-01-23 13:53:10','User','2017-01-25 20:56:29','User',1),(1599,2,'','2017-01-24 00:00:00',201701,14,9.9900,'Netflix','','2017-01-23 13:53:38','User','2017-01-25 20:55:59','User',1),(1600,2,'','2017-01-23 00:00:00',201701,16,24.6300,'Kroger','','2017-01-23 19:04:51','User','2017-01-24 08:58:54','User',1),(1601,2,'','2017-01-23 00:00:00',201701,22,9.0000,'Pub','','2017-01-23 19:05:08','User','2017-01-24 08:58:45','User',1),(1602,1,'','2017-01-24 00:00:00',201701,29,1198.0300,'VER-2017-01-2','72.42 Hours (36.21 p/w)','2017-01-24 05:05:11','User','2017-01-25 20:56:50','User',1),(1603,2,'','2017-01-25 00:00:00',201701,24,8.4300,'Dinner','','2017-01-24 15:56:21','User','2017-01-26 19:39:15','User',1),(1604,2,'','2017-01-26 00:00:00',201701,22,6.7400,'Breakfast','','2017-01-25 20:53:36','User','2017-01-27 16:12:00','User',1),(1605,2,'','2017-01-25 00:00:00',201701,21,20.2600,'Walgreens','','2017-01-25 20:53:58','User','2017-01-26 19:38:54','User',1),(1606,2,'','2017-01-26 00:00:00',201701,17,33.9900,'Gas-2017-01-06','','2017-01-25 20:54:29','User','2017-01-27 16:12:11','User',1),(1607,2,'','2017-01-26 00:00:00',201701,22,5.7000,'Breakfast','','2017-01-25 20:54:56','User','2017-01-27 16:12:21','User',1),(1608,2,'','2017-01-26 00:00:00',201701,24,9.0700,'Dinner','','2017-01-25 20:55:23','User','2017-01-27 16:12:34','User',1),(1609,2,'','2017-01-27 00:00:00',201701,24,30.0000,'Dinner','','2017-01-26 19:40:01','User','2017-01-28 07:02:00','User',1),(1610,2,'','2017-01-27 00:00:00',201701,21,50.0000,'Hair Cut','','2017-01-26 19:40:39','User','2017-01-28 07:02:17','User',1),(1611,2,'','2017-01-26 00:00:00',201701,30,189.0000,'PTA Training','','2017-01-26 19:41:14','User','2017-01-27 16:11:49','User',1),(1612,2,'','2017-01-27 00:00:00',201701,22,2.7500,'Lunch','','2017-01-26 19:41:39','User','2017-01-28 07:02:36','User',1),(1613,2,'','2017-01-27 00:00:00',201701,22,13.2200,'Lunch','','2017-01-26 19:41:58','User','2017-01-28 07:02:52','User',1),(1614,2,'','2017-01-27 00:00:00',201701,17,26.8700,'Gas-2017-01-07','','2017-01-26 19:42:41','User','2017-01-28 07:03:10','User',1),(1615,2,'','2017-01-27 00:00:00',201701,10,109.0000,'LG&E','','2017-01-26 19:48:45','User','2017-01-28 07:01:29','User',1),(1616,2,'','2017-01-30 00:00:00',201701,24,26.1200,'Dinner','','2017-01-27 16:10:20','User','2017-01-31 06:14:02','User',1),(1617,2,'','2017-01-27 00:00:00',201701,22,13.2300,'Pub','','2017-01-28 07:01:08','User','2017-01-28 07:04:08','User',1),(1618,2,'','2017-01-30 00:00:00',201701,22,5.0600,'Lunch','','2017-01-29 14:50:42','User','2017-01-31 06:13:48','User',1),(1619,2,'','2017-01-31 00:00:00',201701,22,3.9800,'Breakfast','','2017-01-29 14:51:15','User',NULL,NULL,1),(1620,2,'','2017-01-30 00:00:00',201701,16,48.4800,'Kroger','','2017-01-30 20:26:55','User','2017-01-31 06:13:33','User',1),(1621,2,'','2017-01-31 00:00:00',201701,22,9.0900,'Breakfast','','2017-01-30 20:27:17','User',NULL,NULL,1),(1622,2,'','2017-01-31 00:00:00',201701,22,8.3400,'Lunch','','2017-01-30 20:27:26','User',NULL,NULL,1),(1623,2,'','2017-01-31 00:00:00',201701,4,600.0000,'Car Replacement Fund','','2017-01-30 21:15:18','User',NULL,NULL,1),(1624,3,'','2017-01-31 00:00:00',201701,4,600.0000,'Car Replacement Fund','Added to fund','2017-01-30 21:15:18','User',NULL,NULL,1),(1625,2,'','2017-02-01 00:00:00',201702,12,70.0000,'Internet','','2017-02-01 06:34:16','User','2017-02-02 02:25:18','User',1),(1626,2,'','2017-02-01 00:00:00',201702,8,131.0000,'Home Owners Fee','','2017-02-01 06:34:36','User','2017-02-02 02:25:33','User',1),(1627,2,'','2017-02-01 00:00:00',201702,24,14.3800,'Dessert','','2017-02-01 06:35:26','User','2017-02-02 02:25:48','User',1),(1628,2,'','2017-02-02 00:00:00',201702,24,9.0700,'Dinner','','2017-02-01 06:36:02','User','2017-02-03 05:49:46','User',1),(1629,2,'','2017-02-01 00:00:00',201702,22,0.8500,'Snack','','2017-02-01 06:36:39','User','2017-02-02 02:26:04','User',1),(1630,2,'','2017-02-01 00:00:00',201702,25,200.0000,'Cash Withdrawl','','2017-02-01 20:21:54','User','2017-02-02 02:24:58','User',1),(1631,2,'','2017-02-02 00:00:00',201702,22,11.0900,'Lunch','','2017-02-02 02:23:57','User','2017-02-03 05:49:32','User',1),(1632,2,'','2017-02-02 00:00:00',201702,24,6.7400,'Dinner','','2017-02-02 02:26:42','User','2017-02-03 05:49:15','User',1),(1633,1,'','2017-02-03 00:00:00',201702,29,2185.9800,'ATR-2017-02-1','','2017-02-02 02:29:40','User',NULL,NULL,1),(1634,2,'','2017-02-06 00:00:00',201702,2,40.0000,'Vanguard IRA','','2017-02-02 02:30:07','User','2017-02-07 05:07:50','User',1),(1635,2,'','2017-02-03 00:00:00',201702,1,330.0000,'Giving','','2017-02-02 02:31:37','User',NULL,NULL,1),(1636,2,'','2017-02-03 00:00:00',201702,4,1509.0000,'Car Replacement Fund','','2017-02-02 02:33:02','User',NULL,NULL,1),(1637,3,'','2017-02-03 00:00:00',201702,4,1509.0000,'Car Replacement Fund','Added to fund','2017-02-02 02:33:02','User',NULL,NULL,1),(1638,2,'','2017-02-03 00:00:00',201702,30,36.1800,'Amazon','CC - PTA Supplies','2017-02-02 16:16:40','User','2017-02-15 07:36:18','User',1),(1639,2,'','2017-02-03 00:00:00',201702,22,38.1400,'Lunch','','2017-02-02 16:18:04','User','2017-02-04 05:40:28','User',1),(1640,2,'','2017-02-03 00:00:00',201702,24,21.4100,'Dinner','','2017-02-02 18:29:57','User','2017-02-04 05:40:05','User',1),(1641,2,'','2017-02-03 00:00:00',201702,21,72.5600,'Kohls','CC','2017-02-03 09:33:43','User','2017-02-15 07:36:37','User',1),(1643,2,'','2017-02-06 00:00:00',201702,17,33.5200,'Gas-2017-02-01','','2017-02-03 19:09:01','User','2017-02-07 05:07:15','User',1),(1658,2,'2 of 2','2017-02-03 00:00:00',201702,21,50.2000,'Kroger','Split - 143.11 Total','2017-02-08 05:10:19','User','2017-02-09 19:27:54','User',1),(1645,2,'','2017-02-06 00:00:00',201702,18,156.5900,'Car Insurance','','2017-02-05 09:35:53','User','2017-02-07 05:07:40','User',1),(1647,2,'','2017-02-07 00:00:00',201702,11,207.0000,'Cell Phone','','2017-02-07 05:08:46','User','2017-02-08 04:57:41','User',1),(1648,2,'','2017-02-07 00:00:00',201702,9,21.1600,'Home Insurance','','2017-02-07 05:09:07','User','2017-02-08 04:53:02','User',1),(1649,2,'','2017-02-07 00:00:00',201702,17,25.9700,'Gas-2017-02-02','','2017-02-07 05:10:11','User','2017-02-08 04:57:58','User',1),(1651,1,'','2017-02-07 00:00:00',201702,29,1187.9900,'VER-2017-02-1','70.40 Hours (35.20 p/w)','2017-02-07 05:17:09','User','2017-02-08 04:58:14','User',1),(1652,2,'','2017-02-09 00:00:00',201702,21,53.0200,'Amazon','CC','2017-02-08 04:51:35','User','2017-02-15 07:35:53','User',1),(1653,2,'','2017-02-09 00:00:00',201702,24,17.5600,'Dinner','','2017-02-08 04:52:03','User','2017-02-10 18:34:19','User',1),(1654,2,'1 of 2','2017-02-07 00:00:00',201702,16,16.5600,'Walmart','Split - 33.12 Total','2017-02-08 04:55:40','User',NULL,NULL,1),(1655,2,'2 of 2','2017-02-07 00:00:00',201702,21,16.5600,'Walmart','Split - 33.12 Total','2017-02-08 04:57:09','User',NULL,NULL,1),(1656,2,'1 of 2','2017-02-03 00:00:00',201702,16,114.9400,'Sams Club','Split - 164.21 Total','2017-02-08 05:06:08','User','2017-02-08 05:19:54','User',1),(1657,2,'2 of 2','2017-02-03 00:00:00',201702,21,49.2600,'Sams Club','Split - 164.21 Total','2017-02-08 05:07:20','User','2017-02-08 05:19:16','User',1),(1659,2,'1 of 2','2017-02-03 00:00:00',201702,16,92.9100,'Kroger','Split - 143.11 Total','2017-02-08 05:11:47','User','2017-02-09 19:26:48','User',1),(1665,2,'','2017-02-13 00:00:00',201702,22,19.0300,'Lunch','','2017-02-10 10:08:24','User','2017-02-15 07:41:42','User',1),(1664,2,'1 of 2','2017-02-09 00:00:00',201702,16,3.5400,'Kroger','Split - 28.54 Total','2017-02-09 20:37:47','User','2017-02-10 18:34:52','User',1),(1662,2,'','2017-02-10 00:00:00',201702,24,89.1100,'Dinner','','2017-02-09 20:34:04','User','2017-02-11 15:45:22','User',1),(1663,2,'2 of 2','2017-02-09 00:00:00',201702,23,25.0000,'Kroger','Split - 28.54 Total','2017-02-09 20:36:12','User','2017-02-10 18:34:58','User',1),(1666,2,'','2017-02-10 00:00:00',201702,7,713.0000,'Mortgage','','2017-02-10 10:08:33','User','2017-02-11 15:44:58','User',1),(1667,2,'','2017-02-13 00:00:00',201702,22,63.4100,'Music Gear','','2017-02-10 18:36:38','User','2017-02-15 07:39:57','User',1),(1668,2,'#257','2017-02-13 00:00:00',201702,22,53.5000,'LuLaRoe Party','Check','2017-02-12 05:38:02','User','2017-02-15 07:39:43','User',1),(1669,4,'','2017-02-14 00:00:00',201702,5,-66.9900,'Withdrawal','Spent from fund','2017-02-12 15:06:26','User','2017-02-15 07:38:11','User',1),(1670,2,'','2017-02-12 00:00:00',201702,21,19.4100,'Amazon','CC','2017-02-13 11:42:49','User','2017-02-13 11:53:55','User',1),(1671,2,'','2017-02-13 00:00:00',201702,22,46.5600,'Lunch','','2017-02-13 11:45:06','User','2017-02-15 07:40:50','User',1),(1672,2,'','2017-02-14 00:00:00',201702,17,34.3400,'Gas-2017-02-03','','2017-02-13 11:45:54','User','2017-02-15 07:39:15','User',1),(1673,2,'','2017-02-13 00:00:00',201702,23,33.3600,'Gift - LuLaRoe Party','','2017-02-13 11:46:21','User','2017-02-15 07:41:30','User',1),(1674,2,'','2017-02-14 00:00:00',201702,21,29.9800,'Amazon','CC','2017-02-15 07:37:08','User','2017-02-16 08:02:53','User',1),(1675,2,'','2017-02-15 00:00:00',201702,24,16.7100,'Dinner','','2017-02-15 07:37:42','User','2017-02-16 08:04:39','User',1),(1676,2,'','2017-02-14 00:00:00',201702,13,7.9900,'Hulu Plus','','2017-02-15 07:38:00','User',NULL,NULL,1),(1677,2,'','2017-02-14 00:00:00',201702,23,33.9000,'Gift - Vday','','2017-02-15 07:38:39','User',NULL,NULL,1),(1678,2,'','2017-02-14 00:00:00',201702,21,24.5800,'Cat - Vet','','2017-02-15 07:38:58','User',NULL,NULL,1),(1679,2,'','2017-02-13 00:00:00',201702,16,22.6200,'Walmart','','2017-02-15 07:40:30','User',NULL,NULL,1),(1680,2,'','2017-02-17 00:00:00',201702,22,7.6000,'Breakfast','','2017-02-16 08:04:06','User','2017-02-18 06:18:10','User',1),(1681,2,'','2017-02-16 00:00:00',201702,21,16.0000,'Rite Aid','','2017-02-16 08:04:20','User','2017-02-17 06:24:52','User',1),(1682,2,'','2017-02-16 00:00:00',201702,24,10.4300,'Dinner','','2017-02-16 08:04:31','User','2017-02-17 06:25:11','User',1),(1683,2,'','2017-02-17 00:00:00',201702,4,1509.0000,'Car Replacement Fund','','2017-02-17 06:18:02','User','2017-02-18 06:16:55','User',1),(1684,3,'','2017-02-17 00:00:00',201702,4,1509.0000,'Car Replacement Fund','Added to fund','2017-02-17 06:18:02','User','2017-02-18 06:16:41','User',1),(1685,2,'','2017-02-21 00:00:00',201702,2,40.0000,'Vanguard IRA','','2017-02-17 06:18:13','User','2017-02-22 06:27:21','User',1),(1686,2,'','2017-02-17 00:00:00',201702,1,330.0000,'Giving','','2017-02-17 06:18:29','User','2017-02-18 06:15:50','User',1),(1687,2,'','2017-02-17 00:00:00',201702,24,13.2100,'Dinner','','2017-02-17 06:22:45','User','2017-02-18 06:17:16','User',1),(1688,2,'','2017-02-17 00:00:00',201702,22,7.7100,'Lunch','','2017-02-17 06:23:08','User','2017-02-18 06:17:33','User',1),(1697,2,'','2017-02-21 00:00:00',201702,21,9.0000,'Rite Aid','','2017-02-20 06:35:50','User','2017-02-22 06:28:00','User',1),(1690,1,'','2017-02-17 00:00:00',201702,29,2186.0000,'ATR-2017-02-2','','2017-02-17 06:24:32','User','2017-02-18 06:18:26','User',1),(1704,2,'','2017-02-22 00:00:00',201702,24,11.3800,'Dinner','','2017-02-21 19:14:37','User','2017-02-23 05:53:38','User',1),(1693,2,'','2017-02-17 00:00:00',201702,17,22.3300,'Gas-2017-02-03','','2017-02-18 00:19:59','User','2017-02-18 06:15:07','User',1),(1694,2,'','2017-02-21 00:00:00',201702,17,28.5900,'Gas-2017-02-04','','2017-02-18 00:20:54','User','2017-02-22 06:28:47','User',1),(1695,2,'1 of 2','2017-02-17 00:00:00',201702,16,65.4000,'Kroger','Split - 81.75 Total','2017-02-18 00:21:23','User','2017-02-20 08:24:13','User',1),(1696,2,'','2017-02-21 00:00:00',201702,22,6.2400,'Lunch','','2017-02-18 00:21:47','User','2017-02-22 06:29:27','User',1),(1698,2,'','2017-02-21 00:00:00',201702,23,37.8900,'Gift - Jessica Baby Shower','','2017-02-20 06:37:07','User','2017-02-22 06:28:18','User',1),(1699,2,'','2017-02-21 00:00:00',201702,22,25.4400,'Lunch','','2017-02-20 06:37:45','User','2017-02-22 06:28:30','User',1),(1700,2,'2 of 2','2017-02-17 00:00:00',201702,21,16.3500,'Kroger','Split - 81.75 Total','2017-02-20 08:25:44','User',NULL,NULL,1),(1702,2,'','2017-02-21 00:00:00',201702,22,16.6500,'Lunch','','2017-02-20 16:37:20','User','2017-02-22 06:27:47','User',1),(1703,1,'','2017-02-21 00:00:00',201702,29,1211.2100,'VER-2017-02-2','71.53 Hours (35.76 p/w)','2017-02-21 06:28:54','User','2017-02-22 06:29:40','User',1),(1705,2,'1 of 2','2017-02-22 00:00:00',201702,16,12.0000,'Kroger','Split - 59.11 Total','2017-02-22 20:27:45','User','2017-03-01 19:50:43','User',1),(1706,2,'2 of 2','2017-02-22 00:00:00',201702,21,47.1100,'Kroger','Split - 59.11 Total','2017-02-22 20:28:49','User','2017-03-01 19:50:50','User',1),(1707,2,'','2017-02-23 00:00:00',201702,24,6.4300,'Dinner','','2017-02-22 20:29:23','User','2017-02-24 05:37:16','User',1),(1708,2,'','2017-02-24 00:00:00',201702,22,9.9900,'Snack','','2017-02-23 22:22:01','User','2017-02-25 05:30:53','User',1),(1709,2,'','2017-02-24 00:00:00',201702,17,34.5300,'Gas-2017-02-05','','2017-02-23 22:22:36','User','2017-02-25 05:31:09','User',1),(1710,2,'','2017-02-24 00:00:00',201702,22,15.3600,'Lunch','','2017-02-23 22:22:57','User','2017-02-25 05:31:25','User',1),(1711,2,'','2017-02-23 00:00:00',201702,14,9.9900,'Netflix','','2017-02-23 22:23:11','User','2017-02-24 05:36:37','User',1),(1712,2,'','2017-02-27 00:00:00',201702,24,84.0800,'Dinner','','2017-02-25 05:30:34','User','2017-02-28 05:42:28','User',1),(1713,2,'','2017-02-27 00:00:00',201702,10,97.0000,'LG&E','','2017-02-25 05:35:50','User','2017-02-28 05:42:07','User',1),(1716,4,'','2017-02-27 00:00:00',201702,5,-23.5000,'Withdrawal','Spent from fund','2017-02-25 15:56:32','User','2017-02-28 05:41:52','User',1),(1717,2,'','2017-02-27 00:00:00',201702,24,24.9900,'Dinner','','2017-02-26 10:21:55','User','2017-02-28 05:41:37','User',1),(1718,2,'','2017-02-27 00:00:00',201702,22,4.2200,'Lunch','','2017-02-27 16:44:18','User','2017-02-28 05:41:13','User',1),(1719,2,'','2017-02-27 00:00:00',201702,22,26.0500,'Lunch','','2017-02-27 16:44:53','User','2017-02-28 05:40:52','User',1),(1720,4,'','2017-02-27 00:00:00',201702,5,-2.5000,'Withdrawal','Spent from fund','2017-02-28 05:39:19','User','2017-02-28 05:40:38','User',1),(1721,2,'','2017-02-27 00:00:00',201702,22,8.0000,'Girl Scouts','Check','2017-02-28 05:40:16','User','2017-03-15 12:34:50','User',1),(1722,1,'','2017-02-27 00:00:00',201702,29,189.0000,'Reimbursement','','2017-02-28 05:42:59','User',NULL,NULL,1),(1723,2,'','2017-03-01 00:00:00',201703,22,3.7900,'Lunch','','2017-02-28 16:12:17','User','2017-03-02 12:46:26','User',1),(1724,2,'','2017-03-01 00:00:00',201703,24,11.6000,'Dinner','','2017-03-01 05:26:49','User','2017-03-02 12:46:14','User',1),(1725,2,'','2017-02-28 00:00:00',201702,21,19.0700,'Kroger','','2017-03-01 05:27:26','User',NULL,NULL,1),(1726,2,'','2017-02-28 00:00:00',201702,21,3.5400,'Kroger','','2017-03-01 05:27:42','User',NULL,NULL,1),(1727,2,'','2017-03-01 00:00:00',201703,25,200.0000,'Cash Withdrawl','','2017-03-01 20:41:04','User','2017-03-02 12:46:04','User',1),(1728,2,'','2017-03-02 00:00:00',201703,8,131.0000,'Home Owners Fee','','2017-03-01 20:41:14','User','2017-03-03 05:58:33','User',1),(1729,2,'','2017-03-02 00:00:00',201703,12,70.0000,'Internet','','2017-03-01 20:41:24','User','2017-03-03 05:58:49','User',1),(1730,2,'','2017-03-02 00:00:00',201703,24,8.2500,'Dinner','','2017-03-01 20:41:41','User','2017-03-03 05:59:02','User',1),(1731,2,'','2017-03-02 00:00:00',201703,22,4.7600,'Breakfast','','2017-03-01 20:41:51','User','2017-03-03 05:59:15','User',1),(1732,2,'','2017-03-01 00:00:00',201703,22,112.9900,'MLB TV','CC','2017-03-01 20:53:39','User','2017-03-12 08:46:10','User',1),(1733,2,'','2017-03-03 00:00:00',201703,22,9.5100,'Lunch','','2017-03-02 12:45:30','User','2017-03-04 16:23:17','User',1),(1734,1,'','2017-03-03 00:00:00',201703,29,2185.9600,'ATR-2017-03-1','','2017-03-02 12:50:33','User','2017-03-04 16:22:03','User',1),(1735,1,'','2017-03-03 00:00:00',201703,29,997.0000,'Tax Refund Federal ','','2017-03-03 05:58:13','User','2017-03-04 16:21:56','User',1),(1736,2,'','2017-03-03 00:00:00',201703,5,997.0000,'Travel Fund','','2017-03-03 06:01:18','User','2017-03-04 16:22:09','User',1),(1737,3,'','2017-03-03 00:00:00',201703,5,997.0000,'Travel Fund','Added to fund','2017-03-03 06:01:18','User','2017-03-04 16:21:39','User',1),(1738,2,'','2017-03-03 00:00:00',201703,4,1467.0000,'Car Replacement Fund','','2017-03-03 06:02:12','User','2017-03-04 16:22:16','User',1),(1739,3,'','2017-03-03 00:00:00',201703,4,1467.0000,'Car Replacement Fund','Added to fund','2017-03-03 06:02:12','User','2017-03-04 16:21:33','User',1),(1740,2,'','2017-03-03 00:00:00',201703,1,331.0000,'Giving','','2017-03-03 06:03:35','User','2017-03-04 16:22:30','User',1),(1741,2,'','2017-03-06 00:00:00',201703,2,40.0000,'Vanguard IRA','','2017-03-03 06:04:36','User','2017-03-07 05:48:14','User',1),(1742,2,'','2017-03-06 00:00:00',201703,24,8.4300,'Dinner','','2017-03-03 21:58:24','User','2017-03-07 05:50:46','User',1),(1743,2,'','2017-03-07 00:00:00',201703,17,25.9300,'Gas-2017-03-01','','2017-03-04 16:20:26','User','2017-03-08 06:06:55','User',1),(1744,2,'','2017-03-06 00:00:00',201703,16,168.5400,'Kroger','','2017-03-04 16:20:46','User','2017-03-07 05:50:32','User',1),(1748,2,'','2017-03-06 00:00:00',201703,22,4.0400,'iTunes','','2017-03-06 05:50:40','User','2017-03-07 05:47:58','User',1),(1746,2,'2 of 2','2017-03-06 00:00:00',201703,21,30.0000,'Sams Club','Split - 78.84 Total','2017-03-05 14:04:00','User','2017-03-07 12:50:42','User',1),(1747,2,'1 of 2','2017-03-06 00:00:00',201703,16,48.8400,'Sams Club','Split - 78.84 Total','2017-03-05 14:06:17','User','2017-03-07 12:50:32','User',1),(1749,2,'','2017-03-06 00:00:00',201703,16,30.1400,'Walmart','','2017-03-06 05:51:47','User','2017-03-07 05:49:16','User',1),(1750,2,'','2017-03-07 00:00:00',201703,24,26.6100,'Dinner','','2017-03-06 05:52:03','User','2017-03-08 06:06:39','User',1),(1751,2,'','2017-03-06 00:00:00',201703,21,22.2500,'Cat - Feeders Supply','','2017-03-06 05:52:20','User','2017-03-07 05:49:36','User',1),(1752,2,'','2017-03-06 00:00:00',201703,18,159.1700,'Car Insurance','','2017-03-06 05:52:50','User','2017-03-07 05:48:28','User',1),(1753,2,'','2017-03-06 00:00:00',201703,17,36.5400,'Gas-2017-03-02','','2017-03-06 05:53:39','User','2017-03-07 05:50:20','User',1),(1754,2,'','2017-03-06 00:00:00',201703,11,187.0000,'Cell Phone','','2017-03-06 10:01:44','User','2017-03-07 05:48:56','User',1),(1755,2,'','2017-03-06 00:00:00',201703,21,20.4600,'Walgreens','','2017-03-06 22:06:45','User','2017-03-07 05:48:41','User',1),(1756,2,'','2017-03-07 00:00:00',201703,9,21.1600,'Home Insurance','','2017-03-07 05:46:34','User','2017-03-08 06:05:57','User',1),(1757,1,'','2017-03-07 00:00:00',201703,29,1182.3600,'VER-2017-03-1','69.85 Hours (34.92 p/w)','2017-03-07 05:47:31','User','2017-03-08 06:07:09','User',1),(1758,1,'','2017-03-08 00:00:00',201703,29,83.0000,'Tax Refund State','','2017-03-08 06:05:13','User','2017-03-09 05:48:03','User',1),(1759,2,'','2017-03-08 00:00:00',201703,5,83.0000,'Travel Fund','','2017-03-08 08:20:48','User','2017-03-09 05:47:52','User',1),(1760,3,'','2017-03-08 00:00:00',201703,5,83.0000,'Travel Fund','Added to fund','2017-03-08 08:20:48','User','2017-03-09 05:47:46','User',1),(1761,2,'','2017-03-07 00:00:00',201703,21,23.9800,'Amazon','CC','2017-03-09 12:32:06','User','2017-03-10 11:17:32','User',1),(1762,2,'','2017-03-09 00:00:00',201703,7,713.0000,'Mortgage','','2017-03-09 12:33:57','User','2017-03-10 10:05:41','User',1),(1763,2,'','2017-03-09 00:00:00',201703,16,35.8400,'Walmart','','2017-03-09 19:55:27','User','2017-03-10 10:05:27','User',1),(1764,2,'','2017-03-13 00:00:00',201703,24,4.2400,'Dinner','','2017-03-10 19:22:39','User','2017-03-14 17:50:12','User',1),(1765,2,'','2017-03-14 00:00:00',201703,21,84.7900,'Under Armour','','2017-03-11 15:21:02','User','2017-03-15 14:51:07','User',1),(1766,2,'','2017-03-13 00:00:00',201703,21,22.1900,'Kohls','','2017-03-11 15:22:31','User','2017-03-14 17:48:29','User',1),(1767,2,'','2017-03-13 00:00:00',201703,21,84.8000,'Dicks Sporting Goods','','2017-03-11 15:23:00','User','2017-03-14 17:48:46','User',1),(1768,2,'','2017-03-13 00:00:00',201703,21,14.1600,'Old Navy','','2017-03-11 15:23:14','User','2017-03-14 17:49:18','User',1),(1769,2,'','2017-03-13 00:00:00',201703,22,12.8900,'Lunch','','2017-03-11 15:23:28','User','2017-03-14 17:49:33','User',1),(1770,2,'','2017-03-13 00:00:00',201703,33,49.8900,'Storage Unit','','2017-03-11 15:23:53','User','2017-03-14 17:49:48','User',1),(1771,4,'','2017-03-03 00:00:00',201703,5,-308.2600,'Atlanta Hotel','CC - Spent from fund','2017-03-12 08:33:37','User','2017-03-12 08:45:45','User',1),(1772,4,'','2017-03-03 00:00:00',201703,5,-175.9900,'Atlanta Hotel','CC - Spent from fund','2017-03-12 08:34:23','User','2017-03-12 08:45:30','User',1),(1773,4,'','2017-03-04 00:00:00',201703,5,-219.5300,'Cincy Tickets','CC - Spent from fund','2017-03-12 08:35:34','User','2017-03-12 08:45:14','User',1),(1774,4,'','2017-03-11 00:00:00',201703,5,-122.6000,'Atlanta Tickets','CC - Spent from fund','2017-03-12 08:36:21','User','2017-03-14 17:45:29','User',1),(1775,2,'','2017-03-12 00:00:00',201703,21,20.9900,'Amazon','CC','2017-03-12 08:37:18','User','2017-03-14 17:44:44','User',1),(1776,2,'','2017-03-12 00:00:00',201703,21,8.0500,'Amazon','CC','2017-03-12 08:37:44','User','2017-03-14 17:44:12','User',1),(1777,2,'','2017-03-14 00:00:00',201703,17,31.1600,'Gas-2017-03-03','','2017-03-12 11:56:35','User','2017-03-15 14:51:26','User',1),(1778,2,'','2017-03-13 00:00:00',201703,22,22.6200,'Lunch','','2017-03-12 11:56:58','User','2017-03-14 17:48:14','User',1),(1779,2,'','2017-03-13 00:00:00',201703,21,26.8800,'Kohls','CC','2017-03-12 12:04:28','User','2017-03-15 14:52:15','User',1),(1780,2,'','2017-03-13 00:00:00',201703,21,45.3700,'American Eagle ','CC','2017-03-12 12:05:54','User','2017-03-17 05:45:21','User',1),(1781,2,'','2017-03-13 00:00:00',201703,23,66.0400,'Gift - March Birthday ','','2017-03-12 14:58:08','User','2017-03-14 17:47:59','User',1),(1782,2,'','2017-03-13 00:00:00',201703,24,14.9000,'Dinner','','2017-03-12 19:12:20','User','2017-03-14 17:47:45','User',1),(1783,2,'','2017-03-14 00:00:00',201703,13,7.9900,'Hulu Plus','','2017-03-13 06:42:46','User','2017-03-15 14:50:57','User',1),(1785,2,'','2017-03-14 00:00:00',201703,21,9.9900,'Amazon','CC','2017-03-13 12:04:46','User','2017-03-17 05:44:45','User',1),(1786,4,'','2017-03-14 00:00:00',201703,3,-346.7600,'Car Repair','Spent from fund','2017-03-13 15:18:22','User','2017-03-17 05:44:31','User',1),(1787,2,'','2017-03-14 00:00:00',201703,21,19.2900,'Walmart','','2017-03-14 16:32:08','User','2017-03-15 14:51:19','User',1),(1788,2,'','2017-03-13 00:00:00',201703,22,8.0000,'Girl Scouts','Check # 259','2017-03-14 17:46:33','User','2017-03-15 14:57:08','User',1),(1789,2,'','2017-03-20 00:00:00',201703,23,12.0000,'Gift - Fundraiser ','Check','2017-03-14 17:47:02','User','2017-03-21 05:01:22','User',1),(1790,2,'','2017-03-15 00:00:00',201703,22,24.9900,'Amazon ','CC','2017-03-15 14:32:22','User','2017-03-17 05:44:12','User',1),(1792,2,'2 of 2','2017-03-15 00:00:00',201703,21,17.3300,'Walmart','Split - 24.18 Total','2017-03-15 14:33:42','User','2017-03-17 05:43:28','User',1),(1793,2,'1 of 2','2017-03-15 00:00:00',201703,16,6.8500,'Walmart','Split - 24.18 Total','2017-03-15 14:34:18','User','2017-03-17 05:43:22','User',1),(1794,2,'','2017-03-16 00:00:00',201703,24,14.4500,'Dinner','','2017-03-15 14:50:03','User','2017-03-17 05:42:54','User',1),(1795,1,'','2017-03-17 00:00:00',201703,29,2185.9600,'ATR-2017-03-2','','2017-03-15 22:39:16','User','2017-03-18 07:03:02','User',1),(1796,2,'','2017-03-17 00:00:00',201703,24,98.7100,'Dinner','','2017-03-17 05:41:51','User','2017-03-18 07:02:49','User',1),(1797,2,'','2017-03-17 00:00:00',201703,22,10.5900,'iTunes ','','2017-03-17 05:42:36','User','2017-03-18 07:01:13','User',1),(1798,2,'','2017-03-17 00:00:00',201703,4,1467.0000,'Car Replacement Fund','','2017-03-17 05:50:26','User','2017-03-18 07:02:01','User',1),(1799,3,'','2017-03-17 00:00:00',201703,4,1467.0000,'Car Replacement Fund','Added to fund','2017-03-17 05:50:26','User','2017-03-18 07:01:56','User',1),(1802,4,'','2017-03-17 00:00:00',201703,6,-34.0400,'Withdrawal','Spent from fund','2017-03-17 05:55:59','User',NULL,NULL,1),(1801,3,'','2017-03-16 00:00:00',201703,4,0.1400,'Interest ','Added to fund','2017-03-17 05:53:56','User',NULL,NULL,1),(1805,2,'','2017-03-20 00:00:00',201703,17,27.8700,'Gas-2017-03-04','','2017-03-17 22:07:08','User','2017-03-21 05:02:41','User',1),(1804,3,'','2017-03-17 00:00:00',201703,5,34.0400,'Travel Fund','Added to fund','2017-03-17 05:56:21','User',NULL,NULL,1),(1806,2,'','2017-03-17 00:00:00',201703,16,11.6600,'Kroger','','2017-03-17 22:07:17','User','2017-03-18 07:01:38','User',1),(1807,2,'','2017-03-18 00:00:00',201703,30,155.2500,'PTA License','CC','2017-03-17 22:08:31','User','2017-03-20 15:06:41','User',1),(1808,2,'','2017-03-20 00:00:00',201703,22,24.8000,'Lunch','','2017-03-18 20:38:10','User','2017-03-21 05:02:29','User',1),(1809,2,'','2017-03-20 00:00:00',201703,2,40.0000,'Vanguard IRA','','2017-03-20 15:07:24','User','2017-03-21 05:01:45','User',1),(1810,2,'','2017-03-21 00:00:00',201703,22,2.9000,'Snack','','2017-03-20 15:07:44','User','2017-03-22 04:57:39','User',1),(1811,2,'','2017-03-21 00:00:00',201703,17,31.2200,'Gas-2017-03-05','','2017-03-20 16:38:18','User','2017-03-22 04:57:17','User',1),(1812,2,'1 of 2','2017-03-20 00:00:00',201703,16,12.0000,'Walmart','Split - 82.97 Total','2017-03-20 16:39:22','User','2017-03-21 05:02:09','User',1),(1813,2,'2 of 2','2017-03-20 00:00:00',201703,21,70.9700,'Walmart','Split - 82.97 Total','2017-03-20 16:39:47','User','2017-03-21 05:02:03','User',1),(1814,1,'','2017-03-21 00:00:00',201703,29,1283.3300,'VER-2017-03-2','75.48  Hours (37.74 p/w)','2017-03-21 04:37:22','User','2017-03-22 04:57:53','User',1),(1815,2,'','2017-03-23 00:00:00',201703,22,5.2800,'Breakfast','','2017-03-21 07:07:10','User','2017-03-24 04:19:22','User',1),(1817,2,'','2017-03-22 00:00:00',201703,24,13.7100,'Dinner','','2017-03-22 04:57:01','User','2017-03-23 07:15:21','User',1),(1818,2,'','2017-03-23 00:00:00',201703,14,9.9900,'Netflix','','2017-03-23 07:12:43','User','2017-03-24 04:18:03','User',1),(1819,2,'','2017-03-23 00:00:00',201703,22,5.7000,'Breakfast','','2017-03-23 07:13:05','User','2017-03-24 04:19:07','User',1),(1821,2,'','2017-03-22 00:00:00',201703,16,13.8100,'Kroger','','2017-03-23 07:13:56','User','2017-03-23 07:15:33','User',1),(1822,2,'','2017-03-24 00:00:00',201703,22,7.7300,'Lunch','','2017-03-23 20:23:06','User','2017-03-25 05:26:48','User',1),(1823,2,'','2017-03-23 00:00:00',201703,16,12.0500,'Kroger','','2017-03-23 20:23:58','User','2017-03-24 04:18:33','User',1),(1824,2,'','2017-03-27 00:00:00',201703,22,16.5000,'Pub','','2017-03-25 05:25:03','User','2017-03-28 05:33:51','User',1),(1825,2,'','2017-03-27 00:00:00',201703,24,16.3100,'Dinner','','2017-03-25 05:26:15','User','2017-03-28 05:33:40','User',1),(1826,2,'','2017-03-27 00:00:00',201703,10,81.0000,'LG&E','','2017-03-25 06:05:42','User','2017-03-28 05:33:28','User',1),(1827,2,'','2017-03-27 00:00:00',201703,1,331.0000,'Giving','','2017-03-25 06:09:57','User','2017-03-28 05:33:17','User',1),(1828,2,'','2017-03-28 00:00:00',201703,22,9.6500,'Snack','','2017-03-26 08:14:33','User','2017-03-29 05:24:28','User',1),(1829,2,'','2017-03-27 00:00:00',201703,21,9.0000,'Car Wash','','2017-03-26 08:14:57','User','2017-03-28 05:32:54','User',1),(1830,2,'','2017-03-27 00:00:00',201703,21,1.5000,'Car Tire Air','','2017-03-26 08:15:42','User','2017-03-28 05:33:05','User',1),(1831,1,'','2017-03-31 00:00:00',201703,29,2185.9600,'ATR-2017-03-3','','2017-03-26 09:02:24','User',NULL,NULL,1),(1832,2,'','2017-03-31 00:00:00',201703,2,40.0000,'Vanguard IRA','','2017-03-26 09:02:38','User',NULL,NULL,1),(1833,2,'','2017-03-27 00:00:00',201703,22,50.0800,'Lunch','','2017-03-27 06:21:10','User','2017-03-28 05:32:40','User',1),(1834,2,'','2017-03-28 00:00:00',201703,22,5.2800,'Breakfast','','2017-03-27 06:21:36','User','2017-03-29 05:24:15','User',1),(1835,2,'','2017-03-28 00:00:00',201703,24,26.2000,'Dinner','','2017-03-28 05:30:41','User','2017-03-29 05:23:39','User',1),(1836,2,'','2017-03-29 00:00:00',201703,24,12.1700,'Dinner','','2017-03-28 05:31:28','User','2017-03-30 09:41:45','User',1),(1837,2,'','2017-03-28 00:00:00',201703,22,8.0300,'Breakfast','','2017-03-28 05:32:13','User','2017-03-29 05:23:52','User',1),(1838,2,'','2017-03-29 00:00:00',201703,24,10.2200,'Dinner','','2017-03-28 15:54:05','User','2017-03-30 09:41:12','User',1),(1839,2,'','2017-03-29 00:00:00',201703,22,5.5000,'Lunch','','2017-03-28 15:55:12','User','2017-03-30 09:41:28','User',1),(1840,2,'','2017-03-29 00:00:00',201703,22,6.4300,'Breakfast','','2017-03-28 15:55:35','User','2017-03-30 09:41:35','User',1),(1841,2,'','2017-03-30 00:00:00',201703,22,6.9700,'Lunch','','2017-03-29 20:43:12','User','2017-03-31 04:52:34','User',1),(1842,2,'','2017-03-29 00:00:00',201703,21,9.0800,'Kroger','','2017-03-29 20:44:01','User','2017-03-30 09:41:02','User',1),(1843,2,'','2017-03-31 00:00:00',201703,17,29.3700,'Gas-2017-03-06','','2017-03-29 20:44:48','User',NULL,NULL,1),(1844,2,'','2017-03-30 00:00:00',201703,22,4.2300,'Breakfast','','2017-03-29 20:45:07','User','2017-03-31 04:52:48','User',1),(1845,2,'','2017-03-31 00:00:00',201703,22,5.2800,'Breakfast','','2017-03-30 09:40:44','User',NULL,NULL,1),(1846,2,'1 of 2','2017-03-30 00:00:00',201703,16,18.4400,'Walmart','Split - 36.89 Total','2017-03-30 14:32:55','User','2017-04-01 18:07:28','User',1),(1847,2,'2 of 2','2017-03-30 00:00:00',201703,21,18.4400,'Walmart','Split - 36.89 Total','2017-03-30 14:34:32','User','2017-03-31 04:52:09','User',1),(1848,2,'','2017-03-31 00:00:00',201703,17,27.2300,'Gas-2017-03-07','','2017-03-30 14:36:55','User',NULL,NULL,1),(1849,2,'','2017-03-31 00:00:00',201703,17,15.5600,'Gas-2017-03-08','','2017-03-30 16:04:44','User',NULL,NULL,1),(1850,2,'','2017-03-31 00:00:00',201703,5,620.0000,'Travel Fund','','2017-03-31 06:41:30','User',NULL,NULL,1),(1851,3,'','2017-03-31 00:00:00',201703,5,620.0000,'Travel Fund','Added to fund','2017-03-31 06:41:30','User',NULL,NULL,1),(1852,2,'','2017-03-31 00:00:00',201703,4,1000.0000,'Car Replacement Fund','','2017-03-31 06:41:46','User',NULL,NULL,1),(1853,3,'','2017-03-31 00:00:00',201703,4,1000.0000,'Car Replacement Fund','Added to fund','2017-03-31 06:41:46','User',NULL,NULL,1),(1854,2,'','2017-04-30 00:00:00',201704,22,8.3200,'Lunch','','2017-04-01 05:40:57','User',NULL,NULL,1),(1855,2,'','2017-04-30 00:00:00',201704,22,8.1200,'Lunch','','2017-04-01 05:41:13','User',NULL,NULL,1),(1856,2,'','2017-04-30 00:00:00',201704,24,5.5900,'Dessert','','2017-04-01 05:41:30','User',NULL,NULL,1),(1857,1,'','2017-03-31 00:00:00',201703,29,38.5300,'Cash Back 4','','2017-04-01 05:42:51','User',NULL,NULL,1),(1858,2,'','2017-04-30 00:00:00',201704,12,70.0000,'Internet','','2017-04-01 08:08:45','User',NULL,NULL,1),(1859,2,'','2017-04-30 00:00:00',201704,8,131.0000,'Home Owners Fee','','2017-04-01 08:08:52','User',NULL,NULL,1),(1860,2,'','2017-04-30 00:00:00',201704,21,33.1500,'Rite Aid','','2017-04-01 18:03:58','User',NULL,NULL,1),(1861,2,'','2017-04-30 00:00:00',201704,25,200.0000,'Cash Withdrawl','','2017-04-01 18:04:06','User',NULL,NULL,1),(1862,2,'','2017-04-30 00:00:00',201704,21,1.5000,'Car Tire Air','','2017-04-01 18:04:13','User',NULL,NULL,1),(1863,2,'','2017-04-30 00:00:00',201704,22,30.8500,'Breakfast','','2017-04-01 18:05:05','User',NULL,NULL,1),(1864,2,'','2017-04-30 00:00:00',201704,20,80.4500,'Car Registration','','2017-04-01 18:37:59','User',NULL,NULL,1);
/*!40000 ALTER TABLE `Transaction` ENABLE KEYS */;
UNLOCK TABLES;

--
-- Table structure for table `TransactionType`
--

DROP TABLE IF EXISTS `TransactionType`;
/*!40101 SET @saved_cs_client     = @@character_set_client */;
/*!40101 SET character_set_client = utf8 */;
CREATE TABLE `TransactionType` (
  `TransactionTypeID` int(10) NOT NULL AUTO_INCREMENT,
  `TransactionType` varchar(100) DEFAULT NULL,
  `Sort` int(3) DEFAULT NULL,
  `CreateDT` datetime DEFAULT NULL,
  `CreateBy` varchar(100) DEFAULT NULL,
  `ModifyDT` datetime DEFAULT NULL,
  `ModifyBy` varchar(100) DEFAULT NULL,
  `ActiveFlg` int(1) DEFAULT '1',
  PRIMARY KEY (`TransactionTypeID`)
) ENGINE=MyISAM AUTO_INCREMENT=5 DEFAULT CHARSET=latin1;
/*!40101 SET character_set_client = @saved_cs_client */;

--
-- Dumping data for table `TransactionType`
--

LOCK TABLES `TransactionType` WRITE;
/*!40000 ALTER TABLE `TransactionType` DISABLE KEYS */;
INSERT INTO `TransactionType` VALUES (1,'Income',NULL,'2016-11-29 20:38:25',NULL,NULL,NULL,1),(2,'Expense',NULL,'2016-11-29 20:38:25',NULL,NULL,NULL,1),(3,'Saved',NULL,'2016-11-29 20:38:25',NULL,NULL,NULL,1),(4,'Spent',NULL,'2016-11-29 20:38:25',NULL,NULL,NULL,1);
/*!40000 ALTER TABLE `TransactionType` ENABLE KEYS */;
UNLOCK TABLES;

--
-- Table structure for table `Wish`
--

DROP TABLE IF EXISTS `Wish`;
/*!40101 SET @saved_cs_client     = @@character_set_client */;
/*!40101 SET character_set_client = utf8 */;
CREATE TABLE `Wish` (
  `WishID` int(10) NOT NULL AUTO_INCREMENT,
  `WishItem` varchar(100) DEFAULT NULL,
  `EstimatedCost` decimal(10,4) DEFAULT NULL,
  `Why` varchar(1000) DEFAULT NULL,
  `WhyNot` varchar(1000) DEFAULT NULL,
  `Priority` int(1) DEFAULT NULL,
  `Goal` varchar(100) DEFAULT NULL,
  `IsComplete` int(1) DEFAULT '0',
  `Note` varchar(1000) DEFAULT NULL,
  `Sort` int(3) DEFAULT NULL,
  `CreateDT` datetime DEFAULT NULL,
  `CreateBy` varchar(100) DEFAULT NULL,
  `ModifyDT` datetime DEFAULT NULL,
  `ModifyBy` varchar(100) DEFAULT NULL,
  `ActiveFlg` int(1) DEFAULT '1',
  PRIMARY KEY (`WishID`)
) ENGINE=MyISAM AUTO_INCREMENT=16 DEFAULT CHARSET=latin1;
/*!40101 SET character_set_client = @saved_cs_client */;

--
-- Dumping data for table `Wish`
--

LOCK TABLES `Wish` WRITE;
/*!40000 ALTER TABLE `Wish` DISABLE KEYS */;
INSERT INTO `Wish` VALUES (1,'Clean Carpet',250.0000,NULL,NULL,NULL,NULL,0,NULL,NULL,'2016-11-25 17:17:53',NULL,NULL,NULL,1),(2,'Replace Carpet',4000.0000,NULL,NULL,NULL,NULL,0,NULL,NULL,'2016-11-25 17:17:53',NULL,NULL,NULL,1),(3,'Renovate Guest Bath',1500.0000,NULL,NULL,NULL,NULL,0,NULL,NULL,'2016-11-25 17:17:53',NULL,NULL,NULL,1),(4,'Install Crown Molding',NULL,NULL,NULL,NULL,NULL,0,NULL,NULL,'2016-11-25 17:17:53',NULL,NULL,NULL,1),(5,'Replace Kitchen Flooring',NULL,NULL,NULL,NULL,NULL,0,NULL,NULL,'2016-11-25 17:17:53',NULL,NULL,NULL,1),(6,'Renovate Guestroom',NULL,NULL,NULL,NULL,NULL,0,NULL,NULL,'2016-11-25 17:17:53',NULL,NULL,NULL,1),(7,'Next Car Savings',15000.0000,NULL,NULL,NULL,NULL,0,'In progress...',NULL,'2016-11-25 17:17:53',NULL,NULL,NULL,1),(8,'New TV/Storage Unit',NULL,NULL,NULL,NULL,NULL,0,NULL,NULL,'2016-11-25 17:17:53',NULL,NULL,NULL,1),(9,'Yearly Christmas Savings',1500.0000,NULL,NULL,NULL,NULL,0,NULL,NULL,'2016-11-25 17:17:53',NULL,NULL,NULL,1),(10,'Germany Vacation',4000.0000,NULL,NULL,NULL,NULL,0,NULL,NULL,'2016-11-25 17:17:53',NULL,NULL,NULL,1),(11,'India Mission Trip',2700.0000,NULL,NULL,NULL,NULL,1,NULL,NULL,'2016-11-25 17:17:53',NULL,NULL,NULL,1),(12,'Cookson Hills Mission Trip',1000.0000,NULL,NULL,NULL,NULL,1,NULL,NULL,'2016-11-25 17:17:53',NULL,NULL,NULL,1),(13,'New Living Room Tables',NULL,NULL,NULL,NULL,NULL,0,NULL,NULL,'2016-11-25 17:17:53',NULL,NULL,NULL,1),(14,'New Kitchen Furniture',NULL,NULL,NULL,NULL,NULL,0,NULL,NULL,'2016-11-25 17:17:53',NULL,NULL,NULL,1),(15,'New Desktop Computer',NULL,NULL,NULL,NULL,NULL,0,NULL,NULL,'2016-11-25 17:17:53',NULL,NULL,NULL,1);
/*!40000 ALTER TABLE `Wish` ENABLE KEYS */;
UNLOCK TABLES;

--
-- Table structure for table `tmpBudgetAverage`
--

DROP TABLE IF EXISTS `tmpBudgetAverage`;
/*!40101 SET @saved_cs_client     = @@character_set_client */;
/*!40101 SET character_set_client = utf8 */;
CREATE TABLE `tmpBudgetAverage` (
  `KeyID` int(10) NOT NULL AUTO_INCREMENT,
  `SessionID` varchar(100) DEFAULT NULL,
  `TransactionID` int(10) DEFAULT NULL,
  `TransactionDT` datetime DEFAULT NULL,
  `TransactionTypeID` int(10) DEFAULT NULL,
  `TransactionType` varchar(100) DEFAULT NULL,
  `TransactionNumber` varchar(100) DEFAULT NULL,
  `Description` varchar(1000) DEFAULT NULL,
  `Amount` decimal(10,2) DEFAULT NULL,
  `Note` varchar(1000) DEFAULT NULL,
  `BudgetNumber` int(10) DEFAULT NULL,
  `BudgetTypeID` int(10) DEFAULT NULL,
  `BudgetGroupID` int(10) DEFAULT NULL,
  `BudgetGroup` varchar(100) DEFAULT NULL,
  `BudgetCategoryID` int(10) DEFAULT NULL,
  `BudgetCategory` varchar(100) DEFAULT NULL,
  `Sort` int(3) DEFAULT NULL,
  `CategoryActual` decimal(10,2) DEFAULT NULL,
  `CategoryAverage` decimal(10,2) DEFAULT NULL,
  `IncomeActual` decimal(10,2) DEFAULT NULL,
  `IncomeAverage` decimal(10,2) DEFAULT NULL,
  `ExpenseActual` decimal(10,2) DEFAULT NULL,
  `ExpenseAverage` decimal(10,2) DEFAULT NULL,
  `TotalIncomeVsExpenseActual` decimal(10,2) DEFAULT NULL,
  `TotalIncomeVsExpenseAverage` decimal(10,2) DEFAULT NULL,
  `IsTotalIncomeVsExpenseActualNegative` int(1) DEFAULT NULL,
  `IsTotalIncomeVsExpenseAverageNegative` int(1) DEFAULT NULL,
  `IsExpenseFlg` int(1) DEFAULT NULL,
  PRIMARY KEY (`KeyID`)
) ENGINE=MyISAM AUTO_INCREMENT=595907 DEFAULT CHARSET=latin1;
/*!40101 SET character_set_client = @saved_cs_client */;

--
-- Dumping data for table `tmpBudgetAverage`
--

LOCK TABLES `tmpBudgetAverage` WRITE;
/*!40000 ALTER TABLE `tmpBudgetAverage` DISABLE KEYS */;
/*!40000 ALTER TABLE `tmpBudgetAverage` ENABLE KEYS */;
UNLOCK TABLES;

--
-- Table structure for table `tmpBudgetBreakdown`
--

DROP TABLE IF EXISTS `tmpBudgetBreakdown`;
/*!40101 SET @saved_cs_client     = @@character_set_client */;
/*!40101 SET character_set_client = utf8 */;
CREATE TABLE `tmpBudgetBreakdown` (
  `KeyID` int(10) NOT NULL AUTO_INCREMENT,
  `SessionID` varchar(100) DEFAULT NULL,
  `BudgetGroupID` int(10) DEFAULT NULL,
  `BudgetGroup` varchar(100) DEFAULT NULL,
  `BudgetCategoryID` int(10) DEFAULT NULL,
  `BudgetCategory` varchar(100) DEFAULT NULL,
  `ColorHighlight` varchar(100) DEFAULT NULL,
  `CategoryTotal` decimal(10,2) DEFAULT NULL,
  `CategoryExpenseTotal` decimal(10,2) DEFAULT NULL,
  `CategoryPercentage` decimal(10,2) DEFAULT NULL,
  PRIMARY KEY (`KeyID`)
) ENGINE=MyISAM AUTO_INCREMENT=15281 DEFAULT CHARSET=latin1;
/*!40101 SET character_set_client = @saved_cs_client */;

--
-- Dumping data for table `tmpBudgetBreakdown`
--

LOCK TABLES `tmpBudgetBreakdown` WRITE;
/*!40000 ALTER TABLE `tmpBudgetBreakdown` DISABLE KEYS */;
/*!40000 ALTER TABLE `tmpBudgetBreakdown` ENABLE KEYS */;
UNLOCK TABLES;

--
-- Table structure for table `tmpBudgetCategorySpotlight`
--

DROP TABLE IF EXISTS `tmpBudgetCategorySpotlight`;
/*!40101 SET @saved_cs_client     = @@character_set_client */;
/*!40101 SET character_set_client = utf8 */;
CREATE TABLE `tmpBudgetCategorySpotlight` (
  `KeyID` int(10) NOT NULL AUTO_INCREMENT,
  `SessionID` varchar(100) DEFAULT NULL,
  `BudgetMonth` datetime DEFAULT NULL,
  `BudgetNumber` int(10) DEFAULT NULL,
  `BudgetCategoryID` int(10) DEFAULT NULL,
  `BudgetCategory` varchar(100) DEFAULT NULL,
  `Sort` int(3) DEFAULT NULL,
  `CategoryActual` decimal(10,2) DEFAULT NULL,
  `CategoryBudget` decimal(10,2) DEFAULT NULL,
  `CategoryActualVsBudget` decimal(10,2) DEFAULT NULL,
  `CategoryPercentageSpent` decimal(10,0) DEFAULT NULL,
  `CategoryProgressBarStyle` varchar(100) DEFAULT NULL,
  `IsCategoryNegativeFlg` int(1) DEFAULT NULL,
  `TotalCategoryActual` decimal(10,2) DEFAULT NULL,
  `TotalCategoryBudget` decimal(10,2) DEFAULT NULL,
  `TotalCategoryActualVsBudget` decimal(10,2) DEFAULT NULL,
  `TotalCategoryPercentageSpent` decimal(10,0) DEFAULT NULL,
  `TotalCategoryProgressBarStyle` varchar(100) DEFAULT NULL,
  `IsTotalCategoryNegativeFlg` int(1) DEFAULT NULL,
  PRIMARY KEY (`KeyID`)
) ENGINE=MyISAM AUTO_INCREMENT=16333 DEFAULT CHARSET=latin1;
/*!40101 SET character_set_client = @saved_cs_client */;

--
-- Dumping data for table `tmpBudgetCategorySpotlight`
--

LOCK TABLES `tmpBudgetCategorySpotlight` WRITE;
/*!40000 ALTER TABLE `tmpBudgetCategorySpotlight` DISABLE KEYS */;
/*!40000 ALTER TABLE `tmpBudgetCategorySpotlight` ENABLE KEYS */;
UNLOCK TABLES;

--
-- Table structure for table `tmpBudgetFundSpotlight`
--

DROP TABLE IF EXISTS `tmpBudgetFundSpotlight`;
/*!40101 SET @saved_cs_client     = @@character_set_client */;
/*!40101 SET character_set_client = utf8 */;
CREATE TABLE `tmpBudgetFundSpotlight` (
  `KeyID` int(10) NOT NULL AUTO_INCREMENT,
  `SessionID` varchar(100) DEFAULT NULL,
  `FundID` int(10) DEFAULT NULL,
  `FundName` varchar(100) DEFAULT NULL,
  `BudgetCategoryID` int(10) DEFAULT NULL,
  `BudgetCategory` varchar(100) DEFAULT NULL,
  `Sort` int(3) DEFAULT NULL,
  `StartingBalance` decimal(10,2) DEFAULT NULL,
  `FundSpent` decimal(10,2) DEFAULT NULL,
  `FundReceived` decimal(10,2) DEFAULT NULL,
  `FundReceivedPlusStartingBalance` decimal(10,2) DEFAULT NULL,
  `FundSpentVsReceived` decimal(10,2) DEFAULT NULL,
  `TotalFundSpentVsReceived` decimal(10,2) DEFAULT NULL,
  PRIMARY KEY (`KeyID`)
) ENGINE=MyISAM AUTO_INCREMENT=9752 DEFAULT CHARSET=latin1;
/*!40101 SET character_set_client = @saved_cs_client */;

--
-- Dumping data for table `tmpBudgetFundSpotlight`
--

LOCK TABLES `tmpBudgetFundSpotlight` WRITE;
/*!40000 ALTER TABLE `tmpBudgetFundSpotlight` DISABLE KEYS */;
/*!40000 ALTER TABLE `tmpBudgetFundSpotlight` ENABLE KEYS */;
UNLOCK TABLES;

--
-- Table structure for table `tmpBudgetSummary`
--

DROP TABLE IF EXISTS `tmpBudgetSummary`;
/*!40101 SET @saved_cs_client     = @@character_set_client */;
/*!40101 SET character_set_client = utf8 */;
CREATE TABLE `tmpBudgetSummary` (
  `KeyID` int(10) NOT NULL AUTO_INCREMENT,
  `SessionID` varchar(100) DEFAULT NULL,
  `TransactionID` int(10) DEFAULT NULL,
  `TransactionDT` datetime DEFAULT NULL,
  `TransactionTypeID` int(10) DEFAULT NULL,
  `TransactionType` varchar(100) DEFAULT NULL,
  `TransactionNumber` varchar(100) DEFAULT NULL,
  `Description` varchar(1000) DEFAULT NULL,
  `Amount` decimal(10,2) DEFAULT NULL,
  `Note` varchar(1000) DEFAULT NULL,
  `BudgetNumber` int(10) DEFAULT NULL,
  `BudgetTypeID` int(10) DEFAULT NULL,
  `BudgetGroupID` int(10) DEFAULT NULL,
  `BudgetGroup` varchar(100) DEFAULT NULL,
  `BudgetCategoryID` int(10) DEFAULT NULL,
  `BudgetCategory` varchar(100) DEFAULT NULL,
  `Sort` int(3) DEFAULT NULL,
  `CategoryActual` decimal(10,2) DEFAULT NULL,
  `CategoryBudget` decimal(10,2) DEFAULT NULL,
  `CategoryActualVsBudget` decimal(10,2) DEFAULT NULL,
  `IncomeActual` decimal(10,2) DEFAULT NULL,
  `IncomeBudget` decimal(10,2) DEFAULT NULL,
  `IncomeActualVsBudget` decimal(10,2) DEFAULT NULL,
  `ExpenseActual` decimal(10,2) DEFAULT NULL,
  `ExpenseBudget` decimal(10,2) DEFAULT NULL,
  `ExpenseActualVsBudget` decimal(10,2) DEFAULT NULL,
  `TotalIncomeVsExpenseActual` decimal(10,2) DEFAULT NULL,
  `TotalIncomeVsExpenseBudget` decimal(10,2) DEFAULT NULL,
  `TotalIncomeVsExpenseActualVsBudget` decimal(10,2) DEFAULT NULL,
  `IsCategoryActualVsBudgetNegative` int(1) DEFAULT NULL,
  `IsTotalIncomeVsExpenseActualNegative` int(1) DEFAULT NULL,
  `IsTotalIncomeVsExpenseBudgetNegative` int(1) DEFAULT NULL,
  `IsTotalIncomeVsExpenseActualVsBudgetNegative` int(1) DEFAULT NULL,
  `IsExpenseFlg` int(1) DEFAULT NULL,
  PRIMARY KEY (`KeyID`)
) ENGINE=MyISAM AUTO_INCREMENT=91909 DEFAULT CHARSET=latin1;
/*!40101 SET character_set_client = @saved_cs_client */;

--
-- Dumping data for table `tmpBudgetSummary`
--

LOCK TABLES `tmpBudgetSummary` WRITE;
/*!40000 ALTER TABLE `tmpBudgetSummary` DISABLE KEYS */;
/*!40000 ALTER TABLE `tmpBudgetSummary` ENABLE KEYS */;
UNLOCK TABLES;

--
-- Dumping routines for database 'PlannerData'
--
/*!50003 DROP FUNCTION IF EXISTS `DateMask` */;
/*!50003 SET @saved_cs_client      = @@character_set_client */ ;
/*!50003 SET @saved_cs_results     = @@character_set_results */ ;
/*!50003 SET @saved_col_connection = @@collation_connection */ ;
/*!50003 SET character_set_client  = utf8 */ ;
/*!50003 SET character_set_results = utf8 */ ;
/*!50003 SET collation_connection  = utf8_general_ci */ ;
/*!50003 SET @saved_sql_mode       = @@sql_mode */ ;
/*!50003 SET sql_mode              = '' */ ;
DELIMITER ;;
CREATE DEFINER=``@`` FUNCTION `DateMask`(SourceDT DATETIME) RETURNS varchar(10) CHARSET latin1
BEGIN
	DECLARE MaskDT VARCHAR(10);
    
    SET MaskDT = DATE_FORMAT(SourceDT,'%m/%d/%YY');
    
RETURN MaskDT;
END ;;
DELIMITER ;
/*!50003 SET sql_mode              = @saved_sql_mode */ ;
/*!50003 SET character_set_client  = @saved_cs_client */ ;
/*!50003 SET character_set_results = @saved_cs_results */ ;
/*!50003 SET collation_connection  = @saved_col_connection */ ;
/*!50003 DROP FUNCTION IF EXISTS `MonthNumberGet` */;
/*!50003 SET @saved_cs_client      = @@character_set_client */ ;
/*!50003 SET @saved_cs_results     = @@character_set_results */ ;
/*!50003 SET @saved_col_connection = @@collation_connection */ ;
/*!50003 SET character_set_client  = utf8 */ ;
/*!50003 SET character_set_results = utf8 */ ;
/*!50003 SET collation_connection  = utf8_general_ci */ ;
/*!50003 SET @saved_sql_mode       = @@sql_mode */ ;
/*!50003 SET sql_mode              = '' */ ;
DELIMITER ;;
CREATE DEFINER=``@`` FUNCTION `MonthNumberGet`(BudgetMonth DATETIME) RETURNS int(11)
BEGIN
	DECLARE MonthNumber INT(2);
    
	SET MonthNumber = MONTH(BudgetMonth) + 9;
    
    IF MonthNumber > 12 THEN
		SET MonthNumber = MonthNumber - 12;
    END IF;
		
	RETURN MonthNumber;
END ;;
DELIMITER ;
/*!50003 SET sql_mode              = @saved_sql_mode */ ;
/*!50003 SET character_set_client  = @saved_cs_client */ ;
/*!50003 SET character_set_results = @saved_cs_results */ ;
/*!50003 SET collation_connection  = @saved_col_connection */ ;
/*!50003 DROP PROCEDURE IF EXISTS `BudgetAverageGet` */;
/*!50003 SET @saved_cs_client      = @@character_set_client */ ;
/*!50003 SET @saved_cs_results     = @@character_set_results */ ;
/*!50003 SET @saved_col_connection = @@collation_connection */ ;
/*!50003 SET character_set_client  = utf8 */ ;
/*!50003 SET character_set_results = utf8 */ ;
/*!50003 SET collation_connection  = utf8_general_ci */ ;
/*!50003 SET @saved_sql_mode       = @@sql_mode */ ;
/*!50003 SET sql_mode              = '' */ ;
DELIMITER ;;
CREATE DEFINER=``@`` PROCEDURE `BudgetAverageGet`(StartDT DATETIME, EndDT DATETIME)
BEGIN
	DECLARE SessionID VARCHAR(100);
	DECLARE TimeSpanMonth INT;
    
    SET SessionID = UUID();
    SET TimeSpanMonth = TIMESTAMPDIFF(MONTH, StartDT, EndDT);

    INSERT INTO tmpBudgetAverage
    (
		SessionID
        ,TransactionID
		,TransactionDT
		,TransactionTypeID
		,TransactionType
		,TransactionNumber
		,Description
		,Amount
		,Note
        ,BudgetNumber
		,BudgetGroupID
		,BudgetGroup
		,BudgetCategoryID
		,BudgetCategory
		,Sort
    )
    SELECT		SessionID							AS SessionID
				,Transaction.TransactionID			AS TransactionID
				,Transaction.TransactionDT			AS TransactionDT
				,TransactionType.TransactionTypeID	AS TransactionTypeID
				,TransactionType.TransactionType	AS TransactionType
				,Transaction.TransactionNumber		AS TransactionNumber
				,Transaction.Description			AS Description
				,Transaction.Amount					AS Amount
				,Transaction.Note					AS Note
                ,Transaction.BudgetNumber			AS BudgetNumber
				,BudgetGroup.BudgetGroupID			AS BudgetGroupID
				,BudgetGroup.BudgetGroup			AS BudgetGroup
				,BudgetCategory.BudgetCategoryID	AS BudgetCategoryID
				,BudgetCategory.BudgetCategory		AS BudgetCategory
				,BudgetCategory.Sort				AS Sort
	FROM		Transaction Transaction
    INNER JOIN	TransactionType TransactionType
    ON			TransactionType.TransactionTypeID = Transaction.TransactionTypeID
	INNER JOIN	BudgetCategory BudgetCategory
    ON			BudgetCategory.BudgetCategoryID = Transaction.BudgetCategoryID
    INNER JOIN	BudgetGroup BudgetGroup
    ON			BudgetGroup.BudgetGroupID = BudgetCategory.BudgetGroupID
    WHERE		Transaction.TransactionDT BETWEEN StartDT AND EndDT
    AND			Transaction.TransactionTypeID IN (1, 2)
	;
    
	UPDATE		tmpBudgetAverage
    INNER JOIN	(
					SELECT 		BudgetItem.BudgetTypeID			AS BudgetTypeID	
								,BudgetItem.BudgetCategoryID	AS BudgetCategoryID
					FROM 		BudgetItem BudgetItem
                    INNER JOIN	tmpBudgetAverage tmpBudgetAverage	
                    ON			tmpBudgetAverage.BudgetCategoryID = BudgetItem.BudgetCategoryID
					AND			tmpBudgetAverage.BudgetNumber = BudgetItem.BudgetNumber
                    WHERE		tmpBudgetAverage.SessionID = SessionID
					GROUP BY	BudgetItem.BudgetCategoryID
				) RS
	ON			tmpBudgetAverage.BudgetCategoryID = RS.BudgetCategoryID
	SET			tmpBudgetAverage.BudgetTypeID = RS.BudgetTypeID
	WHERE 		tmpBudgetAverage.SessionID = SessionID
    ;
    
    UPDATE		tmpBudgetAverage
    INNER JOIN	(
					SELECT 		tmpBudgetAverage.BudgetCategoryID	AS BudgetCategoryID
								,SUM(tmpBudgetAverage.Amount)		AS CategoryActual 
					FROM 		tmpBudgetAverage tmpBudgetAverage	
                    WHERE 		tmpBudgetAverage.SessionID = SessionID
					AND			tmpBudgetAverage.BudgetTypeID = 1
                    AND			tmpBudgetAverage.TransactionTypeID = 1
					GROUP BY	tmpBudgetAverage.BudgetCategoryID
				) RS
	ON			tmpBudgetAverage.BudgetCategoryID = RS.BudgetCategoryID
	SET			tmpBudgetAverage.CategoryActual = RS.CategoryActual
    WHERE 		tmpBudgetAverage.SessionID = SessionID
    ;
    
	UPDATE		tmpBudgetAverage
    INNER JOIN	(
					SELECT 		tmpBudgetAverage.BudgetCategoryID	AS BudgetCategoryID
								,SUM(tmpBudgetAverage.Amount)		AS CategoryActual 
					FROM 		tmpBudgetAverage tmpBudgetAverage	
                    WHERE 		tmpBudgetAverage.SessionID = SessionID
					AND			tmpBudgetAverage.BudgetTypeID = 2
                    AND			tmpBudgetAverage.TransactionTypeID = 2
					GROUP BY	tmpBudgetAverage.BudgetCategoryID
				) RS
	ON			tmpBudgetAverage.BudgetCategoryID = RS.BudgetCategoryID
	SET			tmpBudgetAverage.CategoryActual = RS.CategoryActual
    WHERE 		tmpBudgetAverage.SessionID = SessionID
    ;
    
    UPDATE		tmpBudgetAverage
    SET			tmpBudgetAverage.CategoryAverage = IFNULL(tmpBudgetAverage.CategoryActual, 1) / TimeSpanMonth
    WHERE		tmpBudgetAverage.SessionID = SessionID
    ;
    
    UPDATE		tmpBudgetAverage
    INNER JOIN	(
					SELECT 		SUM(tmpBudgetAverage.Amount)	AS IncomeActual 
					FROM 		tmpBudgetAverage tmpBudgetAverage	
                    WHERE 		tmpBudgetAverage.SessionID = SessionID
                    AND			tmpBudgetAverage.BudgetTypeID = 1
					GROUP BY	tmpBudgetAverage.BudgetTypeID
				) RS
	SET			tmpBudgetAverage.IncomeActual = RS.IncomeActual
    WHERE 		tmpBudgetAverage.SessionID = SessionID
    ;
    
	UPDATE		tmpBudgetAverage
    SET			tmpBudgetAverage.IncomeAverage = IFNULL(tmpBudgetAverage.IncomeActual, 1) / TimeSpanMonth
    WHERE		tmpBudgetAverage.SessionID = SessionID
    ;
    
    UPDATE		tmpBudgetAverage
    INNER JOIN	(
					SELECT 		SUM(tmpBudgetAverage.Amount)	AS ExpenseActual 
					FROM 		tmpBudgetAverage tmpBudgetAverage	
                    WHERE 		tmpBudgetAverage.SessionID = SessionID
                    AND			tmpBudgetAverage.BudgetTypeID = 2
					GROUP BY	tmpBudgetAverage.BudgetTypeID
				) RS
	SET			tmpBudgetAverage.ExpenseActual = RS.ExpenseActual
    WHERE 		tmpBudgetAverage.SessionID = SessionID
    ;
    
	UPDATE		tmpBudgetAverage
    SET			tmpBudgetAverage.ExpenseAverage = IFNULL(tmpBudgetAverage.ExpenseActual, 1) / TimeSpanMonth
    WHERE		tmpBudgetAverage.SessionID = SessionID
	;
    
	UPDATE		tmpBudgetAverage
    SET			tmpBudgetAverage.TotalIncomeVsExpenseActual = IFNULL(tmpBudgetAverage.IncomeActual, 0) - IFNULL(tmpBudgetAverage.ExpenseActual, 0)
    WHERE		tmpBudgetAverage.SessionID = SessionID
    ;
    
	UPDATE		tmpBudgetAverage
    SET			tmpBudgetAverage.TotalIncomeVsExpenseAverage = IFNULL(tmpBudgetAverage.IncomeAverage, 0)  - IFNULL(tmpBudgetAverage.ExpenseAverage, 0) 
    WHERE		tmpBudgetAverage.SessionID = SessionID
    ;
    
	UPDATE		tmpBudgetAverage
    SET			tmpBudgetAverage.IsTotalIncomeVsExpenseActualNegative = 1
    WHERE		tmpBudgetAverage.TotalIncomeVsExpenseActual < 0
    ;
    
	UPDATE		tmpBudgetAverage
    SET			tmpBudgetAverage.IsTotalIncomeVsExpenseAverageNegative = 1
    WHERE		tmpBudgetAverage.TotalIncomeVsExpenseAverage < 0
    ;
    
    -- Flags
	UPDATE		tmpBudgetAverage
    SET			tmpBudgetAverage.IsExpenseFlg = 1
    WHERE		tmpBudgetAverage.BudgetTypeID = 2
    ;
    
	SELECT 		tmpBudgetAverage.KeyID 										AS KeyID
				,tmpBudgetAverage.SessionID 								AS SessionID
				,tmpBudgetAverage.TransactionID 							AS TransactionID
				,DateMask(tmpBudgetAverage.TransactionDT) 					AS TransactionDT
				,tmpBudgetAverage.TransactionTypeID 						AS TransactionTypeID
				,tmpBudgetAverage.TransactionType 							AS TransactionType
				,tmpBudgetAverage.TransactionNumber 						AS TransactionNumber
				,tmpBudgetAverage.Description 								AS Description
				,tmpBudgetAverage.Amount 									AS Amount
				,tmpBudgetAverage.Note 										AS Note
				,tmpBudgetAverage.BudgetNumber 								AS BudgetNumber
                ,tmpBudgetAverage.BudgetTypeID 								AS BudgetTypeID
				,tmpBudgetAverage.BudgetGroupID 							AS BudgetGroupID
				,tmpBudgetAverage.BudgetGroup 								AS BudgetGroup
				,tmpBudgetAverage.BudgetCategoryID 							AS BudgetCategoryID
				,tmpBudgetAverage.BudgetCategory 							AS BudgetCategory
				,tmpBudgetAverage.Sort 										AS Sort
				,IFNULL(tmpBudgetAverage.CategoryActual, 0) 				AS CategoryActual
				,IFNULL(tmpBudgetAverage.CategoryAverage, 0) 				AS CategoryAverage
				,IFNULL(tmpBudgetAverage.IncomeActual, 0) 					AS IncomeActual
				,IFNULL(tmpBudgetAverage.IncomeAverage, 0) 					AS IncomeAverage
				,IFNULL(tmpBudgetAverage.ExpenseActual, 0) 					AS ExpenseActual
				,IFNULL(tmpBudgetAverage.ExpenseAverage, 0) 				AS ExpenseAverage
				,IFNULL(tmpBudgetAverage.TotalIncomeVsExpenseActual, 0) 	AS TotalIncomeVsExpenseActual
				,IFNULL(tmpBudgetAverage.TotalIncomeVsExpenseAverage, 0)	AS TotalIncomeVsExpenseAverage
                ,tmpBudgetAverage.IsTotalIncomeVsExpenseActualNegative		AS IsTotalIncomeVsExpenseActualNegative
                ,tmpBudgetAverage.IsTotalIncomeVsExpenseAverageNegative		AS IsTotalIncomeVsExpenseAverageNegative
                ,tmpBudgetAverage.IsExpenseFlg								AS IsExpenseFlg
	FROM 		tmpBudgetAverage tmpBudgetAverage
    WHERE		tmpBudgetAverage.SessionID = SessionID
    ORDER BY	tmpBudgetAverage.BudgetTypeID ASC
                ,tmpBudgetAverage.BudgetCategory ASC
                ,tmpBudgetAverage.TransactionDT ASC;

	DELETE FROM	tmpBudgetAverage 
    WHERE		tmpBudgetAverage.SessionID = SessionID;
END ;;
DELIMITER ;
/*!50003 SET sql_mode              = @saved_sql_mode */ ;
/*!50003 SET character_set_client  = @saved_cs_client */ ;
/*!50003 SET character_set_results = @saved_cs_results */ ;
/*!50003 SET collation_connection  = @saved_col_connection */ ;
/*!50003 DROP PROCEDURE IF EXISTS `BudgetBreakdownGet` */;
/*!50003 SET @saved_cs_client      = @@character_set_client */ ;
/*!50003 SET @saved_cs_results     = @@character_set_results */ ;
/*!50003 SET @saved_col_connection = @@collation_connection */ ;
/*!50003 SET character_set_client  = utf8 */ ;
/*!50003 SET character_set_results = utf8 */ ;
/*!50003 SET collation_connection  = utf8_general_ci */ ;
/*!50003 SET @saved_sql_mode       = @@sql_mode */ ;
/*!50003 SET sql_mode              = 'NO_ENGINE_SUBSTITUTION' */ ;
DELIMITER ;;
CREATE DEFINER=``@`` PROCEDURE `BudgetBreakdownGet`(StartDT DATETIME, EndDT DATETIME)
BEGIN
	DECLARE SessionID VARCHAR(100);
    
    SET SessionID = UUID();

    INSERT INTO tmpBudgetBreakdown
    (
		SessionID
		,BudgetGroupID
		,BudgetGroup
		,BudgetCategoryID
		,BudgetCategory
		,ColorHighlight
    )
    SELECT		DISTINCT
				SessionID							AS SessionID
				,BudgetGroup.BudgetGroupID			AS BudgetGroupID
				,BudgetGroup.BudgetGroup			AS BudgetGroup
				,BudgetCategory.BudgetCategoryID	AS BudgetCategoryID
				,BudgetCategory.BudgetCategory		AS BudgetCategory
				,BudgetCategory.ColorHighlight		AS ColorHighlight
	FROM		Transaction Transaction
    INNER JOIN	TransactionType TransactionType
    ON			TransactionType.TransactionTypeID = Transaction.TransactionTypeID
	INNER JOIN	BudgetCategory BudgetCategory
    ON			BudgetCategory.BudgetCategoryID = Transaction.BudgetCategoryID
    INNER JOIN	BudgetGroup BudgetGroup
    ON			BudgetGroup.BudgetGroupID = BudgetCategory.BudgetGroupID
    WHERE		Transaction.TransactionDT BETWEEN StartDT AND EndDT
    AND			Transaction.TransactionTypeID = 2
	;
    
	UPDATE		tmpBudgetBreakdown
    INNER JOIN	(
					SELECT		BudgetCategory.BudgetCategoryID		AS BudgetCategoryID
								,SUM(Transaction.Amount)			AS CategoryTotal
					FROM		Transaction Transaction
					INNER JOIN	TransactionType TransactionType
					ON			TransactionType.TransactionTypeID = Transaction.TransactionTypeID
					INNER JOIN	BudgetCategory BudgetCategory
					ON			BudgetCategory.BudgetCategoryID = Transaction.BudgetCategoryID
					INNER JOIN	BudgetGroup BudgetGroup
					ON			BudgetGroup.BudgetGroupID = BudgetCategory.BudgetGroupID
					WHERE		Transaction.TransactionDT BETWEEN StartDT AND EndDT
					AND			Transaction.TransactionTypeID = 2
					GROUP BY	BudgetCategory.BudgetCategoryID
								,BudgetCategory.BudgetCategory
				) RS
	ON			tmpBudgetBreakdown.BudgetCategoryID = RS.BudgetCategoryID
	SET			tmpBudgetBreakdown.CategoryTotal = RS.CategoryTotal
	WHERE 		tmpBudgetBreakdown.SessionID = SessionID
    ;
              
    UPDATE		tmpBudgetBreakdown
    JOIN		(
					SELECT		SUM(tmpBudgetBreakdown.CategoryTotal)	AS CategoryExpenseTotal 
					FROM 		tmpBudgetBreakdown tmpBudgetBreakdown	
				) RS
	SET			tmpBudgetBreakdown.CategoryExpenseTotal = RS.CategoryExpenseTotal	
    WHERE 		tmpBudgetBreakdown.SessionID = SessionID
    ;

	UPDATE      tmpBudgetBreakdown
	SET         CategoryPercentage = (CategoryTotal / CategoryExpenseTotal) * 100
    ;
    
	SELECT		tmpBudgetBreakdown.KeyID					AS KeyID
				,tmpBudgetBreakdown.SessionID				AS SessionID
				,tmpBudgetBreakdown.BudgetGroupID			AS BudgetGroupID
				,tmpBudgetBreakdown.BudgetGroup				AS BudgetGroup
				,tmpBudgetBreakdown.BudgetCategoryID 		AS BudgetCategoryID
				,tmpBudgetBreakdown.BudgetCategory			AS BudgetCategory
                ,CONCAT(tmpBudgetBreakdown.BudgetCategory, ' (', tmpBudgetBreakdown.CategoryPercentage,'%)')	AS CategoryLabel
                ,tmpBudgetBreakdown.ColorHighlight			AS ColorHighlight
                ,tmpBudgetBreakdown.CategoryTotal			AS CategoryTotal
                ,tmpBudgetBreakdown.CategoryExpenseTotal	AS CategoryExpenseTotal
				,tmpBudgetBreakdown.CategoryPercentage		AS CategoryPercentage
	FROM 		tmpBudgetBreakdown tmpBudgetBreakdown
    WHERE		tmpBudgetBreakdown.SessionID = SessionID
    ORDER BY	tmpBudgetBreakdown.CategoryTotal DESC
	LIMIT 		15
	;

	DELETE FROM	tmpBudgetBreakdown 
    WHERE		tmpBudgetBreakdown.SessionID = SessionID
    ;
END ;;
DELIMITER ;
/*!50003 SET sql_mode              = @saved_sql_mode */ ;
/*!50003 SET character_set_client  = @saved_cs_client */ ;
/*!50003 SET character_set_results = @saved_cs_results */ ;
/*!50003 SET collation_connection  = @saved_col_connection */ ;
/*!50003 DROP PROCEDURE IF EXISTS `BudgetByMonthDelete` */;
/*!50003 SET @saved_cs_client      = @@character_set_client */ ;
/*!50003 SET @saved_cs_results     = @@character_set_results */ ;
/*!50003 SET @saved_col_connection = @@collation_connection */ ;
/*!50003 SET character_set_client  = utf8 */ ;
/*!50003 SET character_set_results = utf8 */ ;
/*!50003 SET collation_connection  = utf8_general_ci */ ;
/*!50003 SET @saved_sql_mode       = @@sql_mode */ ;
/*!50003 SET sql_mode              = 'NO_ENGINE_SUBSTITUTION' */ ;
DELIMITER ;;
CREATE DEFINER=``@`` PROCEDURE `BudgetByMonthDelete`(BudgetNumber INT)
BEGIN
	DELETE FROM	Budget 
    WHERE		Budget.BudgetNumber = BudgetNumber
    ;
    
    DELETE FROM BudgetItem
    WHERE		BudgetItem.BudgetNumber = BudgetNumber
    ;
    
    DELETE FROM	BudgetIncome
    WHERE		BudgetIncome.BudgetNumber = BudgetNumber
    ;
END ;;
DELIMITER ;
/*!50003 SET sql_mode              = @saved_sql_mode */ ;
/*!50003 SET character_set_client  = @saved_cs_client */ ;
/*!50003 SET character_set_results = @saved_cs_results */ ;
/*!50003 SET collation_connection  = @saved_col_connection */ ;
/*!50003 DROP PROCEDURE IF EXISTS `BudgetByMonthInsert` */;
/*!50003 SET @saved_cs_client      = @@character_set_client */ ;
/*!50003 SET @saved_cs_results     = @@character_set_results */ ;
/*!50003 SET @saved_col_connection = @@collation_connection */ ;
/*!50003 SET character_set_client  = utf8 */ ;
/*!50003 SET character_set_results = utf8 */ ;
/*!50003 SET collation_connection  = utf8_general_ci */ ;
/*!50003 SET @saved_sql_mode       = @@sql_mode */ ;
/*!50003 SET sql_mode              = 'NO_ENGINE_SUBSTITUTION' */ ;
DELIMITER ;;
CREATE DEFINER=``@`` PROCEDURE `BudgetByMonthInsert`(BudgetMonth DATETIME)
BEGIN
	DECLARE BudgetNumberPrevious INT;
    DECLARE BudgetIDNew INT;
    DECLARE BudgetNumber INT(10);
    
    SET BudgetNumberPrevious = (SELECT Budget.BudgetNumber FROM Budget Budget WHERE TIMESTAMPDIFF(MONTH, Budget.BudgetMonth, DATE_ADD(BudgetMonth, INTERVAL -1 MONTH)) = 0);
    SET BudgetNumber =  EXTRACT(YEAR_MONTH FROM BudgetMonth);
    
    
    INSERT INTO Budget
    (
		BudgetNumber
        ,BudgetMonth
        ,CreateDT
        ,CreateBy
    )
    SELECT	BudgetNumber
			,BudgetMonth
            ,NOW()
            ,'User'
	FROM DUAL
	WHERE NOT EXISTS (SELECT Budget.BudgetNumber FROM Budget Budget WHERE Budget.BudgetNumber = BudgetNumber)
    ;

    SET BudgetIDNew = LAST_INSERT_ID();
    
    
	INSERT INTO BudgetItem
    (
		BudgetNumber
        ,BudgetCategoryID
        ,BudgetTypeID
        ,Amount
        ,Sort
        ,CreateDT
        ,CreateBy
    )
    SELECT	BudgetNumber					AS BudgetNumber
            ,BudgetItem.BudgetCategoryID	AS BudgetCategoryID
            ,BudgetItem.BudgetTypeID		AS BudgetTypeID
            ,BudgetItem.Amount				AS Amount
            ,BudgetItem.Sort				AS Sort
            ,NOW()							AS CreateDT
            ,'User'							AS CreateBy
    FROM 	BudgetItem BudgetItem
    WHERE	BudgetItem.BudgetNumber = BudgetNumberPrevious 
    AND 	BudgetNumberPrevious IS NOT NULL
    AND		BudgetIDNew <> 0;
    
    
    INSERT INTO BudgetIncome
    (
		BudgetNumber
        ,IncomeName
        ,IncomeTypeID
        ,IncomeType
        ,PayCycleID
        ,PayCycle
        ,TakeHomePay
        ,HourlyRate
        ,PlannedHours
        ,Salary
        ,YearDeduct
        ,Sort
        ,CreateDT
        ,CreateBy
    )
    SELECT	BudgetNumber					AS BudgetNumber
            ,BudgetIncome.IncomeName		AS IncomeName
            ,BudgetIncome.IncomeTypeID		AS IncomeTypeID
            ,BudgetIncome.IncomeType		AS IncomeType
            ,BudgetIncome.PayCycleID		AS PayCycleID
            ,BudgetIncome.PayCycle			AS PayCycle
            ,BudgetIncome.TakeHomePay		AS TakeHomePay
            ,BudgetIncome.HourlyRate		AS HourlyRate
            ,BudgetIncome.PlannedHours		AS PlannedHours
            ,BudgetIncome.Salary			AS Salary
            ,BudgetIncome.YearDeduct		AS YearDeduct
            ,BudgetIncome.Sort				AS Sort
            ,NOW()							AS CreateDT
            ,'User'							AS CreateBy
    FROM 	BudgetIncome BudgetIncome
    WHERE	BudgetIncome.BudgetNumber = BudgetNumberPrevious 
    AND 	BudgetNumberPrevious IS NOT NULL
    AND		BudgetIDNew <> 0;
    
    
    
END ;;
DELIMITER ;
/*!50003 SET sql_mode              = @saved_sql_mode */ ;
/*!50003 SET character_set_client  = @saved_cs_client */ ;
/*!50003 SET character_set_results = @saved_cs_results */ ;
/*!50003 SET collation_connection  = @saved_col_connection */ ;
/*!50003 DROP PROCEDURE IF EXISTS `BudgetByMonthValidate` */;
/*!50003 SET @saved_cs_client      = @@character_set_client */ ;
/*!50003 SET @saved_cs_results     = @@character_set_results */ ;
/*!50003 SET @saved_col_connection = @@collation_connection */ ;
/*!50003 SET character_set_client  = utf8 */ ;
/*!50003 SET character_set_results = utf8 */ ;
/*!50003 SET collation_connection  = utf8_general_ci */ ;
/*!50003 SET @saved_sql_mode       = @@sql_mode */ ;
/*!50003 SET sql_mode              = '' */ ;
DELIMITER ;;
CREATE DEFINER=``@`` PROCEDURE `BudgetByMonthValidate`(BudgetMonth DATETIME)
BEGIN
	DECLARE BudgetNumber INT(10);
    DECLARE HasBudgetFlg INT(1);

	SET BudgetNumber = EXTRACT(YEAR_MONTH FROM BudgetMonth); 
	SET HasBudgetFlg = 0;

	SET	HasBudgetFlg = (SELECT COUNT(Budget.BudgetID) FROM Budget Budget WHERE Budget.BudgetNumber = BudgetNumber);

	SELECT HasBudgetFlg AS HasBudgetFlg;
END ;;
DELIMITER ;
/*!50003 SET sql_mode              = @saved_sql_mode */ ;
/*!50003 SET character_set_client  = @saved_cs_client */ ;
/*!50003 SET character_set_results = @saved_cs_results */ ;
/*!50003 SET collation_connection  = @saved_col_connection */ ;
/*!50003 DROP PROCEDURE IF EXISTS `BudgetCategoryByKeywordGet` */;
/*!50003 SET @saved_cs_client      = @@character_set_client */ ;
/*!50003 SET @saved_cs_results     = @@character_set_results */ ;
/*!50003 SET @saved_col_connection = @@collation_connection */ ;
/*!50003 SET character_set_client  = utf8 */ ;
/*!50003 SET character_set_results = utf8 */ ;
/*!50003 SET collation_connection  = utf8_general_ci */ ;
/*!50003 SET @saved_sql_mode       = @@sql_mode */ ;
/*!50003 SET sql_mode              = 'NO_ENGINE_SUBSTITUTION' */ ;
DELIMITER ;;
CREATE DEFINER=``@`` PROCEDURE `BudgetCategoryByKeywordGet`(Keyword VARCHAR(100))
BEGIN
	SELECT		BudgetGroup.BudgetGroupID
				,BudgetGroup.BudgetGroup
				,BudgetCategory.BudgetCategoryID
				,BudgetCategory.BudgetCategory
				,BudgetCategory.Description
				,BudgetCategory.Note
				,BudgetCategory.HasSpotlight
				,BudgetCategory.IsEssential
				,Fund.FundID
				,Fund.FundName
                ,CAST(Fund.StartingBalance AS DECIMAL(10, 2)) AS StartingBalance
				,CASE WHEN Fund.FundID > 0 THEN 1 ELSE 0 END AS HasFundFlg
	FROM		BudgetCategory BudgetCategory
	INNER JOIN	BudgetGroup BudgetGroup
	ON			BudgetGroup.BudgetGroupID = BudgetCategory.BudgetGroupID
	LEFT JOIN	Fund Fund
	ON			Fund.FundID = BudgetCategory.FundID
    WHERE		BudgetGroup.ActiveFlg = 1
    AND			BudgetCategory.ActiveFlg = 1
    AND			BudgetCategory.BudgetCategoryID <> 29 -- Income
    AND			(BudgetCategory.BudgetCategory LIKE CONCAT('%', Keyword, '%') OR Keyword IS NULL)
    ORDER BY	BudgetCategory.BudgetCategory ASC
    ;
    

END ;;
DELIMITER ;
/*!50003 SET sql_mode              = @saved_sql_mode */ ;
/*!50003 SET character_set_client  = @saved_cs_client */ ;
/*!50003 SET character_set_results = @saved_cs_results */ ;
/*!50003 SET collation_connection  = @saved_col_connection */ ;
/*!50003 DROP PROCEDURE IF EXISTS `BudgetCategoryGet` */;
/*!50003 SET @saved_cs_client      = @@character_set_client */ ;
/*!50003 SET @saved_cs_results     = @@character_set_results */ ;
/*!50003 SET @saved_col_connection = @@collation_connection */ ;
/*!50003 SET character_set_client  = utf8 */ ;
/*!50003 SET character_set_results = utf8 */ ;
/*!50003 SET collation_connection  = utf8_general_ci */ ;
/*!50003 SET @saved_sql_mode       = @@sql_mode */ ;
/*!50003 SET sql_mode              = 'NO_ENGINE_SUBSTITUTION' */ ;
DELIMITER ;;
CREATE DEFINER=``@`` PROCEDURE `BudgetCategoryGet`()
BEGIN
	SELECT		BudgetGroup.BudgetGroupID
				,BudgetGroup.BudgetGroup
				,BudgetCategory.BudgetCategoryID
				,BudgetCategory.BudgetCategory
	FROM		BudgetGroup BudgetGroup
    INNER JOIN	BudgetCategory BudgetCategory
    ON			BudgetCategory.BudgetGroupID = BudgetGroup.BudgetGroupID
    WHERE		BudgetGroup.ActiveFlg = 1
    AND			BudgetCategory.ActiveFlg = 1
    AND			BudgetCategory.BudgetCategoryID <> 29 -- Income
    ORDER BY	BudgetCategory.BudgetCategory ASC
    ;
END ;;
DELIMITER ;
/*!50003 SET sql_mode              = @saved_sql_mode */ ;
/*!50003 SET character_set_client  = @saved_cs_client */ ;
/*!50003 SET character_set_results = @saved_cs_results */ ;
/*!50003 SET collation_connection  = @saved_col_connection */ ;
/*!50003 DROP PROCEDURE IF EXISTS `BudgetCategoryInsert` */;
/*!50003 SET @saved_cs_client      = @@character_set_client */ ;
/*!50003 SET @saved_cs_results     = @@character_set_results */ ;
/*!50003 SET @saved_col_connection = @@collation_connection */ ;
/*!50003 SET character_set_client  = utf8 */ ;
/*!50003 SET character_set_results = utf8 */ ;
/*!50003 SET collation_connection  = utf8_general_ci */ ;
/*!50003 SET @saved_sql_mode       = @@sql_mode */ ;
/*!50003 SET sql_mode              = 'NO_ENGINE_SUBSTITUTION' */ ;
DELIMITER ;;
CREATE DEFINER=``@`` PROCEDURE `BudgetCategoryInsert`(IN BudgetGroupID INT, IN FundID INT, BudgetCategory VARCHAR(100), IN Description VARCHAR(1000), IN Note VARCHAR(1000), IN IsEssential INT, IN HasSpotlight INT, OUT BudgetCategoryID INT)
BEGIN
	INSERT INTO	BudgetCategory
    (
		BudgetGroupID
		,FundID
		,BudgetCategory
		,Description
		,Note
		,IsEssential
		,HasSpotlight
		,CreateDT
		,CreateBy
    )
    SELECT	BudgetGroupID
			,FundID
			,BudgetCategory
			,Description
			,Note
			,IsEssential
			,HasSpotlight
			,NOW()
			,'User'
    ;
    
    
    SET BudgetCategoryID = LAST_INSERT_ID();
END ;;
DELIMITER ;
/*!50003 SET sql_mode              = @saved_sql_mode */ ;
/*!50003 SET character_set_client  = @saved_cs_client */ ;
/*!50003 SET character_set_results = @saved_cs_results */ ;
/*!50003 SET collation_connection  = @saved_col_connection */ ;
/*!50003 DROP PROCEDURE IF EXISTS `BudgetCategorySpotlightGet` */;
/*!50003 SET @saved_cs_client      = @@character_set_client */ ;
/*!50003 SET @saved_cs_results     = @@character_set_results */ ;
/*!50003 SET @saved_col_connection = @@collation_connection */ ;
/*!50003 SET character_set_client  = utf8 */ ;
/*!50003 SET character_set_results = utf8 */ ;
/*!50003 SET collation_connection  = utf8_general_ci */ ;
/*!50003 SET @saved_sql_mode       = @@sql_mode */ ;
/*!50003 SET sql_mode              = 'NO_ENGINE_SUBSTITUTION' */ ;
DELIMITER ;;
CREATE DEFINER=``@`` PROCEDURE `BudgetCategorySpotlightGet`()
BEGIN
	DECLARE SessionID VARCHAR(100);
	DECLARE StartDT DATETIME;
	DECLARE EndDT DATETIME;
    DECLARE BudgetNumber INT(10);

	SET SessionID = UUID();
	SET StartDT = CAST(DATE_FORMAT(NOW() ,'%Y-%m-01') AS DATE);
	SET EndDT = LAST_DAY(NOW());
    SET BudgetNumber = EXTRACT(YEAR_MONTH FROM StartDT);

	INSERT INTO tmpBudgetCategorySpotlight
	(
		SessionID
		,BudgetCategoryID
		,BudgetCategory
		,Sort
	)
	SELECT 		SessionID							AS SessionID
				,BudgetCategory.BudgetCategoryID	AS BudgetCategoryID
				,BudgetCategory.BudgetCategory		AS BudgetCategory
				,BudgetCategory.Sort				AS Sort
	FROM 		BudgetCategory BudgetCategory
    INNER JOIN	BudgetItem	BudgetItem
    ON			BudgetItem.BudgetCategoryID = BudgetCategory.BudgetCategoryID
	WHERE 		BudgetCategory.HasSpotlight = 1 
	AND 		BudgetCategory.FundID IS NULL
    AND			BudgetItem.BudgetNumber = BudgetNumber
	;
	
	UPDATE		tmpBudgetCategorySpotlight
    INNER JOIN	(
					SELECT 		Budget.BudgetNumber	AS BudgetNumber
								,Budget.BudgetMonth	AS BudgetMonth
					FROM 		Budget Budget
                    WHERE		Budget.BudgetNumber = BudgetNumber
				) RS
	SET			tmpBudgetCategorySpotlight.BudgetNumber = RS.BudgetNumber
				,tmpBudgetCategorySpotlight.BudgetMonth = RS.BudgetMonth
	WHERE 		tmpBudgetCategorySpotlight.SessionID = SessionID
    ;
    
    -- Category
	UPDATE		tmpBudgetCategorySpotlight
    INNER JOIN	(
					SELECT 		BudgetItem.BudgetCategoryID	AS BudgetCategoryID
								,SUM(BudgetItem.Amount)		AS CategoryBudget 
					FROM 		BudgetItem BudgetItem
                    INNER JOIN	tmpBudgetCategorySpotlight tmpBudgetCategorySpotlight
                    ON			tmpBudgetCategorySpotlight.BudgetCategoryID = BudgetItem.BudgetCategoryID
					AND			tmpBudgetCategorySpotlight.BudgetNumber = BudgetItem.BudgetNumber
                    WHERE		tmpBudgetCategorySpotlight.SessionID = SessionID
					GROUP BY	BudgetItem.BudgetCategoryID
				) RS
	ON			tmpBudgetCategorySpotlight.BudgetCategoryID = RS.BudgetCategoryID
	SET			tmpBudgetCategorySpotlight.CategoryBudget = RS.CategoryBudget
	WHERE 		tmpBudgetCategorySpotlight.SessionID = SessionID
    ;
    
	UPDATE		tmpBudgetCategorySpotlight
    INNER JOIN	(
					SELECT 		Transaction.BudgetCategoryID	AS BudgetCategoryID
								,SUM(Transaction.Amount)		AS CategoryActual 
					FROM 		Transaction Transaction	
                    WHERE		Transaction.TransactionDT BETWEEN StartDT AND EndDT
					GROUP BY	Transaction.BudgetCategoryID
				) RS
	ON			tmpBudgetCategorySpotlight.BudgetCategoryID = RS.BudgetCategoryID
	SET			tmpBudgetCategorySpotlight.CategoryActual = RS.CategoryActual
    WHERE 		tmpBudgetCategorySpotlight.SessionID = SessionID
    ;
    
	UPDATE		tmpBudgetCategorySpotlight
	SET			tmpBudgetCategorySpotlight.CategoryActualVsBudget = IFNULL(CategoryBudget, 0) - IFNULL(CategoryActual, 0)
    WHERE 		tmpBudgetCategorySpotlight.SessionID = SessionID
    ;
    
	UPDATE		tmpBudgetCategorySpotlight
	SET			tmpBudgetCategorySpotlight.CategoryPercentageSpent = (CategoryActual / IFNULL(CategoryBudget, 1)) * 100
    WHERE 		tmpBudgetCategorySpotlight.SessionID = SessionID
    ;
    
	UPDATE		tmpBudgetCategorySpotlight
	SET			tmpBudgetCategorySpotlight.CategoryProgressBarStyle = 'success'
    WHERE 		tmpBudgetCategorySpotlight.CategoryPercentageSpent <= 25
    AND			tmpBudgetCategorySpotlight.SessionID = SessionID
    ;	
    
	UPDATE		tmpBudgetCategorySpotlight
	SET			tmpBudgetCategorySpotlight.CategoryProgressBarStyle = 'info'
    WHERE 		tmpBudgetCategorySpotlight.CategoryPercentageSpent >= 26
    AND			tmpBudgetCategorySpotlight.CategoryPercentageSpent <= 50
    AND			tmpBudgetCategorySpotlight.SessionID = SessionID
    ;
    
	UPDATE		tmpBudgetCategorySpotlight
	SET			tmpBudgetCategorySpotlight.CategoryProgressBarStyle = 'warning'
    WHERE 		tmpBudgetCategorySpotlight.CategoryPercentageSpent >= 51
    AND			tmpBudgetCategorySpotlight.CategoryPercentageSpent <= 75
    AND			tmpBudgetCategorySpotlight.SessionID = SessionID
    ;
    
	UPDATE		tmpBudgetCategorySpotlight
	SET			tmpBudgetCategorySpotlight.CategoryProgressBarStyle = 'danger'
    WHERE 		tmpBudgetCategorySpotlight.CategoryPercentageSpent >= 76
    AND			tmpBudgetCategorySpotlight.SessionID = SessionID
    ;
    
	UPDATE		tmpBudgetCategorySpotlight
	SET			tmpBudgetCategorySpotlight.IsCategoryNegativeFlg = 1
    WHERE 		tmpBudgetCategorySpotlight.CategoryActualVsBudget < 0
    AND			tmpBudgetCategorySpotlight.SessionID = SessionID
    ;
    
    -- Total
	UPDATE		tmpBudgetCategorySpotlight
    INNER JOIN	(
					SELECT 		SUM(tmpBudgetCategorySpotlight.CategoryActual)	AS TotalCategoryActual 
					FROM 		tmpBudgetCategorySpotlight tmpBudgetCategorySpotlight	
				) RS
	SET			tmpBudgetCategorySpotlight.TotalCategoryActual = RS.TotalCategoryActual
    WHERE 		tmpBudgetCategorySpotlight.SessionID = SessionID
    ;
    
	UPDATE		tmpBudgetCategorySpotlight
    INNER JOIN	(
					SELECT 		SUM(tmpBudgetCategorySpotlight.CategoryBudget)	AS TotalCategoryBudget 
					FROM 		tmpBudgetCategorySpotlight tmpBudgetCategorySpotlight	
				) RS
	SET			tmpBudgetCategorySpotlight.TotalCategoryBudget = RS.TotalCategoryBudget
    WHERE 		tmpBudgetCategorySpotlight.SessionID = SessionID
    ;
    
	UPDATE		tmpBudgetCategorySpotlight
    INNER JOIN	(
					SELECT 		SUM(tmpBudgetCategorySpotlight.CategoryActualVsBudget)	AS TotalCategoryActualVsBudget 
					FROM 		tmpBudgetCategorySpotlight tmpBudgetCategorySpotlight	
				) RS
	SET			tmpBudgetCategorySpotlight.TotalCategoryActualVsBudget = RS.TotalCategoryActualVsBudget
    WHERE 		tmpBudgetCategorySpotlight.SessionID = SessionID
    ;
    
	UPDATE		tmpBudgetCategorySpotlight
	SET			tmpBudgetCategorySpotlight.TotalCategoryPercentageSpent = (TotalCategoryActual / IFNULL(TotalCategoryBudget, 1)) * 100
    WHERE 		tmpBudgetCategorySpotlight.SessionID = SessionID
    ;
    
	UPDATE		tmpBudgetCategorySpotlight
	SET			tmpBudgetCategorySpotlight.TotalCategoryProgressBarStyle = 'success'
    WHERE 		tmpBudgetCategorySpotlight.TotalCategoryPercentageSpent <= 25
    AND			tmpBudgetCategorySpotlight.SessionID = SessionID
    ;	
    
	UPDATE		tmpBudgetCategorySpotlight
	SET			tmpBudgetCategorySpotlight.TotalCategoryProgressBarStyle = 'info'
    WHERE 		tmpBudgetCategorySpotlight.TotalCategoryPercentageSpent >= 26
    AND			tmpBudgetCategorySpotlight.TotalCategoryPercentageSpent <= 50
    AND			tmpBudgetCategorySpotlight.SessionID = SessionID
    ;
    
	UPDATE		tmpBudgetCategorySpotlight
	SET			tmpBudgetCategorySpotlight.TotalCategoryProgressBarStyle = 'warning'
    WHERE 		tmpBudgetCategorySpotlight.TotalCategoryPercentageSpent >= 51
    AND			tmpBudgetCategorySpotlight.TotalCategoryPercentageSpent <= 75
    AND			tmpBudgetCategorySpotlight.SessionID = SessionID
    ;
    
	UPDATE		tmpBudgetCategorySpotlight
	SET			tmpBudgetCategorySpotlight.TotalCategoryProgressBarStyle = 'danger'
    WHERE 		tmpBudgetCategorySpotlight.TotalCategoryPercentageSpent >= 76
    AND			tmpBudgetCategorySpotlight.SessionID = SessionID
    ;
    
	UPDATE		tmpBudgetCategorySpotlight
	SET			tmpBudgetCategorySpotlight.IsTotalCategoryNegativeFlg = 1
    WHERE 		tmpBudgetCategorySpotlight.TotalCategoryActualVsBudget < 0
    AND			tmpBudgetCategorySpotlight.SessionID = SessionID
    ;
    
	SELECT		KeyID										AS KeyID
				,SessionID									AS SessionID
				,DATE_FORMAT(NOW(),'%M %e, %Y')				AS BudgetMonth
				,tmpBudgetCategorySpotlight.BudgetNumber	AS BudgetNumber
				,BudgetCategoryID							AS BudgetCategoryID
				,BudgetCategory								AS BudgetCategory
				,Sort										AS Sort
				,IFNULL(CategoryActual, 0)					AS CategoryActual
				,IFNULL(CategoryBudget, 0)					AS CategoryBudget
				,IFNULL(CategoryActualVsBudget, 0)			AS CategoryActualVsBudget
				,IFNULL(CategoryPercentageSpent, 0)			AS CategoryPercentageSpent
                ,CategoryProgressBarStyle					AS CategoryProgressBarStyle
                ,IsCategoryNegativeFlg						AS IsCategoryNegativeFlg
				,IFNULL(TotalCategoryActual, 0)				AS TotalCategoryActual
				,IFNULL(TotalCategoryBudget, 0)				AS TotalCategoryBudget
				,IFNULL(TotalCategoryActualVsBudget, 0)		AS TotalCategoryActualVsBudget
				,IFNULL(TotalCategoryPercentageSpent, 0)	AS TotalCategoryPercentageSpent
                ,TotalCategoryProgressBarStyle				AS TotalCategoryProgressBarStyle
                ,IsTotalCategoryNegativeFlg					AS IsTotalCategoryNegativeFlg
	FROM		tmpBudgetCategorySpotlight tmpBudgetCategorySpotlight
    WHERE		tmpBudgetCategorySpotlight.SessionID = SessionID
    ORDER BY	tmpBudgetCategorySpotlight.BudgetCategory ASC
	;
    
	DELETE FROM	tmpBudgetCategorySpotlight 
	WHERE		tmpBudgetCategorySpotlight.SessionID = SessionID
    ;
END ;;
DELIMITER ;
/*!50003 SET sql_mode              = @saved_sql_mode */ ;
/*!50003 SET character_set_client  = @saved_cs_client */ ;
/*!50003 SET character_set_results = @saved_cs_results */ ;
/*!50003 SET collation_connection  = @saved_col_connection */ ;
/*!50003 DROP PROCEDURE IF EXISTS `BudgetCategoryUpdate` */;
/*!50003 SET @saved_cs_client      = @@character_set_client */ ;
/*!50003 SET @saved_cs_results     = @@character_set_results */ ;
/*!50003 SET @saved_col_connection = @@collation_connection */ ;
/*!50003 SET character_set_client  = utf8 */ ;
/*!50003 SET character_set_results = utf8 */ ;
/*!50003 SET collation_connection  = utf8_general_ci */ ;
/*!50003 SET @saved_sql_mode       = @@sql_mode */ ;
/*!50003 SET sql_mode              = 'NO_ENGINE_SUBSTITUTION' */ ;
DELIMITER ;;
CREATE DEFINER=``@`` PROCEDURE `BudgetCategoryUpdate`(IN BudgetCategoryID INT, IN BudgetGroupID INT, IN FundID INT, BudgetCategory VARCHAR(100), IN Description VARCHAR(1000), IN Note VARCHAR(1000), IN IsEssential INT, IN HasSpotlight INT)
BEGIN
	UPDATE 	BudgetCategory
	SET		BudgetCategory.BudgetGroupID 	= BudgetGroupID
			,BudgetCategory.FundID 			= FundID
			,BudgetCategory.BudgetCategory 	= BudgetCategory
			,BudgetCategory.Description 	= Description
			,BudgetCategory.Note 			= Note
			,BudgetCategory.IsEssential 	= IsEssential
			,BudgetCategory.HasSpotlight 	= HasSpotlight
			,BudgetCategory.ModifyDT 		= NOW()
			,BudgetCategory.ModifyBy 		= 'User'
	WHERE	BudgetCategory.BudgetCategoryID = BudgetCategoryID
    ;
END ;;
DELIMITER ;
/*!50003 SET sql_mode              = @saved_sql_mode */ ;
/*!50003 SET character_set_client  = @saved_cs_client */ ;
/*!50003 SET character_set_results = @saved_cs_results */ ;
/*!50003 SET collation_connection  = @saved_col_connection */ ;
/*!50003 DROP PROCEDURE IF EXISTS `BudgetExpenseByMonthGet` */;
/*!50003 SET @saved_cs_client      = @@character_set_client */ ;
/*!50003 SET @saved_cs_results     = @@character_set_results */ ;
/*!50003 SET @saved_col_connection = @@collation_connection */ ;
/*!50003 SET character_set_client  = utf8 */ ;
/*!50003 SET character_set_results = utf8 */ ;
/*!50003 SET collation_connection  = utf8_general_ci */ ;
/*!50003 SET @saved_sql_mode       = @@sql_mode */ ;
/*!50003 SET sql_mode              = 'NO_ENGINE_SUBSTITUTION' */ ;
DELIMITER ;;
CREATE DEFINER=``@`` PROCEDURE `BudgetExpenseByMonthGet`(BudgetMonth DATETIME)
BEGIN    

	DECLARE BudgetNumber	INT(10);
    DECLARE MonthNumber		INT(10);
    DECLARE MonthInterval	INT(10);
    DECLARE StartDT			DATETIME;
    DECLARE EndDT			DATETIME;

	SET BudgetNumber = EXTRACT(YEAR_MONTH FROM BudgetMonth);
    
	SET MonthNumber = MonthNumberGet(NOW());
	SET MonthInterval = (MonthNumber * -1) + 1;
    
	SET StartDT = DATE_ADD(CAST(DATE_FORMAT(NOW() ,'%Y-%m-01') AS DATE), INTERVAL MonthInterval MONTH);
	SET EndDT = LAST_DAY(NOW());


    DROP TEMPORARY TABLE IF EXISTS tmpBudget;

	CREATE TEMPORARY TABLE tmpBudget
	(
		KeyID                   	INT(10) NOT NULL AUTO_INCREMENT
		,BudgetItemID           	INT(10)
		,BudgetID               	INT(10)
		,BudgetNumber           	INT(10)
		,BudgetMonth            	DATETIME
		,BudgetGroupID          	INT(10)
		,BudgetGroup            	VARCHAR(100)
		,BudgetCategoryID       	INT(10)
		,BudgetCategory         	VARCHAR(100)
		,BudgetTypeID           	INT(10)
		,BudgetType             	VARCHAR(100)
		,Note                   	VARCHAR(1000)
		,Description            	VARCHAR(1000)
		,IsEssential            	INT(1)
		,HasSpotlight           	INT(1)
		,ColorHighlight         	VARCHAR(1000)
		,FundID                 	INT(10)
		,Percentage             	DECIMAL(10, 2)
		,AmountMonthly          	DECIMAL(10, 0)
		,AmountBiWeekly         	DECIMAL(10, 0)
		,AmountWeekly           	DECIMAL(10, 0)
		,AmountBiYearly         	DECIMAL(10, 0)
		,AmountYearly           	DECIMAL(10, 0)        
		,TotalIncomeMonthly     	DECIMAL(10, 0)
		,TotalIncomeBiWeekly    	DECIMAL(10, 0)
		,TotalIncomeWeekly      	DECIMAL(10, 0)
		,TotalIncomeBiYearly    	DECIMAL(10, 0)
		,TotalIncomeYearly      	DECIMAL(10, 0)
		,TotalExpenseMonthly    	DECIMAL(10, 0)
		,TotalExpenseBiWeekly   	DECIMAL(10, 0)
		,TotalExpenseWeekly     	DECIMAL(10, 0)
		,TotalExpenseBiYearly   	DECIMAL(10, 0)
		,TotalExpenseYearly     	DECIMAL(10, 0)
		,BalanceMonthly         	DECIMAL(10, 0)
		,BalanceBiWeekly        	DECIMAL(10, 0)
		,BalanceWeekly          	DECIMAL(10, 0)
		,BalanceBiYearly        	DECIMAL(10, 0)
		,BalanceYearly          	DECIMAL(10, 0)
        ,TransactionActual			DECIMAL(10, 2)
		,TransactionAverage			DECIMAL(10, 2)
        ,RANK						INT(10)
        ,IsBalanceMonthlyNegative	INT(1)
		,PRIMARY KEY (`KeyID`)
	);

	INSERT INTO tmpBudget
	(
		BudgetItemID
		,BudgetID
		,BudgetNumber
		,BudgetMonth
		,BudgetGroupID
		,BudgetGroup
		,BudgetCategoryID
		,BudgetCategory
		,BudgetTypeID
		,BudgetType
		,Note
		,Description
		,IsEssential
		,HasSpotlight
		,ColorHighlight
		,FundID
		,AmountMonthly
	)
	SELECT      BudgetItem.BudgetItemID
				,Budget.BudgetID
				,Budget.BudgetNumber
				,Budget.BudgetMonth
				,BudgetGroup.BudgetGroupID
				,BudgetGroup.BudgetGroup
				,BudgetCategory.BudgetCategoryID
				,BudgetCategory.BudgetCategory
				,BudgetType.BudgetTypeID
				,BudgetType.BudgetType
				,BudgetCategory.Note
				,BudgetCategory.Description
				,BudgetCategory.IsEssential
				,BudgetCategory.HasSpotlight
				,BudgetCategory.ColorHighlight
				,BudgetCategory.FundID
				,BudgetItem.Amount AS AmountMonthly
	FROM        Budget Budget
	INNER JOIN  BudgetItem BudgetItem
	ON          Budget.BudgetNumber = BudgetItem.BudgetNumber
	INNER JOIN  BudgetType BudgetType
	ON          BudgetType.BudgetTypeID = BudgetItem.BudgetTypeID
	INNER JOIN  BudgetCategory BudgetCategory
	ON          BudgetCategory.BudgetCategoryID = BudgetItem.BudgetCategoryID
	INNER JOIN  BudgetGroup BudgetGroup
	ON          BudgetGroup.BudgetGroupID = BudgetCategory.BudgetGroupID
	WHERE       Budget.BudgetNumber = BudgetNumber
    AND			Budget.ActiveFlg = 1
    ORDER BY	BudgetItem.Amount DESC
	;



	UPDATE      tmpBudget
	INNER JOIN  (
				  SELECT      BudgetItem.BudgetItemID
							  ,BudgetItem.Amount * 12 AS AmountYearly
				  FROM        Budget Budget
				  INNER JOIN  BudgetItem BudgetItem
				  ON          Budget.BudgetNumber = BudgetItem.BudgetNumber
				  WHERE       Budget.BudgetNumber = BudgetNumber
				) RS
	ON          tmpBudget.BudgetItemID = RS.BudgetItemID
	SET         tmpBudget.AmountYearly = RS.AmountYearly
	;



	UPDATE      tmpBudget
	SET         AmountBiWeekly = AmountYearly / 26
				,AmountWeekly = AmountYearly / 52
				,AmountBiYearly = AmountYearly / 2
	;



	UPDATE      tmpBudget
	SET         TotalIncomeMonthly = (
										SELECT      SUM(Amount) AS IncomeTotal
										FROM        Budget Budget
										INNER JOIN  BudgetItem BudgetItem ON Budget.BudgetNumber = BudgetItem.BudgetNumber
										WHERE       BudgetTypeID = 1
										AND         Budget.BudgetNumber = BudgetNumber
										)
	;



	UPDATE      tmpBudget
	SET         TotalIncomeYearly = TotalIncomeMonthly * 12
    ;



	UPDATE      tmpBudget
	SET         TotalIncomeBiWeekly = TotalIncomeYearly / 26
				,TotalIncomeWeekly = TotalIncomeYearly / 52
				,TotalIncomeBiYearly = TotalIncomeYearly / 2
	;



	UPDATE      tmpBudget
	SET         TotalExpenseMonthly = (
										SELECT      SUM(Amount) AS ExpenseTotal
										FROM        Budget Budget
										INNER JOIN  BudgetItem BudgetItem ON Budget.BudgetNumber = BudgetItem.BudgetNumber
										WHERE       BudgetTypeID = 2
										AND         Budget.BudgetNumber = BudgetNumber
										)
	;



	UPDATE      tmpBudget
	SET         TotalExpenseYearly = TotalExpenseMonthly * 12
    ;



	UPDATE      tmpBudget
	SET         TotalExpenseBiWeekly = TotalExpenseYearly / 26
				,TotalExpenseWeekly = TotalExpenseYearly / 52
				,TotalExpenseBiYearly = TotalExpenseYearly / 2
	;



	UPDATE      tmpBudget
	SET         BalanceMonthly = TotalIncomeMonthly - TotalExpenseMonthly
				,BalanceBiWeekly = TotalIncomeBiWeekly - TotalExpenseBiWeekly
				,BalanceWeekly = TotalIncomeWeekly - TotalExpenseWeekly
				,BalanceBiYearly = TotalIncomeBiYearly - TotalExpenseBiYearly
				,BalanceYearly = TotalIncomeYearly - TotalExpenseYearly
	;



	UPDATE      tmpBudget
	SET         Percentage = (AmountYearly / TotalIncomeYearly) * 100
    ;
    
    
    
    SET @i = 0;
    UPDATE		tmpBudget
    INNER JOIN	(	
					SELECT  RSRank.Amount
							,RSRank.BudgetItemID
							,RSRank.BudgetCategory
							,RSRank.RANK
					FROM
					(
						SELECT  RSBudgetItem.Amount
								,RSBudgetItem.BudgetItemID
								,RSBudgetItem.BudgetCategory
								,@i :=  @i + 1 AS RANK
						FROM
						(
							SELECT  	BudgetItem.Amount
										,BudgetItem.BudgetItemID
										,BudgetCategory.BudgetCategory
							FROM    	BudgetItem BudgetItem
							INNER JOIN	BudgetCategory BudgetCategory
							ON			BudgetCategory.BudgetCategoryID = BudgetItem.BudgetCategoryID
							WHERE		BudgetItem.BudgetNumber = BudgetNumber
							AND			BudgetTypeID = 2
							ORDER BY	BudgetItem.Amount 			DESC
										,BudgetItem.BudgetItemID 	ASC
						) RSBudgetItem
					) RSRank
				) RS
    ON			tmpBudget.BudgetItemID = RS.BudgetItemID
    SET			tmpBudget.RANK = RS.RANK
	;
    
    
    
	UPDATE		tmpBudget
    INNER JOIN	(	
					SELECT		Transaction.BudgetCategoryID
								,IFNULL(SUM(Transaction.Amount), 0) AS TransactionActual
					FROM		Transaction Transaction
					WHERE		Transaction.TransactionDT BETWEEN StartDT AND EndDT
					AND			Transaction.TransactionTypeID IN (2)
					GROUP BY	Transaction.BudgetCategoryID
				) RS
    ON			tmpBudget.BudgetCategoryID = RS.BudgetCategoryID
    SET			tmpBudget.TransactionActual = RS.TransactionActual
	;
    
    
    
    UPDATE		tmpBudget
    SET			TransactionAverage = tmpBudget.TransactionActual / MonthNumber
    ;
    
	UPDATE		tmpBudget
    SET			tmpBudget.IsBalanceMonthlyNegative = 1
    WHERE		tmpBudget.BalanceMonthly < 0
    ;
    

	DELETE FROM	tmpBudget
    WHERE		tmpBudget.BudgetCategoryID = 29
    ;
    
	SELECT 		tmpBudget.KeyID
				,tmpBudget.BudgetItemID
				,tmpBudget.BudgetID
				,tmpBudget.BudgetNumber
				,tmpBudget.BudgetMonth
				,tmpBudget.BudgetGroupID
				,tmpBudget.BudgetGroup
				,tmpBudget.BudgetCategoryID
				,tmpBudget.BudgetCategory
				,tmpBudget.BudgetTypeID
				,tmpBudget.BudgetType
				,tmpBudget.Note
				,tmpBudget.Description
				,tmpBudget.IsEssential
				,tmpBudget.HasSpotlight
				,tmpBudget.ColorHighlight
				,tmpBudget.FundID
				,tmpBudget.Percentage
                ,IFNULL(tmpBudget.AmountMonthly, 0) 	AS AmountMonthly
                ,IFNULL(tmpBudget.AmountBiWeekly, 0) 	AS AmountBiWeekly
                ,IFNULL(tmpBudget.AmountWeekly, 0) 		AS AmountWeekly
                ,IFNULL(tmpBudget.AmountBiYearly, 0) 	AS AmountBiYearly
                ,IFNULL(tmpBudget.AmountYearly, 0) 		AS AmountYearly
				,tmpBudget.TotalIncomeMonthly
				,tmpBudget.TotalIncomeBiWeekly
				,tmpBudget.TotalIncomeWeekly
				,tmpBudget.TotalIncomeBiYearly
				,tmpBudget.TotalIncomeYearly
				,tmpBudget.TotalExpenseMonthly
				,tmpBudget.TotalExpenseBiWeekly
				,tmpBudget.TotalExpenseWeekly
				,tmpBudget.TotalExpenseBiYearly
				,tmpBudget.TotalExpenseYearly
				,tmpBudget.BalanceMonthly
				,tmpBudget.BalanceBiWeekly
				,tmpBudget.BalanceWeekly
				,tmpBudget.BalanceBiYearly
				,tmpBudget.BalanceYearly
                ,tmpBudget.TransactionActual
                ,IFNULL(tmpBudget.TransactionAverage, 0) AS TransactionAverage
                ,tmpBudget.RANK
                ,tmpBudget.IsBalanceMonthlyNegative
	FROM 		tmpBudget tmpBudget				
	ORDER BY 	tmpBudget.BudgetGroup
				,tmpBudget.BudgetCategory
	;
    
END ;;
DELIMITER ;
/*!50003 SET sql_mode              = @saved_sql_mode */ ;
/*!50003 SET character_set_client  = @saved_cs_client */ ;
/*!50003 SET character_set_results = @saved_cs_results */ ;
/*!50003 SET collation_connection  = @saved_col_connection */ ;
/*!50003 DROP PROCEDURE IF EXISTS `BudgetExpenseDelete` */;
/*!50003 SET @saved_cs_client      = @@character_set_client */ ;
/*!50003 SET @saved_cs_results     = @@character_set_results */ ;
/*!50003 SET @saved_col_connection = @@collation_connection */ ;
/*!50003 SET character_set_client  = utf8 */ ;
/*!50003 SET character_set_results = utf8 */ ;
/*!50003 SET collation_connection  = utf8_general_ci */ ;
/*!50003 SET @saved_sql_mode       = @@sql_mode */ ;
/*!50003 SET sql_mode              = 'NO_ENGINE_SUBSTITUTION' */ ;
DELIMITER ;;
CREATE DEFINER=``@`` PROCEDURE `BudgetExpenseDelete`(BudgetItemID INT)
BEGIN
	DELETE FROM	BudgetItem
    WHERE		BudgetItem.BudgetItemID = BudgetItemID
    ;
END ;;
DELIMITER ;
/*!50003 SET sql_mode              = @saved_sql_mode */ ;
/*!50003 SET character_set_client  = @saved_cs_client */ ;
/*!50003 SET character_set_results = @saved_cs_results */ ;
/*!50003 SET collation_connection  = @saved_col_connection */ ;
/*!50003 DROP PROCEDURE IF EXISTS `BudgetExpenseDetailGet` */;
/*!50003 SET @saved_cs_client      = @@character_set_client */ ;
/*!50003 SET @saved_cs_results     = @@character_set_results */ ;
/*!50003 SET @saved_col_connection = @@collation_connection */ ;
/*!50003 SET character_set_client  = utf8 */ ;
/*!50003 SET character_set_results = utf8 */ ;
/*!50003 SET collation_connection  = utf8_general_ci */ ;
/*!50003 SET @saved_sql_mode       = @@sql_mode */ ;
/*!50003 SET sql_mode              = 'NO_ENGINE_SUBSTITUTION' */ ;
DELIMITER ;;
CREATE DEFINER=``@`` PROCEDURE `BudgetExpenseDetailGet`(BudgetItemID INT)
BEGIN
	SELECT		BudgetItem.BudgetItemID
				,BudgetItem.BudgetNumber
				,BudgetGroup.BudgetGroupID
				,BudgetGroup.BudgetGroup
				,BudgetCategory.BudgetCategoryID
				,BudgetCategory.BudgetCategory
				,CAST(BudgetItem.Amount AS DECIMAL(10, 0)) AS Amount
				,BudgetCategory.Description
				,BudgetCategory.Note
				,BudgetCategory.HasSpotlight
				,BudgetCategory.IsEssential
				,Fund.FundID
				,Fund.FundName
                ,CAST(Fund.StartingBalance AS DECIMAL(10, 2)) AS StartingBalance
				,CASE WHEN Fund.FundID > 0 THEN 1 ELSE 0 END AS HasFundFlg
	FROM		BudgetItem BudgetItem
	INNER JOIN	BudgetCategory BudgetCategory
	ON			BudgetCategory.BudgetCategoryID = BudgetItem.BudgetCategoryID
	INNER JOIN	BudgetGroup BudgetGroup
	ON			BudgetGroup.BudgetGroupID = BudgetCategory.BudgetGroupID
	LEFT JOIN	Fund Fund
	ON			Fund.FundID = BudgetCategory.FundID
	WHERE		BudgetItem.BudgetItemID = BudgetItemID
	;
END ;;
DELIMITER ;
/*!50003 SET sql_mode              = @saved_sql_mode */ ;
/*!50003 SET character_set_client  = @saved_cs_client */ ;
/*!50003 SET character_set_results = @saved_cs_results */ ;
/*!50003 SET collation_connection  = @saved_col_connection */ ;
/*!50003 DROP PROCEDURE IF EXISTS `BudgetExpenseUpdate` */;
/*!50003 SET @saved_cs_client      = @@character_set_client */ ;
/*!50003 SET @saved_cs_results     = @@character_set_results */ ;
/*!50003 SET @saved_col_connection = @@collation_connection */ ;
/*!50003 SET character_set_client  = utf8 */ ;
/*!50003 SET character_set_results = utf8 */ ;
/*!50003 SET collation_connection  = utf8_general_ci */ ;
/*!50003 SET @saved_sql_mode       = @@sql_mode */ ;
/*!50003 SET sql_mode              = 'NO_ENGINE_SUBSTITUTION' */ ;
DELIMITER ;;
CREATE DEFINER=``@`` PROCEDURE `BudgetExpenseUpdate`(BudgetItemID INT, BudgetNumber INT, Amount DECIMAL(10, 4), BudgetGroupID INT, BudgetGroup VARCHAR(100), BudgetCategoryID INT, BudgetCategory VARCHAR(100), Description VARCHAR(1000), Note VARCHAR(1000), IsEssential INT, HasSpotlight INT, HasFundFlg INT, FundID INT, FundName VARCHAR(100), StartingBalance DECIMAL(10, 4))
BEGIN 
	IF BudgetGroupID > 0 THEN
        CALL BudgetGroupUpdate(BudgetGroupID, BudgetGroup);
	ELSE
        CALL BudgetGroupInsert(BudgetGroup, @BudgetGroupID);
        
        SET BudgetGroupID = @BudgetGroupID;
	END IF;
    

	IF HasFundFlg = 1 AND FundID > 0 THEN
        CALL BudgetFundUpdate(FundName, StartingBalance, FundID);
        
	ELSEIF HasFundFlg = 1 AND FundID = 0 THEN
        CALL BudgetFundInsert(FundName, StartingBalance, @FundID);
        
        SET FundID = @FundID;
        
	ELSEIF HasFundFlg = 0 THEN
		SET FundID = NULL;
        
    END IF;
    
    
    IF BudgetCategoryID > 0 THEN        
        CALL BudgetCategoryUpdate(BudgetCategoryID, BudgetGroupID, FundID, BudgetCategory, Description, Note, IsEssential, HasSpotlight);
	ELSE
        CALL BudgetCategoryInsert(BudgetGroupID, FundID, BudgetCategory, Description, Note, IsEssential, HasSpotlight, @BudgetCategoryID);
        
        SET BudgetCategoryID = @BudgetCategoryID;
	END IF;


	IF BudgetItemID > 0 THEN        
        CALL BudgetItemUpdate(BudgetItemID, BudgetNumber, BudgetCategoryID, 2, Amount);
	ELSE
        CALL BudgetItemInsert(BudgetNumber, BudgetCategoryID, 2, Amount);
	END IF;
END ;;
DELIMITER ;
/*!50003 SET sql_mode              = @saved_sql_mode */ ;
/*!50003 SET character_set_client  = @saved_cs_client */ ;
/*!50003 SET character_set_results = @saved_cs_results */ ;
/*!50003 SET collation_connection  = @saved_col_connection */ ;
/*!50003 DROP PROCEDURE IF EXISTS `BudgetFundByKeywordGet` */;
/*!50003 SET @saved_cs_client      = @@character_set_client */ ;
/*!50003 SET @saved_cs_results     = @@character_set_results */ ;
/*!50003 SET @saved_col_connection = @@collation_connection */ ;
/*!50003 SET character_set_client  = utf8 */ ;
/*!50003 SET character_set_results = utf8 */ ;
/*!50003 SET collation_connection  = utf8_general_ci */ ;
/*!50003 SET @saved_sql_mode       = @@sql_mode */ ;
/*!50003 SET sql_mode              = 'NO_ENGINE_SUBSTITUTION' */ ;
DELIMITER ;;
CREATE DEFINER=``@`` PROCEDURE `BudgetFundByKeywordGet`(Keyword VARCHAR(100))
BEGIN
	SELECT		FundID
				,FundName
				,CAST(StartingBalance AS DECIMAL(10, 2)) AS StartingBalance
                ,Note
                ,Sort
                ,CreateDT
                ,CreateBy
                ,ModifyDT
                ,ModifyBy
                ,ActiveFlg
	FROM		Fund Fund
    WHERE		(Fund.FundName LIKE CONCAT('%', Keyword, '%') OR Keyword IS NULL)
    ORDER BY	Fund.FundName
    ;
END ;;
DELIMITER ;
/*!50003 SET sql_mode              = @saved_sql_mode */ ;
/*!50003 SET character_set_client  = @saved_cs_client */ ;
/*!50003 SET character_set_results = @saved_cs_results */ ;
/*!50003 SET collation_connection  = @saved_col_connection */ ;
/*!50003 DROP PROCEDURE IF EXISTS `BudgetFundGet` */;
/*!50003 SET @saved_cs_client      = @@character_set_client */ ;
/*!50003 SET @saved_cs_results     = @@character_set_results */ ;
/*!50003 SET @saved_col_connection = @@collation_connection */ ;
/*!50003 SET character_set_client  = utf8 */ ;
/*!50003 SET character_set_results = utf8 */ ;
/*!50003 SET collation_connection  = utf8_general_ci */ ;
/*!50003 SET @saved_sql_mode       = @@sql_mode */ ;
/*!50003 SET sql_mode              = 'NO_ENGINE_SUBSTITUTION' */ ;
DELIMITER ;;
CREATE DEFINER=``@`` PROCEDURE `BudgetFundGet`(Keyword VARCHAR(100))
BEGIN
	SELECT		FundID
				,FundName
				,StartingBalance
                ,Note
                ,Sort
                ,CreateDT
                ,CreateBy
                ,ModifyDT
                ,ModifyBy
                ,ActiveFlg
	FROM		Fund Fund
    WHERE		(Fund.FundName LIKE CONCAT('%', Keyword, '%') OR Keyword IS NULL)
    ORDER BY	Fund.FundName
    ;
END ;;
DELIMITER ;
/*!50003 SET sql_mode              = @saved_sql_mode */ ;
/*!50003 SET character_set_client  = @saved_cs_client */ ;
/*!50003 SET character_set_results = @saved_cs_results */ ;
/*!50003 SET collation_connection  = @saved_col_connection */ ;
/*!50003 DROP PROCEDURE IF EXISTS `BudgetFundInsert` */;
/*!50003 SET @saved_cs_client      = @@character_set_client */ ;
/*!50003 SET @saved_cs_results     = @@character_set_results */ ;
/*!50003 SET @saved_col_connection = @@collation_connection */ ;
/*!50003 SET character_set_client  = utf8 */ ;
/*!50003 SET character_set_results = utf8 */ ;
/*!50003 SET collation_connection  = utf8_general_ci */ ;
/*!50003 SET @saved_sql_mode       = @@sql_mode */ ;
/*!50003 SET sql_mode              = 'NO_ENGINE_SUBSTITUTION' */ ;
DELIMITER ;;
CREATE DEFINER=``@`` PROCEDURE `BudgetFundInsert`(IN FundName VARCHAR(100), IN StartingBalance DECIMAL(10, 4), OUT FundID INT)
BEGIN
	INSERT INTO Fund
    (
		FundTypeID
        ,FundName
        ,StartingBalance
        ,CreateDT
        ,CreateBy
    )
    SELECT	1					AS FundTypeID
			,FundName			AS FundName
			,StartingBalance	AS StartingBalance
            ,NOW()				AS CreateDT
            ,'User'				AS CreateBy
	;
    
    
    SET FundID = LAST_INSERT_ID();
END ;;
DELIMITER ;
/*!50003 SET sql_mode              = @saved_sql_mode */ ;
/*!50003 SET character_set_client  = @saved_cs_client */ ;
/*!50003 SET character_set_results = @saved_cs_results */ ;
/*!50003 SET collation_connection  = @saved_col_connection */ ;
/*!50003 DROP PROCEDURE IF EXISTS `BudgetFundSpotlightGet` */;
/*!50003 SET @saved_cs_client      = @@character_set_client */ ;
/*!50003 SET @saved_cs_results     = @@character_set_results */ ;
/*!50003 SET @saved_col_connection = @@collation_connection */ ;
/*!50003 SET character_set_client  = utf8 */ ;
/*!50003 SET character_set_results = utf8 */ ;
/*!50003 SET collation_connection  = utf8_general_ci */ ;
/*!50003 SET @saved_sql_mode       = @@sql_mode */ ;
/*!50003 SET sql_mode              = '' */ ;
DELIMITER ;;
CREATE DEFINER=``@`` PROCEDURE `BudgetFundSpotlightGet`()
BEGIN
	DECLARE SessionID VARCHAR(100);

	SET SessionID = UUID();

	INSERT INTO tmpBudgetFundSpotlight
	(
		SessionID
		,BudgetCategoryID
		,BudgetCategory
		,Sort
        ,FundID
        ,FundName
        ,StartingBalance
	)
	SELECT 		SessionID							AS SessionID
				,BudgetCategory.BudgetCategoryID	AS BudgetCategoryID
				,BudgetCategory.BudgetCategory		AS BudgetCategory
				,BudgetCategory.Sort				AS Sort
				,Fund.FundID 						AS FundID
				,Fund.FundName 						AS FundName
				,Fund.StartingBalance 				AS StartingBalance
	FROM 		BudgetCategory BudgetCategory
    INNER JOIN	Fund Fund
    ON			Fund.FundID = BudgetCategory.FundID
	WHERE 		BudgetCategory.HasSpotlight = 1
	;
    
	UPDATE		tmpBudgetFundSpotlight
    INNER JOIN	(
					SELECT 		Transaction.BudgetCategoryID	AS BudgetCategoryID
								,SUM(ABS(Transaction.Amount))		AS FundSpent 
					FROM 		Transaction Transaction	
                    INNER JOIN	tmpBudgetFundSpotlight tmpBudgetFundSpotlight
                    ON			tmpBudgetFundSpotlight.BudgetCategoryID = Transaction.BudgetCategoryID
                    WHERE		tmpBudgetFundSpotlight.SessionID = SessionID 
                    AND			Transaction.TransactionTypeID = 4
					GROUP BY	Transaction.BudgetCategoryID
				) RS
	ON			tmpBudgetFundSpotlight.BudgetCategoryID = RS.BudgetCategoryID
	SET			tmpBudgetFundSpotlight.FundSpent = RS.FundSpent
    WHERE 		tmpBudgetFundSpotlight.SessionID = SessionID
    ;
    
	UPDATE		tmpBudgetFundSpotlight
    INNER JOIN	(
					SELECT 		Transaction.BudgetCategoryID	AS BudgetCategoryID
								,SUM(Transaction.Amount)		AS FundReceived 
					FROM 		Transaction Transaction	
                    INNER JOIN	tmpBudgetFundSpotlight tmpBudgetFundSpotlight
                    ON			tmpBudgetFundSpotlight.BudgetCategoryID = Transaction.BudgetCategoryID
                    WHERE		tmpBudgetFundSpotlight.SessionID = SessionID 
                    AND			Transaction.TransactionTypeID = 3
					GROUP BY	Transaction.BudgetCategoryID
				) RS
	ON			tmpBudgetFundSpotlight.BudgetCategoryID = RS.BudgetCategoryID
	SET			tmpBudgetFundSpotlight.FundReceived = RS.FundReceived
    WHERE 		tmpBudgetFundSpotlight.SessionID = SessionID
    ;
    
	UPDATE		tmpBudgetFundSpotlight
	SET			tmpBudgetFundSpotlight.FundReceivedPlusStartingBalance = IFNULL(tmpBudgetFundSpotlight.FundReceived, 0) + IFNULL(tmpBudgetFundSpotlight.StartingBalance, 0)
    WHERE 		tmpBudgetFundSpotlight.SessionID = SessionID
    ;
    
	UPDATE		tmpBudgetFundSpotlight
	SET			tmpBudgetFundSpotlight.FundSpentVsReceived = IFNULL(tmpBudgetFundSpotlight.FundReceivedPlusStartingBalance, 0) - IFNULL(tmpBudgetFundSpotlight.FundSpent, 0)
    WHERE 		tmpBudgetFundSpotlight.SessionID = SessionID
    ;
    
	UPDATE		tmpBudgetFundSpotlight
    INNER JOIN	(
					SELECT 		SUM(tmpBudgetFundSpotlight.FundSpentVsReceived)	AS TotalFundSpentVsReceived 
					FROM 		tmpBudgetFundSpotlight tmpBudgetFundSpotlight	
				) RS
	SET			tmpBudgetFundSpotlight.TotalFundSpentVsReceived = RS.TotalFundSpentVsReceived
    WHERE 		tmpBudgetFundSpotlight.SessionID = SessionID
    ;
    
    SELECT 		tmpBudgetFundSpotlight.KeyID 										AS KeyID
				,tmpBudgetFundSpotlight.SessionID 									AS SessionID
				,tmpBudgetFundSpotlight.BudgetCategoryID 							AS BudgetCategoryID
				,tmpBudgetFundSpotlight.BudgetCategory 								AS BudgetCategory
				,tmpBudgetFundSpotlight.Sort 										AS Sort
				,tmpBudgetFundSpotlight.FundID 										AS FundID
				,tmpBudgetFundSpotlight.FundName 									AS FundName
				,tmpBudgetFundSpotlight.StartingBalance 							AS StartingBalance
				,IFNULL(tmpBudgetFundSpotlight.FundSpent, 0)						AS FundSpent
				,IFNULL(tmpBudgetFundSpotlight.FundReceived, 0)						AS FundReceived
				,IFNULL(tmpBudgetFundSpotlight.FundReceivedPlusStartingBalance, 0)	AS FundReceivedPlusStartingBalance
				,IFNULL(tmpBudgetFundSpotlight.FundSpentVsReceived, 0)				AS FundSpentVsReceived
				,IFNULL(tmpBudgetFundSpotlight.TotalFundSpentVsReceived, 0)			AS TotalFundSpentVsReceived
	FROM 		tmpBudgetFundSpotlight tmpBudgetFundSpotlight
    WHERE		tmpBudgetFundSpotlight.SessionID = SessionID
    ORDER BY	tmpBudgetFundSpotlight.FundName ASC
    ;

	DELETE FROM	tmpBudgetFundSpotlight 
	WHERE		tmpBudgetFundSpotlight.SessionID = SessionID
    ;
END ;;
DELIMITER ;
/*!50003 SET sql_mode              = @saved_sql_mode */ ;
/*!50003 SET character_set_client  = @saved_cs_client */ ;
/*!50003 SET character_set_results = @saved_cs_results */ ;
/*!50003 SET collation_connection  = @saved_col_connection */ ;
/*!50003 DROP PROCEDURE IF EXISTS `BudgetFundUpdate` */;
/*!50003 SET @saved_cs_client      = @@character_set_client */ ;
/*!50003 SET @saved_cs_results     = @@character_set_results */ ;
/*!50003 SET @saved_col_connection = @@collation_connection */ ;
/*!50003 SET character_set_client  = utf8 */ ;
/*!50003 SET character_set_results = utf8 */ ;
/*!50003 SET collation_connection  = utf8_general_ci */ ;
/*!50003 SET @saved_sql_mode       = @@sql_mode */ ;
/*!50003 SET sql_mode              = 'NO_ENGINE_SUBSTITUTION' */ ;
DELIMITER ;;
CREATE DEFINER=``@`` PROCEDURE `BudgetFundUpdate`(IN FundName VARCHAR(100), IN StartingBalance DECIMAL(10, 4), IN FundID INT)
BEGIN
	UPDATE 	Fund
    SET		Fund.FundName = FundName
			,Fund.StartingBalance = StartingBalance
            ,Fund.ModifyDT = NOW()
            ,Fund.ModifyBy = 'User'
    WHERE	Fund.FundID = FundID
    ;
END ;;
DELIMITER ;
/*!50003 SET sql_mode              = @saved_sql_mode */ ;
/*!50003 SET character_set_client  = @saved_cs_client */ ;
/*!50003 SET character_set_results = @saved_cs_results */ ;
/*!50003 SET collation_connection  = @saved_col_connection */ ;
/*!50003 DROP PROCEDURE IF EXISTS `BudgetGet` */;
/*!50003 SET @saved_cs_client      = @@character_set_client */ ;
/*!50003 SET @saved_cs_results     = @@character_set_results */ ;
/*!50003 SET @saved_col_connection = @@collation_connection */ ;
/*!50003 SET character_set_client  = utf8 */ ;
/*!50003 SET character_set_results = utf8 */ ;
/*!50003 SET collation_connection  = utf8_general_ci */ ;
/*!50003 SET @saved_sql_mode       = @@sql_mode */ ;
/*!50003 SET sql_mode              = 'NO_ENGINE_SUBSTITUTION' */ ;
DELIMITER ;;
CREATE DEFINER=``@`` PROCEDURE `BudgetGet`()
BEGIN
	SELECT 		Budget.BudgetID
				,Budget.BudgetNumber
				,Budget.BudgetMonth
				,DATE_FORMAT(Budget.BudgetMonth,'%M %Y') AS BudgetMonthSummary
                ,DATE_FORMAT(Budget.BudgetMonth,'%Y-%m-%d') AS BudgetMonthSummaryUrl
				,Budget.CreateDT
				,Budget.CreateBy
				,Budget.ModifyDT
				,Budget.ModifyBy
				,Budget.ActiveFlg
	FROM 		Budget Budget
    WHERE		TIMESTAMPDIFF(MONTH, Budget.BudgetMonth, NOW()) <= 12
	ORDER BY	Budget.BudgetMonth DESC
	;
END ;;
DELIMITER ;
/*!50003 SET sql_mode              = @saved_sql_mode */ ;
/*!50003 SET character_set_client  = @saved_cs_client */ ;
/*!50003 SET character_set_results = @saved_cs_results */ ;
/*!50003 SET collation_connection  = @saved_col_connection */ ;
/*!50003 DROP PROCEDURE IF EXISTS `BudgetGroupByKeywordGet` */;
/*!50003 SET @saved_cs_client      = @@character_set_client */ ;
/*!50003 SET @saved_cs_results     = @@character_set_results */ ;
/*!50003 SET @saved_col_connection = @@collation_connection */ ;
/*!50003 SET character_set_client  = utf8 */ ;
/*!50003 SET character_set_results = utf8 */ ;
/*!50003 SET collation_connection  = utf8_general_ci */ ;
/*!50003 SET @saved_sql_mode       = @@sql_mode */ ;
/*!50003 SET sql_mode              = 'NO_ENGINE_SUBSTITUTION' */ ;
DELIMITER ;;
CREATE DEFINER=``@`` PROCEDURE `BudgetGroupByKeywordGet`(Keyword VARCHAR(100))
BEGIN
	SELECT		BudgetGroupID
				,BudgetGroup
                ,Sort
                ,CreateBy
                ,CreateDT
                ,ActiveFlg
    FROM		BudgetGroup BudgetGroup
     WHERE		(BudgetGroup.BudgetGroup LIKE CONCAT('%', Keyword, '%') OR Keyword IS NULL)
    ORDER BY	BudgetGroup.BudgetGroup
	;
END ;;
DELIMITER ;
/*!50003 SET sql_mode              = @saved_sql_mode */ ;
/*!50003 SET character_set_client  = @saved_cs_client */ ;
/*!50003 SET character_set_results = @saved_cs_results */ ;
/*!50003 SET collation_connection  = @saved_col_connection */ ;
/*!50003 DROP PROCEDURE IF EXISTS `BudgetGroupGet` */;
/*!50003 SET @saved_cs_client      = @@character_set_client */ ;
/*!50003 SET @saved_cs_results     = @@character_set_results */ ;
/*!50003 SET @saved_col_connection = @@collation_connection */ ;
/*!50003 SET character_set_client  = utf8 */ ;
/*!50003 SET character_set_results = utf8 */ ;
/*!50003 SET collation_connection  = utf8_general_ci */ ;
/*!50003 SET @saved_sql_mode       = @@sql_mode */ ;
/*!50003 SET sql_mode              = 'NO_ENGINE_SUBSTITUTION' */ ;
DELIMITER ;;
CREATE DEFINER=``@`` PROCEDURE `BudgetGroupGet`()
BEGIN
	SELECT		BudgetGroupID
				,BudgetGroup
                ,Sort
                ,CreateBy
                ,CreateDT
                ,ActiveFlg
    FROM		BudgetGroup BudgetGroup
    ORDER BY	BudgetGroup.BudgetGroup
	;
END ;;
DELIMITER ;
/*!50003 SET sql_mode              = @saved_sql_mode */ ;
/*!50003 SET character_set_client  = @saved_cs_client */ ;
/*!50003 SET character_set_results = @saved_cs_results */ ;
/*!50003 SET collation_connection  = @saved_col_connection */ ;
/*!50003 DROP PROCEDURE IF EXISTS `BudgetGroupInsert` */;
/*!50003 SET @saved_cs_client      = @@character_set_client */ ;
/*!50003 SET @saved_cs_results     = @@character_set_results */ ;
/*!50003 SET @saved_col_connection = @@collation_connection */ ;
/*!50003 SET character_set_client  = utf8 */ ;
/*!50003 SET character_set_results = utf8 */ ;
/*!50003 SET collation_connection  = utf8_general_ci */ ;
/*!50003 SET @saved_sql_mode       = @@sql_mode */ ;
/*!50003 SET sql_mode              = 'NO_ENGINE_SUBSTITUTION' */ ;
DELIMITER ;;
CREATE DEFINER=``@`` PROCEDURE `BudgetGroupInsert`(IN BudgetGroup VARCHAR(100), OUT BudgetGroupID INT)
BEGIN
	INSERT INTO BudgetGroup
	(
		BudgetGroup
		,CreateDT
		,CreateBy
	)
	SELECT	BudgetGroup
			,NOW()
			,'User'
	;


	SET BudgetGroupID = LAST_INSERT_ID();
END ;;
DELIMITER ;
/*!50003 SET sql_mode              = @saved_sql_mode */ ;
/*!50003 SET character_set_client  = @saved_cs_client */ ;
/*!50003 SET character_set_results = @saved_cs_results */ ;
/*!50003 SET collation_connection  = @saved_col_connection */ ;
/*!50003 DROP PROCEDURE IF EXISTS `BudgetGroupUpdate` */;
/*!50003 SET @saved_cs_client      = @@character_set_client */ ;
/*!50003 SET @saved_cs_results     = @@character_set_results */ ;
/*!50003 SET @saved_col_connection = @@collation_connection */ ;
/*!50003 SET character_set_client  = utf8 */ ;
/*!50003 SET character_set_results = utf8 */ ;
/*!50003 SET collation_connection  = utf8_general_ci */ ;
/*!50003 SET @saved_sql_mode       = @@sql_mode */ ;
/*!50003 SET sql_mode              = 'NO_ENGINE_SUBSTITUTION' */ ;
DELIMITER ;;
CREATE DEFINER=``@`` PROCEDURE `BudgetGroupUpdate`(BudgetGroupID INT, BudgetGroup VARCHAR(100))
BEGIN
	UPDATE	BudgetGroup
    SET		BudgetGroup.BudgetGroup 	= BudgetGroup
			,BudgetGroup.ModifyDT		= NOW()
            ,BudgetGroup.ModifyBy		= 'User'
	WHERE	BudgetGroup.BudgetGroupID = BudgetGroupID
    ;
END ;;
DELIMITER ;
/*!50003 SET sql_mode              = @saved_sql_mode */ ;
/*!50003 SET character_set_client  = @saved_cs_client */ ;
/*!50003 SET character_set_results = @saved_cs_results */ ;
/*!50003 SET collation_connection  = @saved_col_connection */ ;
/*!50003 DROP PROCEDURE IF EXISTS `BudgetIncomeByMonthGet` */;
/*!50003 SET @saved_cs_client      = @@character_set_client */ ;
/*!50003 SET @saved_cs_results     = @@character_set_results */ ;
/*!50003 SET @saved_col_connection = @@collation_connection */ ;
/*!50003 SET character_set_client  = utf8 */ ;
/*!50003 SET character_set_results = utf8 */ ;
/*!50003 SET collation_connection  = utf8_general_ci */ ;
/*!50003 SET @saved_sql_mode       = @@sql_mode */ ;
/*!50003 SET sql_mode              = 'NO_ENGINE_SUBSTITUTION' */ ;
DELIMITER ;;
CREATE DEFINER=``@`` PROCEDURE `BudgetIncomeByMonthGet`(BudgetMonth DATETIME)
BEGIN
    DECLARE BudgetNumber	INT(10);

	SET BudgetNumber = EXTRACT(YEAR_MONTH FROM BudgetMonth);
       

    DROP TEMPORARY TABLE IF EXISTS tmpBudgetIncome;

	CREATE TEMPORARY TABLE tmpBudgetIncome
	(
		KeyID                   INT(10) NOT NULL AUTO_INCREMENT
        ,BudgetIncomeID			INT(10)
        ,IncomeName				VARCHAR(100)
		,IncomeTypeID			INT(10)
		,IncomeType				VARCHAR(100)
        ,PayCycleID				INT(10)
        ,PayCycle				VARCHAR(100)
        ,TakeHomePay			DECIMAL(10, 0)
        ,HourlyRate				DECIMAL(10, 2)
        ,PlannedHours			INT(10)
		,Salary					DECIMAL(10, 0)
		,YearDeduct				DECIMAL(10, 2)
		,BudgetID               INT(10)
        ,BudgetItemID			INT(10)
		,BudgetNumber           INT(10)
		,BudgetMonth            DATETIME
		,BudgetGroupID          INT(10)
		,BudgetGroup            VARCHAR(100)
		,BudgetCategoryID       INT(10)
		,BudgetCategory         VARCHAR(100)
		,BudgetTypeID           INT(10)
		,BudgetType             VARCHAR(100)
		,ColorHighlight         VARCHAR(1000)
		,IncomeMonthly     		DECIMAL(10, 0)
		,IncomeBiWeekly    		DECIMAL(10, 0)
		,IncomeWeekly      		DECIMAL(10, 0)
		,IncomeBiYearly    		DECIMAL(10, 0)
		,IncomeYearly      		DECIMAL(10, 0)
		,TotalIncomeMonthly     DECIMAL(10, 0)
		,TotalIncomeBiWeekly    DECIMAL(10, 0)
		,TotalIncomeWeekly      DECIMAL(10, 0)
		,TotalIncomeBiYearly    DECIMAL(10, 0)
		,TotalIncomeYearly      DECIMAL(10, 0)
        ,TotalIncomeYearlyGross	DECIMAL(10, 0)
		,PRIMARY KEY (`KeyID`)
	);
    
    INSERT INTO tmpBudgetIncome
	(
		BudgetIncomeID
        ,IncomeName
		,IncomeTypeID
		,IncomeType
        ,PayCycleID
        ,PayCycle
        ,TakeHomePay
        ,HourlyRate
        ,PlannedHours
		,Salary
		,YearDeduct
		,BudgetID
		,BudgetNumber
		,BudgetMonth
	)
	SELECT		BudgetIncome.BudgetIncomeID
				,BudgetIncome.IncomeName
				,BudgetIncome.IncomeTypeID
				,BudgetIncome.IncomeType
				,BudgetIncome.PayCycleID
				,BudgetIncome.PayCycle
                ,BudgetIncome.TakeHomePay
                ,BudgetIncome.HourlyRate
                ,BudgetIncome.PlannedHours
				,BudgetIncome.Salary
				,BudgetIncome.YearDeduct
				,Budget.BudgetID
				,Budget.BudgetNumber
				,Budget.BudgetMonth
    FROM		Budget Budget
    INNER JOIN	BudgetIncome BudgetIncome
    ON			BudgetIncome.BudgetNumber = Budget.BudgetNumber
    WHERE		Budget.BudgetNumber = BudgetNumber
	;
    
    
	UPDATE      tmpBudgetIncome
	INNER JOIN  (
					SELECT  	Budget.BudgetNumber
								,BudgetItem.BudgetItemID
								,BudgetGroup.BudgetGroupID
								,BudgetGroup.BudgetGroup
								,BudgetCategory.BudgetCategoryID
								,BudgetCategory.BudgetCategory
								,BudgetType.BudgetTypeID
								,BudgetType.BudgetType
								,BudgetCategory.ColorHighlight   
								,BudgetItem.Amount AS TotalIncomeMonthly
					FROM        Budget Budget
					INNER JOIN  BudgetItem BudgetItem
					ON          Budget.BudgetNumber = BudgetItem.BudgetNumber
					INNER JOIN  BudgetType BudgetType
					ON          BudgetType.BudgetTypeID = BudgetItem.BudgetTypeID
					INNER JOIN  BudgetCategory BudgetCategory
					ON          BudgetCategory.BudgetCategoryID = BudgetItem.BudgetCategoryID
					INNER JOIN  BudgetGroup BudgetGroup
					ON          BudgetGroup.BudgetGroupID = BudgetCategory.BudgetGroupID
					WHERE       Budget.BudgetNumber = BudgetNumber
					AND			BudgetCategory.BudgetCategoryID = 29
				) RS
	ON          tmpBudgetIncome.BudgetNumber = RS.BudgetNumber
	SET         tmpBudgetIncome.BudgetItemID = RS.BudgetItemID
				,tmpBudgetIncome.BudgetGroupID = RS.BudgetGroupID
                ,tmpBudgetIncome.BudgetGroup = RS.BudgetGroup
                ,tmpBudgetIncome.BudgetCategoryID = RS.BudgetCategoryID
                ,tmpBudgetIncome.BudgetCategory = RS.BudgetCategory
                ,tmpBudgetIncome.BudgetTypeID = RS.BudgetTypeID
                ,tmpBudgetIncome.BudgetType = RS.BudgetType
                ,tmpBudgetIncome.ColorHighlight = RS.ColorHighlight
                ,tmpBudgetIncome.TotalIncomeMonthly = RS.TotalIncomeMonthly
    ;
    
	
	UPDATE      tmpBudgetIncome
	SET         TotalIncomeYearly = TotalIncomeMonthly * 12;


	UPDATE      tmpBudgetIncome
	SET         TotalIncomeBiWeekly = TotalIncomeYearly / 26
				,TotalIncomeWeekly = TotalIncomeYearly / 52
				,TotalIncomeBiYearly = TotalIncomeYearly / 2;
       
       
	UPDATE		tmpBudgetIncome
    INNER JOIN	(
					SELECT 	BudgetIncomeID				AS BudgetIncomeID
							,(TakeHomePay * 26) / 12 	AS IncomeMonthly
							,TakeHomePay 				AS IncomeBiWeekly
							,(TakeHomePay * 26) / 52 	AS IncomeWeekly
							,(TakeHomePay * 26) / 2 	AS IncomeBiYearly
							,(TakeHomePay * 26) 		AS IncomeYearly
					FROM	BudgetIncome
					WHERE 	BudgetIncome.BudgetNumber = BudgetNumber
				) RS
	ON			tmpBudgetIncome.BudgetIncomeID = RS.BudgetIncomeID
    SET			tmpBudgetIncome.IncomeMonthly = RS.IncomeMonthly
				,tmpBudgetIncome.IncomeBiWeekly = RS.IncomeBiWeekly
                ,tmpBudgetIncome.IncomeWeekly = RS.IncomeWeekly
                ,tmpBudgetIncome.IncomeBiYearly = RS.IncomeBiYearly
                ,tmpBudgetIncome.IncomeYearly = RS.IncomeYearly;
                
	UPDATE		tmpBudgetIncome
    SET			TotalIncomeYearlyGross = (SELECT SUM(BudgetIncome.Salary) FROM BudgetIncome BudgetIncome WHERE BudgetIncome.BudgetNumber = BudgetNumber);
                

	SELECT 		tmpBudgetIncome.KeyID                  
				,tmpBudgetIncome.BudgetIncomeID
                ,tmpBudgetIncome.IncomeName
				,tmpBudgetIncome.IncomeTypeID			
				,tmpBudgetIncome.IncomeType				
				,tmpBudgetIncome.PayCycleID				
				,tmpBudgetIncome.PayCycle				
				,tmpBudgetIncome.TakeHomePay			
				,tmpBudgetIncome.HourlyRate				
				,tmpBudgetIncome.PlannedHours			
				,tmpBudgetIncome.Salary					
				,tmpBudgetIncome.YearDeduct				
				,tmpBudgetIncome.BudgetID              
				,tmpBudgetIncome.BudgetItemID			
				,tmpBudgetIncome.BudgetNumber          
				,tmpBudgetIncome.BudgetMonth           
				,tmpBudgetIncome.BudgetGroupID
				,tmpBudgetIncome.BudgetGroup
				,tmpBudgetIncome.BudgetCategoryID
				,tmpBudgetIncome.BudgetCategory
				,tmpBudgetIncome.BudgetTypeID
				,tmpBudgetIncome.BudgetType
				,tmpBudgetIncome.ColorHighlight
				,tmpBudgetIncome.IncomeMonthly
				,tmpBudgetIncome.IncomeBiWeekly
				,tmpBudgetIncome.IncomeWeekly
				,tmpBudgetIncome.IncomeBiYearly
				,tmpBudgetIncome.IncomeYearly	
				,tmpBudgetIncome.TotalIncomeMonthly
				,tmpBudgetIncome.TotalIncomeBiWeekly
				,tmpBudgetIncome.TotalIncomeWeekly
				,tmpBudgetIncome.TotalIncomeBiYearly
				,tmpBudgetIncome.TotalIncomeYearly
                ,tmpBudgetIncome.TotalIncomeYearlyGross
	FROM 		tmpBudgetIncome tmpBudgetIncome				
	ORDER BY 	tmpBudgetIncome.IncomeMonthly
	;
END ;;
DELIMITER ;
/*!50003 SET sql_mode              = @saved_sql_mode */ ;
/*!50003 SET character_set_client  = @saved_cs_client */ ;
/*!50003 SET character_set_results = @saved_cs_results */ ;
/*!50003 SET collation_connection  = @saved_col_connection */ ;
/*!50003 DROP PROCEDURE IF EXISTS `BudgetIncomeCalculate` */;
/*!50003 SET @saved_cs_client      = @@character_set_client */ ;
/*!50003 SET @saved_cs_results     = @@character_set_results */ ;
/*!50003 SET @saved_col_connection = @@collation_connection */ ;
/*!50003 SET character_set_client  = utf8 */ ;
/*!50003 SET character_set_results = utf8 */ ;
/*!50003 SET collation_connection  = utf8_general_ci */ ;
/*!50003 SET @saved_sql_mode       = @@sql_mode */ ;
/*!50003 SET sql_mode              = 'NO_ENGINE_SUBSTITUTION' */ ;
DELIMITER ;;
CREATE DEFINER=``@`` PROCEDURE `BudgetIncomeCalculate`(BudgetNumber INT)
BEGIN
	UPDATE	BudgetItem
	SET		Amount = 	(
							SELECT	(SUM(TakeHomePay) * 26) / 12 AS Amount
							FROM	BudgetIncome BudgetIncome
							WHERE	BudgetIncome.BudgetNumber = BudgetNumber
						)
	WHERE	BudgetItem.BudgetCategoryID = 29
	AND		BudgetItem.BudgetNumber = BudgetNumber
    ;
END ;;
DELIMITER ;
/*!50003 SET sql_mode              = @saved_sql_mode */ ;
/*!50003 SET character_set_client  = @saved_cs_client */ ;
/*!50003 SET character_set_results = @saved_cs_results */ ;
/*!50003 SET collation_connection  = @saved_col_connection */ ;
/*!50003 DROP PROCEDURE IF EXISTS `BudgetIncomeDelete` */;
/*!50003 SET @saved_cs_client      = @@character_set_client */ ;
/*!50003 SET @saved_cs_results     = @@character_set_results */ ;
/*!50003 SET @saved_col_connection = @@collation_connection */ ;
/*!50003 SET character_set_client  = utf8 */ ;
/*!50003 SET character_set_results = utf8 */ ;
/*!50003 SET collation_connection  = utf8_general_ci */ ;
/*!50003 SET @saved_sql_mode       = @@sql_mode */ ;
/*!50003 SET sql_mode              = 'NO_ENGINE_SUBSTITUTION' */ ;
DELIMITER ;;
CREATE DEFINER=``@`` PROCEDURE `BudgetIncomeDelete`(BudgetIncomeID INT)
BEGIN
	DECLARE BudgetNumber INT(10);
    
    SET BudgetNumber = (SELECT BudgetIncome.BudgetNumber FROM BudgetIncome BudgetIncome WHERE BudgetIncome.BudgetIncomeID = BudgetIncomeID);
	
    
	DELETE FROM	BudgetIncome
    WHERE		BudgetIncome.BudgetIncomeID = BudgetIncomeID;
    
        
    
    CALL BudgetIncomeCalculate(BudgetNumber);
END ;;
DELIMITER ;
/*!50003 SET sql_mode              = @saved_sql_mode */ ;
/*!50003 SET character_set_client  = @saved_cs_client */ ;
/*!50003 SET character_set_results = @saved_cs_results */ ;
/*!50003 SET collation_connection  = @saved_col_connection */ ;
/*!50003 DROP PROCEDURE IF EXISTS `BudgetIncomeDetailGet` */;
/*!50003 SET @saved_cs_client      = @@character_set_client */ ;
/*!50003 SET @saved_cs_results     = @@character_set_results */ ;
/*!50003 SET @saved_col_connection = @@collation_connection */ ;
/*!50003 SET character_set_client  = utf8 */ ;
/*!50003 SET character_set_results = utf8 */ ;
/*!50003 SET collation_connection  = utf8_general_ci */ ;
/*!50003 SET @saved_sql_mode       = @@sql_mode */ ;
/*!50003 SET sql_mode              = 'NO_ENGINE_SUBSTITUTION' */ ;
DELIMITER ;;
CREATE DEFINER=``@`` PROCEDURE `BudgetIncomeDetailGet`(BudgetIncomeID INT)
BEGIN
	SELECT	BudgetIncome.BudgetIncomeID
			,BudgetIncome.BudgetNumber
            ,BudgetIncome.IncomeName
			,BudgetIncome.IncomeTypeID
			,BudgetIncome.IncomeType
			,BudgetIncome.PayCycleID
			,BudgetIncome.PayCycle
            ,CASE BudgetIncome.PayCycleID 
				WHEN 1 THEN 'Every 2 Weeks' 
                WHEN 2 THEN 'Every Week' 
			END AS PayCycleDescription
			,CAST(BudgetIncome.TakeHomePay AS DECIMAL(10, 0)) AS TakeHomePay
			,CAST(BudgetIncome.HourlyRate AS DECIMAL(10, 2)) AS HourlyRate
			,BudgetIncome.PlannedHours
			,CAST(BudgetIncome.Salary AS DECIMAL(10, 0)) AS Salary
			,CAST(BudgetIncome.YearDeduct AS DECIMAL(10, 2)) AS YearDeduct
			,BudgetIncome.Sort
			,BudgetIncome.CreateDT
			,BudgetIncome.CreateBy
			,BudgetIncome.ModifyDT
			,BudgetIncome.ModifyBy
			,BudgetIncome.ActiveFlg
	FROM 	BudgetIncome BudgetIncome
    WHERE	BudgetIncome.BudgetIncomeID = BudgetIncomeID
    ;
END ;;
DELIMITER ;
/*!50003 SET sql_mode              = @saved_sql_mode */ ;
/*!50003 SET character_set_client  = @saved_cs_client */ ;
/*!50003 SET character_set_results = @saved_cs_results */ ;
/*!50003 SET collation_connection  = @saved_col_connection */ ;
/*!50003 DROP PROCEDURE IF EXISTS `BudgetIncomeInsert` */;
/*!50003 SET @saved_cs_client      = @@character_set_client */ ;
/*!50003 SET @saved_cs_results     = @@character_set_results */ ;
/*!50003 SET @saved_col_connection = @@collation_connection */ ;
/*!50003 SET character_set_client  = utf8 */ ;
/*!50003 SET character_set_results = utf8 */ ;
/*!50003 SET collation_connection  = utf8_general_ci */ ;
/*!50003 SET @saved_sql_mode       = @@sql_mode */ ;
/*!50003 SET sql_mode              = 'NO_ENGINE_SUBSTITUTION' */ ;
DELIMITER ;;
CREATE DEFINER=``@`` PROCEDURE `BudgetIncomeInsert`(BudgetNumber INT, IncomeName VARCHAR(100), IncomeTypeID INT, IncomeType VARCHAR(100), PayCycleID INT, PayCycle VARCHAR(100), TakeHomePay DECIMAL(10, 4), HourlyRate DECIMAL(10, 4), PlannedHours INT, Salary DECIMAL(10, 4), YearDeduct DECIMAL(10, 4))
BEGIN
	INSERT INTO BudgetIncome
	(
		BudgetNumber
        ,IncomeName
		,IncomeTypeID
		,IncomeType
		,PayCycleID
		,PayCycle
		,TakeHomePay
		,HourlyRate
		,PlannedHours
		,Salary
		,YearDeduct
		,CreateDT
		,CreateBy
	)
	SELECT	BudgetNumber
			,IncomeName
			,IncomeTypeID
			,IncomeType
			,PayCycleID
			,PayCycle
			,TakeHomePay
			,HourlyRate
			,PlannedHours
			,Salary
			,YearDeduct
			,NOW()
			,'User'
	;
    
    
    CALL BudgetIncomeCalculate(BudgetNumber);
END ;;
DELIMITER ;
/*!50003 SET sql_mode              = @saved_sql_mode */ ;
/*!50003 SET character_set_client  = @saved_cs_client */ ;
/*!50003 SET character_set_results = @saved_cs_results */ ;
/*!50003 SET collation_connection  = @saved_col_connection */ ;
/*!50003 DROP PROCEDURE IF EXISTS `BudgetIncomeUpdate` */;
/*!50003 SET @saved_cs_client      = @@character_set_client */ ;
/*!50003 SET @saved_cs_results     = @@character_set_results */ ;
/*!50003 SET @saved_col_connection = @@collation_connection */ ;
/*!50003 SET character_set_client  = utf8 */ ;
/*!50003 SET character_set_results = utf8 */ ;
/*!50003 SET collation_connection  = utf8_general_ci */ ;
/*!50003 SET @saved_sql_mode       = @@sql_mode */ ;
/*!50003 SET sql_mode              = 'NO_ENGINE_SUBSTITUTION' */ ;
DELIMITER ;;
CREATE DEFINER=``@`` PROCEDURE `BudgetIncomeUpdate`(BudgetIncomeID INT, BudgetNumber INT, IncomeName VARCHAR(100), IncomeTypeID INT, IncomeType VARCHAR(100), PayCycleID INT, PayCycle VARCHAR(100), TakeHomePay DECIMAL(10, 4), HourlyRate DECIMAL(10, 4), PlannedHours INT, Salary DECIMAL(10, 4), YearDeduct DECIMAL(10, 4))
BEGIN
	UPDATE 	BudgetIncome
	SET		BudgetIncome.BudgetNumber 	= BudgetNumber
			,BudgetIncome.IncomeName 	= IncomeName
			,BudgetIncome.IncomeTypeID 	= IncomeTypeID
			,BudgetIncome.IncomeType 	= IncomeType
			,BudgetIncome.PayCycleID 	= PayCycleID
			,BudgetIncome.PayCycle 		= PayCycle
			,BudgetIncome.TakeHomePay 	= TakeHomePay
			,BudgetIncome.HourlyRate 	= HourlyRate
			,BudgetIncome.PlannedHours 	= PlannedHours
			,BudgetIncome.Salary 		= Salary
			,BudgetIncome.YearDeduct 	= YearDeduct
			,BudgetIncome.ModifyDT 		= NOW()
			,BudgetIncome.ModifyBy 		= 'User'
	WHERE	BudgetIncome.BudgetIncomeID = BudgetIncomeID
    ;
    
    
    CALL BudgetIncomeCalculate(BudgetNumber);
END ;;
DELIMITER ;
/*!50003 SET sql_mode              = @saved_sql_mode */ ;
/*!50003 SET character_set_client  = @saved_cs_client */ ;
/*!50003 SET character_set_results = @saved_cs_results */ ;
/*!50003 SET collation_connection  = @saved_col_connection */ ;
/*!50003 DROP PROCEDURE IF EXISTS `BudgetInsert` */;
/*!50003 SET @saved_cs_client      = @@character_set_client */ ;
/*!50003 SET @saved_cs_results     = @@character_set_results */ ;
/*!50003 SET @saved_col_connection = @@collation_connection */ ;
/*!50003 SET character_set_client  = utf8 */ ;
/*!50003 SET character_set_results = utf8 */ ;
/*!50003 SET collation_connection  = utf8_general_ci */ ;
/*!50003 SET @saved_sql_mode       = @@sql_mode */ ;
/*!50003 SET sql_mode              = '' */ ;
DELIMITER ;;
CREATE DEFINER=``@`` PROCEDURE `BudgetInsert`(BudgetMonth DATETIME)
BEGIN
	DECLARE BudgetIDPrevious INT;
    DECLARE BudgetIDNew INT;
    DECLARE BudgetNumber VARCHAR(100);
    
    SET BudgetIDPrevious = (SELECT Budget.BudgetID FROM Budget Budget WHERE TIMESTAMPDIFF(MONTH, Budget.BudgetMonth, DATE_ADD(BudgetMonth, INTERVAL -1 MONTH)) = 0);
    SET BudgetNumber =  EXTRACT(YEAR_MONTH FROM BudgetMonth);
    
    
    INSERT INTO Budget
    (
		BudgetNumber
        ,BudgetMonth
        ,CreateDT
        ,CreateBy
    )
    SELECT	BudgetNumber
			,BudgetMonth
            ,NOW()
            ,'User'
	FROM DUAL
	WHERE NOT EXISTS (SELECT Budget.BudgetMonth FROM Budget Budget WHERE TIMESTAMPDIFF(MONTH, Budget.BudgetMonth, BudgetMonth) = 0)
    ;

    SET BudgetIDNew = LAST_INSERT_ID();
    
    
	INSERT INTO BudgetItem
    (
		BudgetID
        ,BudgetCategoryID
        ,BudgetTypeID
        ,Amount
        ,Sort
        ,CreateDT
        ,CreateBy
    )
    SELECT	BudgetIDNew
            ,BudgetItem.BudgetCategoryID
            ,BudgetItem.BudgetTypeID
            ,BudgetItem.Amount
            ,BudgetItem.Sort
            ,NOW()
            ,'User'
    FROM 	BudgetItem BudgetItem
    WHERE	BudgetItem.BudgetID = BudgetIDPrevious 
    AND 	BudgetIDPrevious IS NOT NULL
    AND		BudgetIDNew <> 0;
    
    
END ;;
DELIMITER ;
/*!50003 SET sql_mode              = @saved_sql_mode */ ;
/*!50003 SET character_set_client  = @saved_cs_client */ ;
/*!50003 SET character_set_results = @saved_cs_results */ ;
/*!50003 SET collation_connection  = @saved_col_connection */ ;
/*!50003 DROP PROCEDURE IF EXISTS `BudgetItemDelete` */;
/*!50003 SET @saved_cs_client      = @@character_set_client */ ;
/*!50003 SET @saved_cs_results     = @@character_set_results */ ;
/*!50003 SET @saved_col_connection = @@collation_connection */ ;
/*!50003 SET character_set_client  = utf8 */ ;
/*!50003 SET character_set_results = utf8 */ ;
/*!50003 SET collation_connection  = utf8_general_ci */ ;
/*!50003 SET @saved_sql_mode       = @@sql_mode */ ;
/*!50003 SET sql_mode              = 'NO_ENGINE_SUBSTITUTION' */ ;
DELIMITER ;;
CREATE DEFINER=``@`` PROCEDURE `BudgetItemDelete`(BudgetItemID INT)
BEGIN
	DELETE FROM	BudgetItem
    WHERE		BudgetItem.BudgetItemID = BudgetItemID
    ;
END ;;
DELIMITER ;
/*!50003 SET sql_mode              = @saved_sql_mode */ ;
/*!50003 SET character_set_client  = @saved_cs_client */ ;
/*!50003 SET character_set_results = @saved_cs_results */ ;
/*!50003 SET collation_connection  = @saved_col_connection */ ;
/*!50003 DROP PROCEDURE IF EXISTS `BudgetItemInsert` */;
/*!50003 SET @saved_cs_client      = @@character_set_client */ ;
/*!50003 SET @saved_cs_results     = @@character_set_results */ ;
/*!50003 SET @saved_col_connection = @@collation_connection */ ;
/*!50003 SET character_set_client  = utf8 */ ;
/*!50003 SET character_set_results = utf8 */ ;
/*!50003 SET collation_connection  = utf8_general_ci */ ;
/*!50003 SET @saved_sql_mode       = @@sql_mode */ ;
/*!50003 SET sql_mode              = 'NO_ENGINE_SUBSTITUTION' */ ;
DELIMITER ;;
CREATE DEFINER=``@`` PROCEDURE `BudgetItemInsert`(BudgetNumber INT, BudgetCategoryID INT, BudgetTypeID INT, Amount DECIMAL(10, 4))
BEGIN
	INSERT INTO BudgetItem
    (
		BudgetNumber
        ,BudgetCategoryID
        ,BudgetTypeID
        ,Amount
        ,CreateDT
        ,CreateBy
    )
    SELECT	BudgetNumber
			,BudgetCategoryID
            ,BudgetTypeID
            ,Amount
            ,NOW()
            ,'User'
	;
END ;;
DELIMITER ;
/*!50003 SET sql_mode              = @saved_sql_mode */ ;
/*!50003 SET character_set_client  = @saved_cs_client */ ;
/*!50003 SET character_set_results = @saved_cs_results */ ;
/*!50003 SET collation_connection  = @saved_col_connection */ ;
/*!50003 DROP PROCEDURE IF EXISTS `BudgetItemUpdate` */;
/*!50003 SET @saved_cs_client      = @@character_set_client */ ;
/*!50003 SET @saved_cs_results     = @@character_set_results */ ;
/*!50003 SET @saved_col_connection = @@collation_connection */ ;
/*!50003 SET character_set_client  = utf8 */ ;
/*!50003 SET character_set_results = utf8 */ ;
/*!50003 SET collation_connection  = utf8_general_ci */ ;
/*!50003 SET @saved_sql_mode       = @@sql_mode */ ;
/*!50003 SET sql_mode              = 'NO_ENGINE_SUBSTITUTION' */ ;
DELIMITER ;;
CREATE DEFINER=``@`` PROCEDURE `BudgetItemUpdate`(BudgetItemID INT, BudgetNumber INT, BudgetCategoryID INT, BudgetTypeID INT, Amount DECIMAL(10, 4))
BEGIN
	UPDATE	BudgetItem
	SET		BudgetItem.BudgetNumber			= BudgetNumber
			,BudgetItem.BudgetCategoryID	= BudgetCategoryID
			,BudgetItem.BudgetTypeID 		= BudgetTypeID
	       	,BudgetItem.Amount 				= Amount
	       	,BudgetItem.ModifyDT			= NOW()
			,BudgetItem.ModifyBy			= 'User'
	WHERE	BudgetItem.BudgetItemID = BudgetItemID
    ;
END ;;
DELIMITER ;
/*!50003 SET sql_mode              = @saved_sql_mode */ ;
/*!50003 SET character_set_client  = @saved_cs_client */ ;
/*!50003 SET character_set_results = @saved_cs_results */ ;
/*!50003 SET collation_connection  = @saved_col_connection */ ;
/*!50003 DROP PROCEDURE IF EXISTS `BudgetSummaryGet` */;
/*!50003 SET @saved_cs_client      = @@character_set_client */ ;
/*!50003 SET @saved_cs_results     = @@character_set_results */ ;
/*!50003 SET @saved_col_connection = @@collation_connection */ ;
/*!50003 SET character_set_client  = utf8 */ ;
/*!50003 SET character_set_results = utf8 */ ;
/*!50003 SET collation_connection  = utf8_general_ci */ ;
/*!50003 SET @saved_sql_mode       = @@sql_mode */ ;
/*!50003 SET sql_mode              = '' */ ;
DELIMITER ;;
CREATE DEFINER=``@`` PROCEDURE `BudgetSummaryGet`(BudgetMonth DATETIME)
BEGIN

    DECLARE SessionID VARCHAR(100);
    DECLARE StartDT DATETIME;
    DECLARE EndDT DATETIME;
    DECLARE BudgetNumber INT(10);
    
    SET SessionID = UUID();
	SET StartDT = CAST(DATE_FORMAT(BudgetMonth ,'%Y-%m-01') AS DATE);
	SET EndDT = LAST_DAY(BudgetMonth);
    SET BudgetNumber = EXTRACT(YEAR_MONTH FROM BudgetMonth);    

	INSERT INTO tmpBudgetSummary
	(
		SessionID
		,TransactionID
		,TransactionDT
		,TransactionTypeID
		,TransactionType
		,TransactionNumber
		,Description
		,Amount
		,Note
		,BudgetNumber
		,BudgetGroupID
		,BudgetGroup
		,BudgetCategoryID
		,BudgetCategory
		,Sort
	)
    SELECT		SessionID							AS SessionID
				,Transaction.TransactionID			AS TransactionID
				,Transaction.TransactionDT			AS TransactionDT
				,TransactionType.TransactionTypeID	AS TransactionTypeID
				,TransactionType.TransactionType	AS TransactionType
				,Transaction.TransactionNumber		AS TransactionNumber
				,Transaction.Description			AS Description
				,Transaction.Amount					AS Amount
				,Transaction.Note					AS Note
                ,Transaction.BudgetNumber			AS BudgetNumber
				,BudgetGroup.BudgetGroupID			AS BudgetGroupID
				,BudgetGroup.BudgetGroup			AS BudgetGroup
				,BudgetCategory.BudgetCategoryID	AS BudgetCategoryID
				,BudgetCategory.BudgetCategory		AS BudgetCategory
				,BudgetCategory.Sort				AS Sort
	FROM		Transaction Transaction
    INNER JOIN	TransactionType TransactionType
    ON			TransactionType.TransactionTypeID = Transaction.TransactionTypeID
	INNER JOIN	BudgetCategory BudgetCategory
    ON			BudgetCategory.BudgetCategoryID = Transaction.BudgetCategoryID
    INNER JOIN	BudgetGroup BudgetGroup
    ON			BudgetGroup.BudgetGroupID = BudgetCategory.BudgetGroupID
    WHERE		Transaction.TransactionDT BETWEEN StartDT AND EndDT
    AND			Transaction.TransactionTypeID IN (1, 2)
	;
   
    INSERT INTO tmpBudgetSummary
	(
		SessionID
		,BudgetNumber
        ,CategoryActual
		,BudgetGroupID
		,BudgetGroup
		,BudgetCategoryID
		,BudgetCategory
		,Sort
	)
	SELECT		SessionID							AS SessionID
				,BudgetItem.BudgetNumber			AS BudgetNumber
                ,0									AS CategoryActual
				,BudgetGroup.BudgetGroupID			AS BudgetGroupID
				,BudgetGroup.BudgetGroup			AS BudgetGroup
				,BudgetCategory.BudgetCategoryID	AS BudgetCategoryID
				,BudgetCategory.BudgetCategory		AS BudgetCategory
				,BudgetCategory.Sort				AS Sort
    FROM 		BudgetItem BudgetItem
	INNER JOIN	BudgetCategory BudgetCategory
    ON			BudgetCategory.BudgetCategoryID = BudgetItem.BudgetCategoryID
    INNER JOIN	BudgetGroup BudgetGroup
    ON			BudgetGroup.BudgetGroupID = BudgetCategory.BudgetGroupID
    WHERE		BudgetItem.BudgetNumber = BudgetNumber
    AND			BudgetItem.Amount > 0
    AND			BudgetItem.BudgetCategoryID NOT IN 	(
														SELECT 	tmpBudgetSummary.BudgetCategoryID 
                                                        FROM 	tmpBudgetSummary tmpBudgetSummary
													)
	;
	    
	UPDATE		tmpBudgetSummary
    INNER JOIN	(
					SELECT 		BudgetItem.BudgetTypeID			AS BudgetTypeID	
								,BudgetItem.BudgetCategoryID	AS BudgetCategoryID
								,BudgetItem.Amount				AS CategoryBudget 
					FROM 		BudgetItem BudgetItem
                    INNER JOIN	tmpBudgetSummary tmpBudgetSummary	
                    ON			tmpBudgetSummary.BudgetCategoryID = BudgetItem.BudgetCategoryID
					AND			tmpBudgetSummary.BudgetNumber = BudgetItem.BudgetNumber
                    WHERE		tmpBudgetSummary.SessionID = SessionID
					GROUP BY	BudgetItem.BudgetCategoryID
				) RS
	ON			tmpBudgetSummary.BudgetCategoryID = RS.BudgetCategoryID
	SET			tmpBudgetSummary.CategoryBudget = RS.CategoryBudget
				,tmpBudgetSummary.BudgetTypeID = RS.BudgetTypeID
	WHERE 		tmpBudgetSummary.SessionID = SessionID
    ;
    
	UPDATE		tmpBudgetSummary
    INNER JOIN	(
					SELECT 		tmpBudgetSummary.BudgetCategoryID	AS BudgetCategoryID
								,SUM(tmpBudgetSummary.Amount)		AS CategoryActual 
					FROM 		tmpBudgetSummary tmpBudgetSummary	
                    WHERE 		tmpBudgetSummary.SessionID = SessionID
					AND			tmpBudgetSummary.BudgetTypeID = 1
                    AND			tmpBudgetSummary.TransactionTypeID = 1
					GROUP BY	tmpBudgetSummary.BudgetCategoryID
				) RS
	ON			tmpBudgetSummary.BudgetCategoryID = RS.BudgetCategoryID
	SET			tmpBudgetSummary.CategoryActual = RS.CategoryActual
    WHERE 		tmpBudgetSummary.SessionID = SessionID
    ;
    
	UPDATE		tmpBudgetSummary
    INNER JOIN	(
					SELECT 		tmpBudgetSummary.BudgetCategoryID	AS BudgetCategoryID
								,SUM(tmpBudgetSummary.Amount)		AS CategoryActual 
					FROM 		tmpBudgetSummary tmpBudgetSummary	
                    WHERE 		tmpBudgetSummary.SessionID = SessionID
					AND			tmpBudgetSummary.BudgetTypeID = 2
                    AND			tmpBudgetSummary.TransactionTypeID = 2
					GROUP BY	tmpBudgetSummary.BudgetCategoryID
				) RS
	ON			tmpBudgetSummary.BudgetCategoryID = RS.BudgetCategoryID
	SET			tmpBudgetSummary.CategoryActual = RS.CategoryActual
    WHERE 		tmpBudgetSummary.SessionID = SessionID
    ;
    
    UPDATE		tmpBudgetSummary
    SET			tmpBudgetSummary.CategoryActualVsBudget = IFNULL(tmpBudgetSummary.CategoryActual, 0) - IFNULL(tmpBudgetSummary.CategoryBudget, 0)
    WHERE		tmpBudgetSummary.BudgetTypeID = 1
    AND			tmpBudgetSummary.SessionID = SessionID
    ;
    
    UPDATE		tmpBudgetSummary
    SET			tmpBudgetSummary.CategoryActualVsBudget = IFNULL(tmpBudgetSummary.CategoryBudget, 0) - IFNULL(tmpBudgetSummary.CategoryActual, 0)
    WHERE		tmpBudgetSummary.BudgetTypeID = 2
    AND			tmpBudgetSummary.SessionID = SessionID
    ;
    
    UPDATE		tmpBudgetSummary
    INNER JOIN	(
					SELECT 		SUM(tmpBudgetSummary.Amount)	AS IncomeActual 
					FROM 		tmpBudgetSummary tmpBudgetSummary	
                    WHERE 		tmpBudgetSummary.SessionID = SessionID
                    AND			tmpBudgetSummary.BudgetTypeID = 1
                    AND			tmpBudgetSummary.TransactionTypeID = 1
					GROUP BY	tmpBudgetSummary.BudgetTypeID
				) RS
	SET			tmpBudgetSummary.IncomeActual = RS.IncomeActual
    WHERE 		tmpBudgetSummary.SessionID = SessionID
    ;
    
	UPDATE		tmpBudgetSummary
    INNER JOIN	(
					SELECT 		SUM(rsBudgetSummary.CategoryBudget)	AS IncomeBudget 
					FROM 		(
									SELECT	DISTINCT
											tmpBudgetSummary.CategoryBudget	AS CategoryBudget
									FROM	tmpBudgetSummary tmpBudgetSummary
                                    WHERE 	tmpBudgetSummary.SessionID = SessionID
                                    AND 	tmpBudgetSummary.BudgetTypeID = 1
								) rsBudgetSummary
				) RS
	SET			tmpBudgetSummary.IncomeBudget = RS.IncomeBudget
    WHERE 		tmpBudgetSummary.SessionID = SessionID
    ;
    
	UPDATE		tmpBudgetSummary
    SET			tmpBudgetSummary.IncomeActualVsBudget = IFNULL(tmpBudgetSummary.IncomeActual, 0) - IFNULL(tmpBudgetSummary.IncomeBudget, 0)
    WHERE		tmpBudgetSummary.SessionID = SessionID
    ;
    
    UPDATE		tmpBudgetSummary
    INNER JOIN	(
					SELECT 		SUM(tmpBudgetSummary.Amount)	AS ExpenseActual 
					FROM 		tmpBudgetSummary tmpBudgetSummary	
                    WHERE 		tmpBudgetSummary.SessionID = SessionID
                    AND			tmpBudgetSummary.BudgetTypeID = 2
                    AND			tmpBudgetSummary.TransactionTypeID = 2
					GROUP BY	tmpBudgetSummary.BudgetTypeID
				) RS
	SET			tmpBudgetSummary.ExpenseActual = RS.ExpenseActual
    WHERE 		tmpBudgetSummary.SessionID = SessionID
    ;
    
	UPDATE		tmpBudgetSummary
    INNER JOIN	(
					SELECT 		SUM(rsBudgetSummary.CategoryBudget)	AS ExpenseBudget 
					FROM 		(
									SELECT	DISTINCT
											tmpBudgetSummary.CategoryBudget	AS CategoryBudget
                                            ,tmpBudgetSummary.BudgetCategoryID AS BudgetCategoryID
									FROM	tmpBudgetSummary tmpBudgetSummary
                                    WHERE 	tmpBudgetSummary.SessionID = SessionID
                                    AND 	tmpBudgetSummary.BudgetTypeID = 2
								) rsBudgetSummary
				) RS
	SET			tmpBudgetSummary.ExpenseBudget = RS.ExpenseBudget
    WHERE 		tmpBudgetSummary.SessionID = SessionID
    ;

	UPDATE		tmpBudgetSummary
    SET			tmpBudgetSummary.ExpenseActualVsBudget = IFNULL(tmpBudgetSummary.ExpenseBudget, 0) - IFNULL(tmpBudgetSummary.ExpenseActual, 0)
    WHERE		tmpBudgetSummary.SessionID = SessionID
    ;
    
    -- Final totals
	UPDATE		tmpBudgetSummary
    SET			tmpBudgetSummary.TotalIncomeVsExpenseActual = IFNULL(tmpBudgetSummary.IncomeActual, 0) - IFNULL(tmpBudgetSummary.ExpenseActual, 0)
    WHERE		tmpBudgetSummary.SessionID = SessionID
    ;
    
	UPDATE		tmpBudgetSummary
    SET			tmpBudgetSummary.TotalIncomeVsExpenseBudget = IFNULL(tmpBudgetSummary.IncomeBudget, 0) - IFNULL(tmpBudgetSummary.ExpenseBudget, 0)
    WHERE		tmpBudgetSummary.SessionID = SessionID
    ;
    
	UPDATE		tmpBudgetSummary
    SET			tmpBudgetSummary.TotalIncomeVsExpenseActualVsBudget = IFNULL(tmpBudgetSummary.IncomeActualVsBudget, 0) + IFNULL(tmpBudgetSummary.ExpenseActualVsBudget ,0)
    WHERE		tmpBudgetSummary.SessionID = SessionID
    ;
    
    -- Negative flags
    UPDATE		tmpBudgetSummary
    SET			tmpBudgetSummary.IsCategoryActualVsBudgetNegative = 1
    WHERE		tmpBudgetSummary.CategoryActualVsBudget < 0
    ;
    
    UPDATE		tmpBudgetSummary
    SET			tmpBudgetSummary.IsTotalIncomeVsExpenseActualNegative = 1
    WHERE		tmpBudgetSummary.TotalIncomeVsExpenseActual < 0
    ;
    
	UPDATE		tmpBudgetSummary
    SET			tmpBudgetSummary.IsTotalIncomeVsExpenseBudgetNegative = 1
    WHERE		tmpBudgetSummary.TotalIncomeVsExpenseBudget < 0
    ;
    
	UPDATE		tmpBudgetSummary
    SET			tmpBudgetSummary.IsTotalIncomeVsExpenseActualVsBudgetNegative = 1
    WHERE		tmpBudgetSummary.TotalIncomeVsExpenseActualVsBudget < 0
    ;
    
    -- Flags
	UPDATE		tmpBudgetSummary
    SET			tmpBudgetSummary.IsExpenseFlg = 1
    WHERE		tmpBudgetSummary.BudgetTypeID = 2
    ;
    
	SELECT 		tmpBudgetSummary.KeyID 											AS KeyID
				,tmpBudgetSummary.SessionID 									AS SessionID
				,tmpBudgetSummary.TransactionID 								AS TransactionID
				,DateMask(tmpBudgetSummary.TransactionDT) 						AS TransactionDT
				,tmpBudgetSummary.TransactionTypeID 							AS TransactionTypeID
				,tmpBudgetSummary.TransactionType 								AS TransactionType
				,tmpBudgetSummary.TransactionNumber 							AS TransactionNumber
				,tmpBudgetSummary.Description 									AS Description
				,tmpBudgetSummary.Amount 										AS Amount
				,tmpBudgetSummary.Note 											AS Note
                ,DATE_FORMAT(BudgetMonth,'%M %Y') 								AS BudgetMonth
				,tmpBudgetSummary.BudgetNumber 									AS BudgetNumber
                ,tmpBudgetSummary.BudgetTypeID 									AS BudgetTypeID
				,tmpBudgetSummary.BudgetGroupID 								AS BudgetGroupID
				,tmpBudgetSummary.BudgetGroup 									AS BudgetGroup
				,tmpBudgetSummary.BudgetCategoryID 								AS BudgetCategoryID
				,tmpBudgetSummary.BudgetCategory 								AS BudgetCategory
				,tmpBudgetSummary.Sort 											AS Sort
				,IFNULL(tmpBudgetSummary.CategoryActual, 0) 					AS CategoryActual
				,IFNULL(tmpBudgetSummary.CategoryBudget, 0) 					AS CategoryBudget
				,IFNULL(tmpBudgetSummary.CategoryActualVsBudget, 0) 			AS CategoryActualVsBudget
				,IFNULL(tmpBudgetSummary.IncomeActual, 0) 						AS IncomeActual
				,IFNULL(tmpBudgetSummary.IncomeBudget, 0) 						AS IncomeBudget
				,IFNULL(tmpBudgetSummary.IncomeActualVsBudget, 0) 				AS IncomeActualVsBudget
				,IFNULL(tmpBudgetSummary.ExpenseActual, 0) 						AS ExpenseActual
				,IFNULL(tmpBudgetSummary.ExpenseBudget, 0) 						AS ExpenseBudget
				,IFNULL(tmpBudgetSummary.ExpenseActualVsBudget, 0) 				AS ExpenseActualVsBudget
				,IFNULL(tmpBudgetSummary.TotalIncomeVsExpenseActual, 0) 		AS TotalIncomeVsExpenseActual
				,IFNULL(tmpBudgetSummary.TotalIncomeVsExpenseBudget, 0) 		AS TotalIncomeVsExpenseBudget
				,IFNULL(tmpBudgetSummary.TotalIncomeVsExpenseActualVsBudget, 0)	AS TotalIncomeVsExpenseActualVsBudget
                ,tmpBudgetSummary.IsCategoryActualVsBudgetNegative				AS IsCategoryActualVsBudgetNegative
                ,tmpBudgetSummary.IsTotalIncomeVsExpenseActualNegative			AS IsTotalIncomeVsExpenseActualNegative
                ,tmpBudgetSummary.IsTotalIncomeVsExpenseBudgetNegative			AS IsTotalIncomeVsExpenseBudgetNegative
                ,tmpBudgetSummary.IsTotalIncomeVsExpenseActualVsBudgetNegative	AS IsTotalIncomeVsExpenseActualVsBudgetNegative
                ,tmpBudgetSummary.IsExpenseFlg									AS IsExpenseFlg
	FROM 		tmpBudgetSummary tmpBudgetSummary
    WHERE		tmpBudgetSummary.SessionID = SessionID
    ORDER BY	tmpBudgetSummary.BudgetTypeID ASC
                ,tmpBudgetSummary.BudgetCategory ASC
                ,tmpBudgetSummary.TransactionDT ASC
	;

	DELETE FROM	tmpBudgetSummary 
    WHERE		tmpBudgetSummary.SessionID = SessionID
    ;


END ;;
DELIMITER ;
/*!50003 SET sql_mode              = @saved_sql_mode */ ;
/*!50003 SET character_set_client  = @saved_cs_client */ ;
/*!50003 SET character_set_results = @saved_cs_results */ ;
/*!50003 SET collation_connection  = @saved_col_connection */ ;
/*!50003 DROP PROCEDURE IF EXISTS `BudgetSummarySpotlightGet` */;
/*!50003 SET @saved_cs_client      = @@character_set_client */ ;
/*!50003 SET @saved_cs_results     = @@character_set_results */ ;
/*!50003 SET @saved_col_connection = @@collation_connection */ ;
/*!50003 SET character_set_client  = utf8 */ ;
/*!50003 SET character_set_results = utf8 */ ;
/*!50003 SET collation_connection  = utf8_general_ci */ ;
/*!50003 SET @saved_sql_mode       = @@sql_mode */ ;
/*!50003 SET sql_mode              = '' */ ;
DELIMITER ;;
CREATE DEFINER=``@`` PROCEDURE `BudgetSummarySpotlightGet`()
BEGIN
	SELECT 		Budget.BudgetID
				,Budget.BudgetNumber
				,Budget.BudgetMonth
				,DATE_FORMAT(Budget.BudgetMonth,'%M %Y') AS BudgetMonthSummary
                ,DATE_FORMAT(Budget.BudgetMonth,'%Y-%m-%d') AS BudgetMonthSummaryUrl
				,Budget.CreateDT
				,Budget.CreateBy
				,Budget.ModifyDT
				,Budget.ModifyBy
				,Budget.ActiveFlg
	FROM 		Budget Budget
	WHERE		TIMESTAMPDIFF(MONTH, Budget.BudgetMonth, NOW()) <= 12
	ORDER BY	Budget.BudgetMonth DESC
	;
END ;;
DELIMITER ;
/*!50003 SET sql_mode              = @saved_sql_mode */ ;
/*!50003 SET character_set_client  = @saved_cs_client */ ;
/*!50003 SET character_set_results = @saved_cs_results */ ;
/*!50003 SET collation_connection  = @saved_col_connection */ ;
/*!50003 DROP PROCEDURE IF EXISTS `BudgetYearGet` */;
/*!50003 SET @saved_cs_client      = @@character_set_client */ ;
/*!50003 SET @saved_cs_results     = @@character_set_results */ ;
/*!50003 SET @saved_col_connection = @@collation_connection */ ;
/*!50003 SET character_set_client  = utf8 */ ;
/*!50003 SET character_set_results = utf8 */ ;
/*!50003 SET collation_connection  = utf8_general_ci */ ;
/*!50003 SET @saved_sql_mode       = @@sql_mode */ ;
/*!50003 SET sql_mode              = 'NO_ENGINE_SUBSTITUTION' */ ;
DELIMITER ;;
CREATE DEFINER=``@`` PROCEDURE `BudgetYearGet`()
BEGIN
	DECLARE MaxDT DATETIME;
	DECLARE StartDT DATETIME;
	DECLARE EndDT DATETIME;
	DECLARE i INT; 
    DECLARE counter INT;
    
	SET MaxDT = NOW();
	SET StartDT = '2016-04-01';
	SET EndDT = DATE_ADD(StartDT, INTERVAL 12 MONTH);
	SET i = 1; 
    SET counter = 3;
    
    DROP TEMPORARY TABLE IF EXISTS tmpBudgetYear;

	CREATE TEMPORARY TABLE tmpBudgetYear
	(
		KeyID		INT(10) NOT NULL AUTO_INCREMENT
        ,StartDT	DATETIME
        ,EndDT		DATETIME
        ,YearName	VARCHAR(100)
        ,YearValue	VARCHAR(100)
        ,PRIMARY KEY (`KeyID`)
	);

	WHILE i = 1 DO
        IF EndDT > MaxDT THEN 
			SET EndDT = DATE_FORMAT(DATE_ADD(LAST_DAY(MaxDT), INTERVAL 1 DAY) ,'%Y-%m-%d');
			SET i = 0;
		END IF;
        
		INSERT INTO tmpBudgetYear
		(
			StartDT
			,EndDT
			,YearName
            ,YearValue
		)
		SELECT	StartDT						AS StartDT
				,EndDT						AS EndDT
				,CONCAT('Year ', counter)	AS YearName
                ,CONCAT(DATE_FORMAT(StartDT ,'%Y-%m-%d'), '|', DATE_FORMAT(EndDT ,'%Y-%m-%d')) AS YearValue
		;
        
		SET StartDT = DATE_ADD(StartDT, INTERVAL 12 MONTH);
		SET EndDT = DATE_ADD(StartDT, INTERVAL 12 MONTH);
        SET counter = counter + 1;
	END WHILE;

    
    SELECT		tmpBudgetYear.KeyID 		AS KeyID
				,tmpBudgetYear.StartDT 		AS StartDT
				,tmpBudgetYear.EndDT 		AS EndDT
				,CONCAT(DATE_FORMAT(tmpBudgetYear.StartDT,'%b %Y'), ' - ', DATE_FORMAT(tmpBudgetYear.EndDT,'%b %Y')) AS YearName
                ,tmpBudgetYear.YearValue	AS YearValue
    FROM 		tmpBudgetYear tmpBudgetYear
    ORDER BY	tmpBudgetYear.YearName DESC
    ;
END ;;
DELIMITER ;
/*!50003 SET sql_mode              = @saved_sql_mode */ ;
/*!50003 SET character_set_client  = @saved_cs_client */ ;
/*!50003 SET character_set_results = @saved_cs_results */ ;
/*!50003 SET collation_connection  = @saved_col_connection */ ;
/*!50003 DROP PROCEDURE IF EXISTS `TransactionDelete` */;
/*!50003 SET @saved_cs_client      = @@character_set_client */ ;
/*!50003 SET @saved_cs_results     = @@character_set_results */ ;
/*!50003 SET @saved_col_connection = @@collation_connection */ ;
/*!50003 SET character_set_client  = utf8 */ ;
/*!50003 SET character_set_results = utf8 */ ;
/*!50003 SET collation_connection  = utf8_general_ci */ ;
/*!50003 SET @saved_sql_mode       = @@sql_mode */ ;
/*!50003 SET sql_mode              = '' */ ;
DELIMITER ;;
CREATE DEFINER=``@`` PROCEDURE `TransactionDelete`(TransactionID INT)
BEGIN
	DELETE FROM Transaction
    WHERE Transaction.TransactionID = TransactionID
    ;
END ;;
DELIMITER ;
/*!50003 SET sql_mode              = @saved_sql_mode */ ;
/*!50003 SET character_set_client  = @saved_cs_client */ ;
/*!50003 SET character_set_results = @saved_cs_results */ ;
/*!50003 SET collation_connection  = @saved_col_connection */ ;
/*!50003 DROP PROCEDURE IF EXISTS `TransactionDescriptionGet` */;
/*!50003 SET @saved_cs_client      = @@character_set_client */ ;
/*!50003 SET @saved_cs_results     = @@character_set_results */ ;
/*!50003 SET @saved_col_connection = @@collation_connection */ ;
/*!50003 SET character_set_client  = utf8 */ ;
/*!50003 SET character_set_results = utf8 */ ;
/*!50003 SET collation_connection  = utf8_general_ci */ ;
/*!50003 SET @saved_sql_mode       = @@sql_mode */ ;
/*!50003 SET sql_mode              = '' */ ;
DELIMITER ;;
CREATE DEFINER=``@`` PROCEDURE `TransactionDescriptionGet`(Keyword VARCHAR(100))
BEGIN
	SET @Description = '';			
	SET @TransactionDT = '';
	SET @TransactionID = '';
	SET @i = 1;

	SELECT 	RS.Description
			,RS.TransactionDT
			,RS.TransactionID
			,CAST(RS.Amount AS DECIMAL(10, 2)) AS Amount
            ,RS.BudgetCategoryID
	FROM	(
				SELECT  RSRank.Description
						,RSRank.TransactionDT
						,RSRank.TransactionID
						,RSRank.Amount
                        ,RSRank.BudgetCategoryID
						,RSRank.RANK
				FROM
				(
					SELECT  RSTransaction.Description
							,RSTransaction.TransactionDT
							,RSTransaction.TransactionID
							,RSTransaction.Amount
                            ,RSTransaction.BudgetCategoryID
							,@i := IF	(
											@Description = RSTransaction.Description, 
												IF	(
														@TransactionDT = RSTransaction.TransactionDT, 
															IF	(
																	@TransactionID = RSTransaction.TransactionID, 
																		@i, 
																	@i + 1 -- ELSE TransactionID
																), 
														@i + 1 -- ELSE TransactionDT
													),
											1 -- ELSE Description
										) AS RANK
							,@Description := RSTransaction.Description    
							,@TransactionDT := RSTransaction.TransactionDT
							,@TransactionID := RSTransaction.TransactionID
					FROM
					(
						SELECT  	Transaction.Description
									,Transaction.TransactionDT
									,Transaction.TransactionID
									,Transaction.Amount
                                    ,Transaction.BudgetCategoryID
						FROM    	Transaction Transaction
						ORDER BY	Transaction.Description
									,Transaction.TransactionDT DESC
									,Transaction.TransactionID DESC
					) RSTransaction
				) RSRank
			) RS
	WHERE	(RS.Description LIKE CONCAT('%', Keyword, '%') OR Keyword IS NULL)
    AND		RS.RANK = 1
    
	;
END ;;
DELIMITER ;
/*!50003 SET sql_mode              = @saved_sql_mode */ ;
/*!50003 SET character_set_client  = @saved_cs_client */ ;
/*!50003 SET character_set_results = @saved_cs_results */ ;
/*!50003 SET collation_connection  = @saved_col_connection */ ;
/*!50003 DROP PROCEDURE IF EXISTS `TransactionInsert` */;
/*!50003 SET @saved_cs_client      = @@character_set_client */ ;
/*!50003 SET @saved_cs_results     = @@character_set_results */ ;
/*!50003 SET @saved_col_connection = @@collation_connection */ ;
/*!50003 SET character_set_client  = utf8 */ ;
/*!50003 SET character_set_results = utf8 */ ;
/*!50003 SET collation_connection  = utf8_general_ci */ ;
/*!50003 SET @saved_sql_mode       = @@sql_mode */ ;
/*!50003 SET sql_mode              = '' */ ;
DELIMITER ;;
CREATE DEFINER=``@`` PROCEDURE `TransactionInsert`(TransactionTypeID INT, TransactionNumber VARCHAR(100), TransactionDT DATETIME, BudgetCategoryID INT, Amount DECIMAL(10 ,4), Description VARCHAR(1000), Note VARCHAR(1000))
BEGIN
	DECLARE BudgetNumber INT(10);
    DECLARE FundID INT(1);
    DECLARE IsNegativeFlg INT(1);
    
    SET BudgetNumber = EXTRACT(YEAR_MONTH FROM TransactionDT);
    SET FundID = (SELECT BudgetCategory.FundID FROM BudgetCategory WHERE BudgetCategory.BudgetCategoryID = BudgetCategoryID);
    SET IsNegativeFlg = (IFNULL((SELECT '1' FROM DUAL WHERE Amount < 0), 0));

	INSERT INTO Transaction
    (
		TransactionTypeID
        ,TransactionNumber
        ,TransactionDT
        ,BudgetNumber
        ,BudgetCategoryID
        ,Amount
        ,Description
        ,Note
        ,CreateDT
        ,CreateBy
    )
    SELECT	TransactionTypeID
			,TransactionNumber
			,TransactionDT
			,BudgetNumber
			,BudgetCategoryID
			,Amount
			,Description
            ,Note
            ,NOW()
            ,'User'
	FROM 	DUAL 
	WHERE	IsNegativeFlg = 0
    ;
    
    -- Fund Saved
	INSERT INTO Transaction
    (
		TransactionTypeID
        ,TransactionNumber
        ,TransactionDT
        ,BudgetNumber
        ,BudgetCategoryID
        ,Amount
        ,Description
        ,Note
        ,CreateDT
        ,CreateBy
    )
    SELECT	'3' -- Saved
			,TransactionNumber
			,TransactionDT
			,BudgetNumber
			,BudgetCategoryID
			,Amount
			,Description
            ,'Added to fund'
            ,NOW()
            ,'User'
	FROM 	DUAL 
	WHERE	TransactionTypeID = 2
	AND 	FundID IS NOT NULL
	AND		IsNegativeFlg = 0
    ;
    
    -- Fund Spent
	INSERT INTO Transaction
    (
		TransactionTypeID
        ,TransactionNumber
        ,TransactionDT
        ,BudgetNumber
        ,BudgetCategoryID
        ,Amount
        ,Description
        ,Note
        ,CreateDT
        ,CreateBy
    )
    SELECT	'4' -- Spent
			,TransactionNumber
			,TransactionDT
			,BudgetNumber
			,BudgetCategoryID
			,Amount
			,Description
            ,'Spent from fund'
            ,NOW()
            ,'User'
	FROM 	DUAL 
	WHERE	TransactionTypeID = 2
	AND 	FundID IS NOT NULL
	AND		IsNegativeFlg = 1
    ;
END ;;
DELIMITER ;
/*!50003 SET sql_mode              = @saved_sql_mode */ ;
/*!50003 SET character_set_client  = @saved_cs_client */ ;
/*!50003 SET character_set_results = @saved_cs_results */ ;
/*!50003 SET collation_connection  = @saved_col_connection */ ;
/*!50003 DROP PROCEDURE IF EXISTS `TransactionRecentGet` */;
/*!50003 SET @saved_cs_client      = @@character_set_client */ ;
/*!50003 SET @saved_cs_results     = @@character_set_results */ ;
/*!50003 SET @saved_col_connection = @@collation_connection */ ;
/*!50003 SET character_set_client  = utf8 */ ;
/*!50003 SET character_set_results = utf8 */ ;
/*!50003 SET collation_connection  = utf8_general_ci */ ;
/*!50003 SET @saved_sql_mode       = @@sql_mode */ ;
/*!50003 SET sql_mode              = '' */ ;
DELIMITER ;;
CREATE DEFINER=``@`` PROCEDURE `TransactionRecentGet`()
BEGIN
	SELECT		Transaction.TransactionID					AS TransactionID
				,Transaction.TransactionTypeID				AS TransactionTypeID
				,DateMask(Transaction.TransactionDT)		AS TransactionDT
				,Transaction.TransactionNumber				AS TransactionNumber
				,Transaction.Description					AS Description
				,CAST(Transaction.Amount AS DECIMAL(10,2)) 	AS Amount
				,Transaction.Note							AS Note
				,BudgetCategory.BudgetCategoryID			AS BudgetCategoryID
				,BudgetCategory.BudgetCategory				AS BudgetCategory
                ,Transaction.CreateBy						AS CreateBy
                ,Transaction.CreateDT						AS CreateDT
                ,Transaction.ModifyBy						AS ModifyBy
                ,Transaction.ModifyDT						AS ModifyDT
                ,Transaction.ActiveFlg						AS ActiveFlg
                ,CASE 
					WHEN Transaction.TransactionTypeID = 2 
						THEN 1
					ELSE NULL
				END 										AS IsExpenseFlg
				,CASE 
					WHEN Transaction.TransactionTypeID = 3 
						THEN 1
					ELSE NULL
				END 										AS IsSavedFlg
				,CASE 
					WHEN Transaction.TransactionTypeID = 4 
						THEN 1
					ELSE NULL
				END 										AS IsSpentFlg
	FROM		Transaction Transaction
	INNER JOIN	BudgetCategory BudgetCategory
    ON			BudgetCategory.BudgetCategoryID = Transaction.BudgetCategoryID
    WHERE		Transaction.TransactionDT > DATE_SUB(NOW(), INTERVAL 1 MONTH)
    ORDER BY	Transaction.TransactionDT DESC
				,Transaction.CreateDT DESC
                ,Transaction.TransactionID DESC
				,Transaction.Description ASC
	;
END ;;
DELIMITER ;
/*!50003 SET sql_mode              = @saved_sql_mode */ ;
/*!50003 SET character_set_client  = @saved_cs_client */ ;
/*!50003 SET character_set_results = @saved_cs_results */ ;
/*!50003 SET collation_connection  = @saved_col_connection */ ;
/*!50003 DROP PROCEDURE IF EXISTS `TransactionUpdate` */;
/*!50003 SET @saved_cs_client      = @@character_set_client */ ;
/*!50003 SET @saved_cs_results     = @@character_set_results */ ;
/*!50003 SET @saved_col_connection = @@collation_connection */ ;
/*!50003 SET character_set_client  = utf8 */ ;
/*!50003 SET character_set_results = utf8 */ ;
/*!50003 SET collation_connection  = utf8_general_ci */ ;
/*!50003 SET @saved_sql_mode       = @@sql_mode */ ;
/*!50003 SET sql_mode              = '' */ ;
DELIMITER ;;
CREATE DEFINER=``@`` PROCEDURE `TransactionUpdate`(TransactionID INT, TransactionNumber VARCHAR(100), TransactionDT DATETIME, BudgetID INT, BudgetCategoryID INT, Amount DECIMAL(10 ,4), Description VARCHAR(1000), Note VARCHAR(1000))
BEGIN
	UPDATE	Transaction
    SET		Transaction.TransactionDT 		= TransactionDT
			,Transaction.BudgetNumber		= EXTRACT(YEAR_MONTH FROM TransactionDT)
            ,Transaction.BudgetCategoryID 	= BudgetCategoryID
            ,Transaction.Amount 			= Amount
            ,Transaction.TransactionNumber 	= TransactionNumber
            ,Transaction.Note 				= Note
            ,Transaction.Description 		= Description
            ,Transaction.ModifyDT			= NOW()
            ,Transaction.ModifyBy			= 'User'
	WHERE	Transaction.TransactionID = TransactionID
    ;
END ;;
DELIMITER ;
/*!50003 SET sql_mode              = @saved_sql_mode */ ;
/*!50003 SET character_set_client  = @saved_cs_client */ ;
/*!50003 SET character_set_results = @saved_cs_results */ ;
/*!50003 SET collation_connection  = @saved_col_connection */ ;
/*!40103 SET TIME_ZONE=@OLD_TIME_ZONE */;

/*!40101 SET SQL_MODE=@OLD_SQL_MODE */;
/*!40014 SET FOREIGN_KEY_CHECKS=@OLD_FOREIGN_KEY_CHECKS */;
/*!40014 SET UNIQUE_CHECKS=@OLD_UNIQUE_CHECKS */;
/*!40101 SET CHARACTER_SET_CLIENT=@OLD_CHARACTER_SET_CLIENT */;
/*!40101 SET CHARACTER_SET_RESULTS=@OLD_CHARACTER_SET_RESULTS */;
/*!40101 SET COLLATION_CONNECTION=@OLD_COLLATION_CONNECTION */;
/*!40111 SET SQL_NOTES=@OLD_SQL_NOTES */;

-- Dump completed on 2017-04-01 22:23:57
